0,1.841115597,-0.825659049,-0.674836051,833
1,1.216949362,-0.027491801,-0.371119981,439
2,0.699517514,-0.162417673,-0.38661153,264
3,1.727169551,-0.879583541,-0.068397479,936
4,0.622928291,-0.166770586,0.131018555,351
5,0.646096469,-0.202496639,-0.572871381,155
6,1.369696601,0.032130407,-0.392431746,461
7,0.697057775,0.649042359,-0.579532752,155
8,0.654211674,-0.301159937,-0.705133402,110
9,0.725273653,0.413850404,-0.313954435,266
10,0.753197436,0.535195103,-0.398199062,264
11,1.525752883,-0.72442839,0.003389071,960
12,0.696583562,0.759983602,-0.654415351,155
13,1.540415039,-0.938598343,-0.005961922,984
14,0.63860392,-0.414823195,-0.752347558,90
15,0.879187475,-0.033374569,-0.230896236,362
16,0.868947301,0.416056846,-0.322986601,302
17,1.578503689,-0.982247113,0.037552123,972
18,0.720460533,-0.094121304,-0.291334201,290
19,1.594551826,-0.728843405,-0.475457766,859
20,0.545761779,-0.686771368,-0.62972907,110
21,1.442038548,-0.694818329,-0.303071398,901
22,1.279131071,-0.701667182,-0.160694651,923
23,1.426868842,-0.901227793,-0.010092696,1008
24,0.430821679,-0.563000117,-0.356094984,110
25,0.725012583,-0.371009581,-0.449381411,264
26,0.604413391,-0.596186645,-0.743519189,110
27,1.235385799,-0.332876544,-0.376045531,545
28,1.392790581,-0.209770457,-0.33321975,529
29,1.685948409,-0.949774779,0.147116822,936
30,1.310099485,-0.460001566,-0.426024607,663
31,0.422022964,-0.569192983,-0.43286141,110
32,1.859193943,-0.516275654,0.025517747,606
33,0.981606,-0.146729204,0.053857372,494
34,0.560531146,0.02458192,0.168433748,264
35,0.629080588,-0.208903822,-0.711195911,90
36,0.282585149,-0.210382053,-0.375649379,26
37,0.750007103,0.340540456,0.186774692,338
38,1.748182007,-0.933977075,0.187073174,901
39,0.573789681,0.361079467,-0.04681948,9
40,0.646458655,-0.261475408,-0.534313496,177
41,0.432066618,0.206131071,0.26849445,302
42,0.575143519,0.506637308,0.043866604,183
43,0.959969719,0.378747127,-0.306545354,338
44,0.7956154,-0.170236579,0.08349107,450
45,1.372336632,-0.406386735,0.187126918,624
46,0.822137445,0.260378137,0.264827859,379
47,0.426399174,-0.122205984,-0.115743594,133
48,0.795531585,0.373606623,0.109178272,340
49,1.420524074,-0.345065467,-0.397068411,573
50,0.614129418,-0.318257339,-0.56363473,155
51,1.675462569,-0.443979315,-0.079491477,589
52,0.492382146,-0.208772041,-0.631340429,61
53,0.888969763,0.318468139,0.08632503,373
54,1.234988827,-0.674642297,-0.328780857,899
55,3.871822827,-3.400202588,0.957950322,58
56,1.647172816,-0.932027192,0.088638086,948
57,0.629841751,0.158079433,-0.69431507,90
58,0.800103614,0.387539096,-0.530283576,264
59,0.390106399,0.067971417,-0.191600452,26
60,0.641479665,0.411583275,-0.10926417,264
61,0.870304982,0.289416188,0.184462971,373
62,0.96423065,-0.186599246,-0.242289263,450
64,0.677283972,0.283057498,-0.590992403,155
65,0.682616532,-0.121169439,-0.158546479,290
66,2.098481019,-0.904457952,-0.749573713,833
67,0.669949902,0.439428642,-0.764240056,90
68,0.65602149,0.193882941,-0.613106598,133
69,0.0634708,0.113845573,-0.01831483,8
70,1.931172816,-0.626455491,-0.307042486,775
71,0.731545534,-0.041555166,0.189598686,290
72,0.511644462,0.258165311,0.105012555,237
73,0.491203246,0.106649022,-0.603636407,26
74,1.339638769,0.063242342,-0.224143849,472
75,0.313131237,-0.372303903,-0.475400258,26
76,0.660556054,0.527859612,0.042425447,225
77,0.635395161,-0.153027783,0.200429638,264
78,0.694296768,0.508118148,-0.585292827,155
79,0.563133794,0.380001771,-0.73184188,26
80,0.707846662,0.515520382,-0.730900267,133
81,0.696420209,-0.015047114,-0.295633538,278
82,0.745403127,0.288248574,-0.432884646,264
83,0.582800212,-0.578169551,-0.51051661,155
84,0.652777446,0.002444583,-0.557167606,155
85,0.529620207,0.46884086,-0.651773901,26
86,0.477612543,0.307027137,-0.460342854,67
87,0.711454408,0.228909613,-0.292784826,264
88,1.073401399,0.329894311,-1.249751213,67
89,0.495846935,0.001023023,-0.604169346,26
90,0.761418707,0.403829838,0.31283108,300
91,0.585275698,0.281810841,0.22344783,264
92,0.351907126,-0.016438926,-0.431227376,26
93,0.644294717,0.031409818,-0.640355962,133
94,0.495556943,-0.331875734,-0.411071423,110
95,0.604550456,-0.459201584,-0.444285627,110
96,0.640312854,0.066432695,-0.179975515,264
97,0.588901998,-0.058552875,-0.59079676,133
98,0.841578316,0.202736601,0.270549642,384
99,0.929509391,0.320937141,0.113399403,373
100,0.247385036,0.112082581,-0.224195932,26
101,0.774396189,0.256541756,0.25061671,382
102,0.668351701,0.14907843,-0.224259645,264
103,0.587130791,0.033593088,0.085237565,264
104,0.650952762,0.083278529,-0.554933458,155
105,0.583370484,0.178558803,0.323568413,384
106,0.643142149,0.091165745,-0.665118815,110
107,0.361804052,0.149585647,-0.116333733,133
108,0.690614907,0.371313142,-0.745680934,110
109,0.034386791,0.024287586,-0.062548709,26
110,0.590124947,0.432145064,0.060477804,266
111,0.325351755,-0.054749942,-0.41245549,26
112,0.634092063,0.035603328,0.161137191,290
113,0.475411854,0.474025777,-0.290497668,110
114,0.621787991,-0.138485285,0.174918559,290
115,0.676375227,-0.128156703,-0.550920673,177
116,1.346840473,-0.324107448,0.07336305,589
117,0.643598627,-0.030226611,0.155099388,290
118,0.710434889,-0.298708882,0.232883757,290
119,0.112794286,0.112156067,-0.157589397,58
120,0.266036958,0.055749287,-0.338663127,18
121,0.684721365,0.051918872,-0.316417911,264
122,0.664526985,-0.04421921,-0.487359218,206
123,1.236437076,-0.133656059,-0.059219818,505
124,0.015098794,0.074010841,-0.022063435,8
125,0.645597489,-0.201058431,0.245281104,290
126,2.051580777,-0.924192488,-0.387331059,818
127,0.626513655,0.289978828,0.224476198,290
128,0.539865194,0.020431196,0.051292484,264
129,0.373570238,0.275771925,-0.119009045,133
130,0.337506619,0.441358695,-0.395325804,26
131,0.422201442,0.217820028,-0.304818663,26
132,0.585725041,-0.008080078,0.124324305,264
133,0.608980033,0.611563116,-0.735928978,90
134,0.835368721,0.158218603,0.149450493,439
135,0.336502234,0.24508602,-0.298834123,26
136,6.66827771,-11.914657091,-8.526961785,58
137,0.490445849,0.44441469,-0.178501074,12
138,0.465772875,0.329323933,0.055799759,278
139,0.56791005,0.108953287,0.097581462,264
141,0.685160388,0.080487371,0.190649906,290
142,0.737182516,0.565615783,-0.332062141,264
143,0.656687317,-0.50863407,-0.480626263,237
144,2.069288461,-0.89470595,-0.588866655,833
145,0.694966671,0.182728726,-0.318744018,264
146,0.661381811,0.225986323,-0.177677996,264
147,0.01451846,0.0763499,-0.038097351,11
148,0.579243855,0.072962253,0.068450728,264
149,0.564568996,-0.034054141,0.048855962,264
150,0.778431733,0.327136088,-0.889272655,34
151,1.413881773,-0.067773826,-0.922916214,67
153,0.557368825,0.273301352,0.2329106,265
154,0.692162795,-0.274636524,0.249216176,210
155,0.709935733,0.701435307,-0.731491488,79
156,0.614800913,0.448699917,0.005457962,210
157,0.677476005,0.29663889,-0.717522908,56
158,0.362564896,0.121527916,-0.16925067,36
159,0.41348743,-0.394844342,-0.224810614,58
162,1.19243613,0.114493808,0.104899066,342
165,0.70710498,0.420214663,-0.640594142,80
166,0.703507036,-0.549731098,-0.787708019,36
169,0.490751394,0.092200268,-0.284872904,58
170,0.663809793,0.408407421,-0.515468377,80
177,0.693338173,0.199848161,-0.506366263,131
179,0.565890297,-0.394229942,0.178862783,81
186,0.709770961,0.299977288,-0.295339384,168
187,0.693541268,-0.328085296,0.271898296,168
188,0.634643416,0.306801506,0.264714272,168
189,0.710696897,0.585143878,-0.70576325,38
190,0.643397224,-0.439336453,0.137088825,168
194,0.617967206,0.188530984,0.264247701,146
196,0.653425561,0.027721213,-0.218786277,146
197,0.571136984,0.134896877,0.120463024,146
199,1.413789801,-0.436241336,-0.418804851,545
201,0.691027435,0.104014747,-0.344139671,146
208,0.921215191,0.135727671,0.061102147,321
209,0.699317203,-0.45517338,-0.467912581,111
211,1.084715404,-0.406522215,-0.389786027,405
213,0.589443779,0.361275507,-0.026298771,124
214,0.61572259,0.190356273,-0.095085482,124
215,1.227738024,-0.509530539,-0.465959801,565
216,0.721236409,-0.288897334,0.316759632,124
217,0.568915959,-0.392196192,0.223367554,38
220,0.599792946,-0.085899279,0.088468576,124
222,0.723727547,-0.538616494,0.224803287,124
228,0.874060593,0.247704527,0.110074582,223
229,0.667451373,0.205609277,0.123406995,107
230,0.567911812,-0.485080593,-0.097093138,81
235,0.873472805,-0.304977416,-0.094948398,289
236,0.638381615,0.534386196,-0.17190802,81
238,0.53662315,-0.168354786,0.037665264,81
239,0.601158587,-0.198735146,0.150711478,81
240,1.887594604,-0.461968255,-0.072012262,376
241,0.527340135,-0.346487924,0.023355764,81
242,1.459205937,-0.402793119,-0.001181442,406
243,0.676554464,0.387330135,0.048410915,107
245,0.556199603,0.170496895,0.13855197,81
247,0.731053209,0.639036682,-0.496443466,47
249,1.210340822,-0.695156611,-0.087589069,732
255,0.646425112,0.107694724,-0.183235115,60
258,0.546232529,0.196549686,-0.006612794,60
260,0.784398474,0.456752667,-0.525851079,60
262,0.646052689,-0.200642175,0.194740732,60
264,0.654966054,0.642965391,-0.440536557,47
266,0.702153015,-0.446623486,0.266820084,33
270,0.701562182,0.528779018,0.186085344,47
272,0.78764221,-0.286680252,-0.381296162,98
273,0.607805312,0.223591383,0.211339055,74
274,0.6956605,0.424476431,-0.236721023,60
275,0.596089111,0.298591143,-0.065994629,60
276,0.551105142,0.140139189,0.085640798,60
278,1.133989236,-0.234262658,-0.270738208,290
279,0.596443103,0.118122176,-0.065151067,60
280,0.696160858,0.436386978,0.253774065,60
281,0.626180986,0.359852117,0.228219179,20
282,1.499220868,-0.753743765,-0.199984425,719
284,0.59900766,0.139462213,-0.104981672,60
285,1.3277142,-0.226350648,-0.229397187,325
286,0.683778876,-0.239827356,-0.444158958,18
287,0.779262876,-0.79145147,-0.697870021,18
289,0.615966674,-0.000873713,0.119418715,70
290,0.643369604,-0.028840702,-0.351600376,31
291,0.777501545,-1.017410781,-0.703108381,18
294,0.745038898,0.218142152,-0.484362191,20
296,0.731275588,-0.916508711,-0.465447415,33
300,1.009585259,-0.254293617,-0.2871006,222
310,0.693543705,-0.494969425,-0.342250759,53
311,0.812406792,-0.943248427,-0.630732047,18
313,0.630333496,0.29539769,0.187573681,18
322,0.691291754,0.025611073,0.201970516,18
323,0.815918322,-0.477365792,0.363610455,29
325,1.939927931,0.233763063,0.086971121,133
326,0.747100721,-0.072226997,0.140810929,89
327,0.699279258,-0.149152632,0.242789801,18
330,0.594620298,0.186110157,0.307395728,18
331,0.770681434,-0.18798889,-0.338282981,29
332,0.727444853,0.30619182,-0.227956106,18
333,1.106141411,-0.363662331,-0.233516718,286
334,0.709535255,0.425523859,-0.029460553,18
335,0.670180526,0.313367649,0.2703948,18
336,0.689100527,0.238797818,-0.021121988,18
337,0.771762578,0.198313865,-0.282508538,18
339,0.739789942,0.155348302,-0.206010264,18
340,1.022199982,0.482520771,0.356394592,29
341,0.627827094,0.024849258,0.13213672,18
342,1.552807175,-0.113782467,0.226571452,18
344,0.74015736,0.030919015,-0.234874333,18
345,0.54911959,-0.057858367,0.323050369,18
346,0.682032444,-0.231955657,0.288103592,18
347,0.697147463,0.212471244,-0.084506364,18
348,0.73509852,0.42083388,-0.16323364,18
349,0.697155492,-0.218228233,0.184717844,18
350,0.695839463,-0.196583999,0.288602022,18
351,0.709518726,0.076696799,-0.172889908,18
352,0.629925311,0.042365087,0.044491347,18
353,0.743613362,-0.176762716,0.282434314,18
354,0.977445141,-1.032128694,-0.373732413,18
355,0.631120516,-0.068680203,0.117539322,18
356,0.619889682,0.068099892,0.115797979,18
357,0.533746896,0.149779898,0.063740236,18
360,0.917605735,0.426454759,-0.23637482,67
362,0.613501761,0.035197281,0.102008665,18
363,0.715059685,0.090801408,0.148385855,41
365,1.474319749,-0.140720032,-0.328586016,243
366,0.644091371,0.16862974,0.181129112,18
367,2.142772542,0.297547995,-0.380033832,18
368,4.424278773,-2.615935027,0.975857242,18
370,0.463840524,-0.130091762,0.244177514,29
371,0.675671443,0.243938685,-0.198048466,18
372,0.826275056,0.351150771,0.084709637,78
375,0.654255333,0.08523227,-0.059944118,18
376,0.553193629,-0.087200801,0.225820463,18
377,0.609464189,-0.015259276,0.091123624,18
379,0.675204804,-0.28216134,0.291453455,18
380,0.71030854,0.160169586,-0.120917833,18
382,0.616596279,-0.388651666,0.040735978,18
385,0.744080157,-0.310020522,-0.297099829,41
394,0.732528686,-0.140031498,0.188595294,153
395,1.092157582,-0.839297431,-0.071198276,699
399,1.401115469,-1.165255119,0.310027674,749
400,1.446089013,-1.212836856,0.351954426,736
403,1.635862656,-0.857469366,0.240179967,604
408,1.800516726,-0.743535813,-0.362256664,588
410,1.430031652,-0.55821026,0.141736598,602
413,1.119749617,-0.664598313,-0.175908387,614
414,1.083276208,0.074548617,0.214659286,152
415,1.39137289,-0.038033729,0.153759277,163
417,1.787991569,-0.525225348,0.158059945,280
418,0.65332477,-0.299264036,0.269794926,64
420,0.920173905,-0.096228891,-0.149678028,130
422,0.897618837,0.01137907,0.250344126,108
424,0.708000613,0.210447625,0.36219539,18
426,1.5883608,-0.412364122,0.009029786,280
427,0.920168663,0.043830576,0.193950228,108
428,1.496861243,-0.387267005,0.060054111,280
430,0.927870993,-0.115716348,0.330833867,108
432,0.986548233,0.041326369,0.292126809,75
434,0.637281889,0.124970163,0.293083994,108
435,1.095716912,-0.131027755,0.102909719,130
436,0.994697964,0.138583593,-0.378716576,18
441,0.663111305,-0.56731945,0.007191784,53
442,0.835585588,-0.133899397,0.301037135,108
443,0.774484018,-0.192842106,0.296282182,64
444,1.973853891,0.013950832,-1.361828667,18
445,0.739579309,-0.314338036,0.417773338,97
450,1.207931519,-0.114076785,-0.298729262,174
453,0.8965531,0.076662046,0.170509948,108
454,0.951249574,-0.179216702,0.338912884,108
456,0.956321531,0.07614298,0.090303736,108
458,1.087401697,0.118856751,0.08587203,108
460,0.951565473,-0.835172395,-0.211213995,141
461,0.924982213,0.044364189,0.084698131,108
466,1.64271866,0.399245114,-0.195420158,75
467,1.629426984,-0.887951363,0.324403442,592
468,1.529241224,-1.060755348,0.203392412,675
470,0.912952415,0.217380335,0.030877475,95
471,0.791678436,-0.268040337,0.43635724,53
472,1.467787823,-0.196260284,-0.293364025,220
474,1.406439752,-1.09848891,0.12343036,737
476,0.907157992,-0.191468677,0.349596042,141
479,0.840161997,-0.343374156,-0.051256146,195
487,1.272095209,-0.360880436,0.189565724,342
491,3.075649738,-0.004595462,-0.190628591,96
492,0.772983302,-0.359674404,0.433837841,52
495,1.489971732,-0.483242422,0.202998381,303
497,1.389862127,-0.433697045,0.245497467,288
499,0.782817507,-0.157963053,0.343081625,37
500,2.51140937,-0.645013116,-0.330179676,209
502,2.055874,-1.214001572,0.579166675,81
505,0.933045628,-0.145697756,0.419134193,37
506,0.613081317,-0.276097694,0.057659806,16
508,0.779568328,-0.350538559,0.463195035,16
510,1.354470863,-0.098185568,-0.067774409,169
513,0.844242428,-0.148692469,0.418623494,37
514,1.018444355,-0.007141766,0.117196024,147
517,0.690844969,-1.181851934,-0.633591723,48
518,1.102129542,-0.070329352,0.013135154,103
519,0.941224299,0.206800798,0.197384985,26
520,0.948516351,0.168610428,0.110360336,48
521,0.938894008,0.087871199,-0.173283378,48
523,1.152135422,0.150309308,0.160833176,101
524,0.844593782,-0.144047705,0.208985484,103
527,1.153120164,-0.756224436,-0.637565393,428
536,1.669985635,-0.159759234,0.006643056,158
539,1.067855188,0.345172203,-0.12614053,37
542,0.932102986,-0.100344427,0.256341227,92
545,1.19520672,0.333921301,0.341883971,16
465,0.972131778,0.131670416,-0.159357917,37
546,1.083390878,0.293072199,-0.134876432,37
551,1.46140439,-0.680172955,0.274724335,554
552,0.700239563,-0.208639762,0.277441469,26
553,1.02205659,0.184528151,-0.223930913,37
554,0.955205791,0.239063707,0.172366659,26
555,1.044393132,-1.19771585,0.145691954,766
557,1.036966369,-0.997899848,0.107176587,706
558,1.009977874,0.368028611,-0.215690781,16
559,0.869511323,-0.310928211,0.424224893,59
561,1.645113327,-0.275752784,0.067593333,171
562,1.094854699,-0.920195272,0.13262445,688
563,1.004879474,0.196635398,-0.061639175,48
564,0.88986224,-0.001199916,-0.056093565,26
565,0.992531601,-0.857018294,0.021106326,651
567,1.784194039,-1.571486956,-0.174269958,81
569,0.645411204,-0.192164616,0.117595572,16
572,1.0726869,0.088323213,0.133654241,92
574,1.094483513,0.037280497,-0.062163596,48
576,1.014752233,-0.032594126,-0.271673169,26
579,0.59996971,-0.760952859,-0.178076319,26
580,0.824070215,-0.241564838,0.427905448,16
581,1.389733018,-0.279196706,0.017395677,193
583,0.751531598,0.016370006,0.212549734,37
584,0.588096953,-1.370312022,-0.579631818,16
585,1.491185423,-0.83351725,-0.071665185,593
587,0.65558968,-0.232252692,0.153854539,59
589,0.817665113,-1.303860263,0.085416327,859
590,0.950113299,-0.203441359,0.206570162,125
592,0.695628059,-0.203241567,0.262272926,26
595,0.881606309,-0.126288808,0.292736715,26
596,0.847320568,-0.080386219,0.131043721,16
597,0.882841593,-0.170076089,0.337076381,26
598,0.677657589,-0.335863163,0.042445812,16
601,0.941498183,-0.053691546,-0.183038973,26
605,0.853118846,-1.141960559,0.181605379,768
607,0.731752315,-0.265099183,0.085714889,16
608,1.216255023,-0.176558023,-0.309878646,92
610,0.687815913,-0.134325731,0.341678189,16
611,1.111799191,-0.207758991,0.440756427,16
614,0.800902475,-0.391172237,-0.14341664,103
618,1.593395807,-0.932541675,0.22984199,534
619,1.213546247,0.128987218,-0.068690531,16
622,1.886895353,-0.965950436,0.092864606,483
623,1.018405486,-0.692156456,-0.095854177,546
626,0.766490528,-0.252937975,0.099284623,92
627,1.094164939,-0.499176434,-0.384039449,311
636,0.927406174,-0.953304244,0.106302503,640
638,0.519076303,-0.681913431,-0.151739144,26
640,1.050183849,-0.386716552,-0.203328168,281
641,0.506041699,-1.765682295,-0.110195236,1013
645,0.718161208,-1.24477992,0.195689918,889
646,0.857447466,-0.762744469,0.031686556,584
651,0.687176022,-0.496100006,0.344281395,60
652,0.748669858,-0.283431147,0.049548614,16
653,1.605713839,-0.098761255,-0.450269013,81
655,0.731567132,-0.107542104,0.183074323,26
656,0.799865531,-0.480522581,0.387644532,59
657,0.481421085,-1.556013421,-0.072936127,987
659,0.68249439,-0.438199968,-0.102215167,94
660,1.276746939,-0.337394494,0.22756231,466
661,0.98242149,-0.639408274,-0.167134422,488
665,1.585462459,-0.182842058,0.098048059,81
666,1.383204554,-0.296405089,-0.111058607,94
670,0.768848598,-0.194586771,0.107816697,16
671,1.613432578,-0.540651598,0.355789008,154
672,1.528744427,-0.774511846,0.308164791,466
674,1.589922716,-0.543445002,0.257287413,189
677,1.736272651,-0.61590169,0.353691391,16
678,0.828526691,0.08921743,0.178826338,16
679,0.849381026,-0.163491624,0.354744609,26
681,2.205764367,-0.438556079,-0.351635343,94
682,1.667510766,-0.13763299,-0.115855678,59
683,1.469033932,-0.447337772,0.146885327,189
689,0.934608473,-0.495401316,-0.40482151,124
692,0.433010723,-1.453441563,-0.09972622,961
693,0.341065829,-1.776042438,0.182398458,1044
694,1.288727204,-0.35679269,0.24133175,439
696,0.717788405,-0.06864687,0.222425689,48
699,0.188225311,-1.900562284,0.006889091,1071
700,0.772715447,-0.909873121,0.110224715,622
701,0.589893467,-0.401179477,0.049707132,26
702,0.801429015,-0.258445645,0.317422971,59
704,0.701722438,-0.429927213,-0.107167476,102
706,0.840577788,-0.320326211,-0.095896817,37
709,1.272751643,-0.341291883,0.248359767,444
710,1.738830874,-0.498103105,0.073581197,149
711,1.568504794,-0.35845496,-0.16934838,72
712,1.260170351,-0.043819656,-0.276830873,16
713,1.577228838,-0.470804024,0.227955421,132
715,0.995402513,-0.348012389,0.21792221,116
718,1.40378812,-0.495845748,0.101684946,431
719,1.230202031,-0.106207308,0.026490139,239
721,0.86139562,-0.28097991,0.011390302,121
722,0.839301606,-0.366184922,-0.069776614,105
724,0.892859918,-1.279940326,0.20489562,752
725,0.179841577,-1.760736623,0.1982532,1058
726,0.920499994,-0.025142484,-0.022251234,16
727,1.41527939,-0.770087955,-0.157615507,468
728,1.090011851,-0.103908771,0.095035447,193
730,1.284411016,-0.326053994,-0.133324593,209
731,0.972047128,-0.125976654,0.158374299,121
732,1.153446991,-1.032748163,0.199075938,611
735,1.570251319,-0.469065567,0.142388389,156
736,1.676193788,-0.085539043,-0.228618225,26
737,1.174158572,-0.294575716,0.250972624,121
738,0.875422274,-0.731042014,-0.115164238,504
739,1.05412451,-0.550786703,-0.498684026,258
745,0.953981355,-0.709860247,-0.572790271,284
746,0.410147058,-1.544964137,0.41850737,987
747,0.634479278,-0.427890537,-0.045446872,50
748,0.762680921,-0.51667679,-0.358536622,110
749,1.332585579,-0.461741751,0.279975336,127
750,1.361712109,-0.689892497,-0.231289579,422
754,-0.850771574,-2.689541119,-0.425406782,1665
755,-1.001000256,-2.818816887,-0.246732127,1599
757,1.253673455,-0.317875936,0.246744863,411
758,1.125126244,-0.265600147,-0.262050364,55
760,0.336935923,-1.595199283,0.431085244,988
761,-0.247677127,-2.044299411,-0.340202146,1093
762,0.257652023,-0.929046559,-0.551310867,16
765,0.930214865,-0.125722726,0.127907655,88
768,1.007473123,-0.478283842,-0.21206927,317
769,0.155355919,-1.696684259,0.367044298,1025
770,0.805569065,-0.308292946,0.296948507,33
771,1.702251245,-0.748257968,-0.295197761,387
773,1.331690173,-0.258759497,-0.373823995,18
774,0.715748883,-0.28895366,0.19965538,18
776,0.983335864,-0.157254056,0.064958236,131
777,-0.294355585,-1.90368876,0.317667078,1115
778,0.725794868,-0.411581991,-0.111958766,77
779,1.178348557,-0.196424631,0.107914213,179
780,1.506675977,-0.299864743,-0.258651973,251
781,-0.921358717,-2.461285073,0.226725551,1423
782,0.871806155,-0.574165185,-0.095841522,424
783,1.387136675,-0.479147963,-0.39111608,183
784,-0.938683469,-2.595444325,0.292979362,1378
787,0.914919099,-0.19820223,0.045314603,100
789,0.464788775,-0.663928428,-0.481540322,49
790,-1.001807681,-2.670457795,0.113053001,1389
791,1.035863614,-0.337829406,-0.107909553,86
792,0.326573717,-0.780114489,-0.444608209,22
794,0.833741694,-0.526597219,-0.440451039,86
796,0.214271917,-1.278298765,-0.219902274,855
797,0.523431301,-0.614546321,-0.328790368,22
799,0.835289806,-0.383648029,0.269149644,51
801,0.455031325,-0.942219497,0.407292549,22
803,1.504733846,-0.331604505,-0.44546762,22
804,1.30151114,-0.27236811,0.026033959,268
805,-1.073483491,-2.877427746,0.474383493,1328
807,1.114442146,-0.198306352,0.118013558,139
808,-1.002870353,-2.587225479,0.284453487,1328
809,1.976464992,-0.623970734,-0.806025643,185
811,1.702960634,-0.76984179,-0.636863727,268
815,-1.010082784,-2.424898265,0.18254581,1292
818,-1.010344881,-2.554766779,0.426069685,1292
819,0.710982796,-0.493650776,0.254116233,40
822,1.270757104,-0.272613324,0.039634832,267
823,1.410325165,-0.489318151,-0.547243817,82
825,0.567869713,-1.019869571,0.199640287,591
828,1.033799587,-0.20207466,-0.01531822,110
831,-0.976782468,-2.386469186,0.320206084,1255
835,-1.004377473,-3.002259085,0.421101493,1321
838,0.700317345,-0.427374439,-0.236475122,62
840,0.749944713,-0.709056192,-0.043197086,399
841,1.601178875,-0.457453158,-0.568992298,62
843,0.745707485,-0.411715718,-0.235499257,108
844,0.585547375,-0.660752313,-0.527810551,154
845,0.932706351,-0.179188925,0.053878775,44
846,0.813663788,-0.326584733,-0.25515543,110
847,0.400743153,-0.59157014,-0.571079054,66
848,0.256159074,-1.356606643,-0.151666282,810
854,0.945987847,-0.584063035,-0.273909101,287
858,0.858480695,-0.385294113,-0.109993863,110
860,1.054231754,-0.111644429,0.084963028,47
861,1.153598326,-0.402696011,-0.2493495,63
862,1.142540564,-0.325411446,0.136412833,258
863,1.90462916,-0.590714238,-0.109871197,28
865,0.731027705,-0.447242244,-0.18251456,91
867,1.214557326,-0.333776867,-0.085785625,149
868,-0.953122085,-2.382846645,0.441686262,1211
870,0.934471056,-0.252706564,0.195559571,27
872,0.335389192,-0.637115917,-0.749291192,29
873,1.046062567,-0.0820161,0.134907086,43
874,0.319507416,-0.629434944,-0.415006608,29
875,-0.801762526,-2.228422562,0.586404675,1158
876,-0.905135786,-2.295625794,0.608617767,1136
877,-0.091363742,-1.656070433,0.383540233,916
879,0.150625587,-0.682775867,-0.814235201,29
882,-0.922760417,-2.290572472,0.516425289,1158
883,0.398375532,-1.310257945,-0.06504167,759
884,1.605844296,-0.848778186,-0.036202692,304
886,-0.500366139,-2.079950098,-0.065316198,1015
888,1.61709223,-0.607028125,0.196633452,51
889,1.787440503,-0.95853552,0.234998062,216
891,0.92375273,-0.560521022,-0.517835213,68
894,0.659006555,-0.567099144,-0.668575989,68
897,1.511381909,-0.727546286,-0.344247927,243
898,1.808319522,-0.575492267,-0.677310332,83
899,1.526700103,-0.707736282,-0.493587652,190
908,-0.944166158,-2.847928425,-0.581275927,1441
916,1.671265712,-0.492261194,-0.608710448,35
919,1.264295926,-0.26522297,0.06835147,148
925,-0.834698375,-2.225178954,0.260609344,1254
927,1.238337174,-0.551398561,-0.251688093,105
929,1.495727707,-0.873548041,-0.003444315,312
934,1.631063534,-0.852758239,-0.766530847,134
938,1.313245988,-0.509992534,-0.587830975,38
939,1.302797048,-0.079941279,-0.114861055,34
940,2.133219527,-0.784766695,-0.138669273,55
941,2.332004228,-0.989677191,-0.327445276,67
945,1.610993659,-0.89612877,0.007530547,259
950,0.871387621,-0.322036155,-0.392863095,36
952,0.70371301,-0.613226451,-0.379406817,50
954,1.82776869,-0.668371002,0.075331353,72
955,1.782335632,-0.466444034,0.058788919,50
959,-0.99384318,-2.494623293,-0.129132243,1296
960,1.246155534,-0.318831184,0.06377404,86
961,2.348095894,-0.953198422,-0.075854335,20
964,1.409148913,-0.502526421,-0.464821543,33
972,1.257375793,-0.698675522,-0.694129398,33
973,1.09575635,-0.245166597,-0.046335013,20
974,-0.840176737,-2.210815609,0.402878131,1085
975,1.311444224,-0.291415319,0.067114348,100
976,1.168577557,-0.477181612,-0.182425681,100
979,1.461038495,-0.755790887,-0.524305677,125
980,1.028715729,-0.753536666,0.510252874,345
981,2.001413671,-1.071566194,0.075288863,55
983,2.249685624,-1.009034617,-0.592280407,99
987,1.263728199,-0.312554509,0.068064119,55
988,1.742417289,-0.752148478,-0.41731176,153
989,1.813675732,-1.015978802,0.307535946,138
990,0.60272958,-0.914999635,0.136523419,390
991,0.722840986,-0.812358462,0.235655702,18
996,0.933266678,-0.632923486,-0.552113789,43
999,0.94632005,-0.863402988,-0.615871794,43
1001,1.050560917,-0.638936428,-0.44106477,126
1004,-1.075120575,-2.5555442,-0.121530579,1112
1006,1.264955358,-0.438144721,0.043660407,126
1007,1.537257609,-0.746282968,-0.177201675,190
1008,1.350398377,-0.707309014,-0.035006414,190
1009,0.608111515,-0.748791693,-0.041373499,262
1012,1.019239686,-0.799951445,-0.103266879,226
1013,1.058693762,-0.688466665,-0.661698504,18
1015,2.352368579,-1.047039235,-0.780521574,46
1021,0.694711209,-0.615940635,-0.188407131,166
1023,1.938480465,-0.833111585,-0.764772823,48
1026,1.138914901,-0.288755498,-0.03504498,34
1027,1.305928887,-0.594686889,0.247723241,102
1030,1.447878538,-0.744725766,-0.662052914,35
1032,0.68294738,-0.606836317,-0.644193608,63
1033,0.579303669,-0.689100784,-0.309139501,22
1037,0.485284327,-0.724832963,-0.114974924,211
1041,-0.07063078,-2.288255928,-0.460361925,797
1043,1.25983643,-0.654570536,-0.218185465,115
1045,1.341398183,-0.724971722,-0.601072783,36
1050,1.000651721,-0.584122503,-0.356021839,71
1051,0.595850782,-0.603351838,-0.204929598,45
1059,1.049232284,-0.832966815,0.01173877,181
1065,1.133405379,-0.279459859,0.218652644,45
1066,1.244788939,-0.312851932,0.237713802,45
1067,1.080833355,-0.302015392,0.135713052,45
1068,1.065046618,-0.325000587,0.195069062,45
1073,0.515850168,-0.551841599,-0.553806985,45
1075,0.513666391,-0.526123891,-0.433207258,60
1076,0.531493074,-0.59481507,-0.690777666,20
1077,0.909096204,-0.607606287,-0.421670023,58
1081,0.779004633,-0.679615437,0.053974465,157
1083,0.06907283,-1.64924545,0.431550389,701
1084,1.249422731,-0.352914034,0.296467251,74
1086,1.026421147,-0.3811393,0.224528257,58
1088,1.110723576,-0.310587806,0.136548265,45
1091,0.931244324,-0.371768362,0.045648139,32
1092,1.485835588,-0.750233517,0.358318527,61
1093,0.512145166,-0.545785089,-0.283288755,47
1094,0.994549781,-0.361070952,0.080314927,32
1095,0.991607415,-0.465138096,0.423565269,96
1096,0.635200905,-0.549092214,-0.361997151,61
1098,1.216563148,-0.898959238,0.292671643,239
1101,1.836073133,-1.07386382,0.380964055,20
1102,0.481614946,-0.581603512,-0.230411842,34
1103,0.136494401,-1.14231738,-0.204584836,526
1104,-0.876168798,-2.258840689,0.286128332,1005
1105,1.30877813,-0.70764611,-0.460691218,20
1106,-0.838174007,-2.077136392,-0.057158011,840
1107,1.226931247,-0.63657236,-0.220675031,48
1111,0.064774425,-1.915222182,-0.203847917,662
1113,-0.873730077,-2.340876461,0.076698558,992
1117,1.216595051,-0.354803545,0.307495254,19
1122,0.038177867,-1.723008728,0.429096581,642
1130,0.831913865,-0.969704039,0.141090876,197
1134,0.99818718,-0.506582107,0.471457446,75
1135,-0.793076546,-2.195714638,0.115776156,851
1137,0.987454577,-0.996301009,0.143708961,182
1139,1.390009778,-1.017053927,0.011784908,136
1144,-0.654592811,-1.805918115,0.124774936,752
1145,0.52938558,-1.438563615,-0.209935066,468
1147,0.277008157,-0.59205307,-0.449522344,16
1148,-0.713061295,-1.837175344,0.263219984,752
1149,-0.552554758,-1.652856904,-0.180503521,697
1151,-0.746711712,-1.908628747,0.380648491,774
1152,0.93317347,-0.464082007,0.357593373,39
1154,-0.492534264,-1.697586952,0.214799167,741
1158,0.273299879,-1.487900961,0.013899963,544
1162,0.295431473,-0.923527923,-0.116376205,201
1164,-0.803988719,-1.843843909,-0.106966655,741
1165,1.35806876,-1.21114128,0.361015025,156
1169,-1.037015608,-2.184733898,0.148828136,840
1170,1.62725443,-0.774891276,-0.170844951,28
1171,1.27839051,-1.055891372,0.211033328,156
1172,0.294639593,-0.740259182,0.0344612,52
1173,0.837635158,-0.480390215,0.41603694,16
1174,1.324076595,-0.70558287,-0.13292288,16
1175,0.308163705,-0.736845794,-0.059178782,52
1176,-0.910247195,-2.437564737,0.250580507,1054
1181,1.056018561,-0.747626668,0.48771574,145
1182,-0.551387545,-1.992600392,-0.243304582,719
1183,1.050297806,-0.780067782,0.526365921,145
1184,0.610873132,-1.125349613,0.465437736,415
1190,0.886533297,-0.97531022,0.659970431,255
1191,0.257851973,-1.687399303,0.361503056,583
1192,1.026792701,-0.741277048,0.525201887,160
1194,0.85685454,-0.94502285,0.663166529,255
1196,1.037341713,-0.781573066,0.518503281,160
1197,1.338556401,-0.546700702,0.450968197,29
1198,1.411134495,-1.231901251,0.541532193,114
1202,0.627506618,-1.655518937,-0.22744208,474
1203,1.565943217,-1.005423372,0.42841138,29
1205,0.850537955,-0.889452861,0.672580862,225
1206,0.195056587,-0.870056152,-0.150690364,163
1207,0.327162237,-0.681242282,-0.27012757,53
1209,0.607786744,-1.642318003,-0.047465795,491
1212,-0.517322915,-0.898267015,-0.799051504,29
1213,0.99013911,-1.066950179,0.621349199,163
1214,1.05164387,-1.357870936,0.672168352,166
1216,0.388151408,-0.808660154,0.520054739,18
1217,-0.847741981,-1.822486079,-0.003541315,717
1219,1.128986788,-0.863561523,-0.013443371,65
1223,1.336259985,-1.162741386,0.301932911,121
1224,0.90987749,-0.772323599,0.046002035,65
1225,1.403966363,-0.916451255,0.537278781,18
1228,0.575019358,-0.669391061,-0.134304593,41
1230,0.971821486,-0.510198641,0.469340148,18
1233,0.860063051,-0.648513747,0.469046518,91
1235,-0.691667479,-1.947564252,0.32219074,716
1238,0.168989445,-1.358468482,0.056326936,482
1239,-0.642663381,-1.816624106,0.365955548,716
1240,0.473629472,-1.505697558,0.393177371,497
1241,1.400371711,-1.206914929,0.489105451,78
1242,1.337064054,-0.928041628,-0.116682326,41
1243,0.374472975,-1.432200521,-0.026707969,467
1244,-0.941159976,-2.511293505,0.369883215,925
1247,0.954324592,-0.797028462,-0.004726425,53
1248,-0.036944291,-1.142285578,-0.241171201,452
1250,-0.87019835,-1.72660353,-0.291627923,660
1251,1.022113632,-1.081686726,0.189045206,142
1256,0.859546806,-0.579249557,0.434400951,53
1260,1.02250919,-1.564766471,0.540766741,205
1261,0.078330004,-0.913308946,-0.024993142,115
1263,0.682116709,-0.80402996,0.581125534,85
1266,0.795478996,-0.751459939,-0.001419528,29
1267,0.308377929,-1.830075609,0.084224373,523
1268,-0.727828805,-1.762213996,0.148941238,681
1270,0.146690012,-1.249816183,-0.211509891,414
1271,0.257857932,-0.870612679,-0.007146037,115
1272,0.052347419,-0.803873517,-0.011595624,41
1274,1.017043963,-1.521293493,0.467526365,193
1275,1.218872246,-0.933703319,0.0054377,43
1276,1.338133504,-1.143571522,0.256729602,85
1277,0.625879813,-0.877360795,0.54274738,289
1279,-0.859600372,-1.708118898,-0.118575377,647
1280,0.664181782,-0.892265236,0.60885763,259
1281,0.415669609,-1.675249884,0.007888875,463
1282,0.830392985,-0.594261018,0.47323187,42
1283,-0.316874261,-1.935546262,-0.277615268,603
1285,0.695618679,-0.99722143,0.229244055,179
1289,0.691807142,-0.875662097,0.071543406,61
1291,0.980853079,-1.079007001,0.180812222,106
1292,0.860540467,-1.001071494,0.066882844,76
1293,0.844731865,-0.931545687,0.669689422,171
1294,1.052923462,-0.650510427,0.463721959,30
1300,0.720449608,-0.776230295,0.550170262,46
1301,-0.657307206,-1.966353852,-0.207844086,631
1302,-0.876387697,-2.273168561,0.215467812,906
1314,-0.816455522,-1.975481337,0.253778082,642
1316,0.901757325,-0.761241293,0.553966629,65
1318,0.477364613,-0.893341642,-0.060710498,50
1320,0.783368877,-0.968466817,0.170238638,80
1322,0.744864074,-0.896876045,0.197574374,18
1323,0.57067037,-0.799166079,0.575886646,18
1324,0.817596212,-0.775786228,0.473679102,50
1325,1.221566302,-1.199941406,0.657635096,18
1326,0.915052326,-1.328484914,0.716858323,141
1327,1.375288374,-1.216180305,0.40414763,18
1328,-0.832396643,-2.550984244,-0.310588869,1125
1331,1.041228947,-1.359159098,0.723765656,68
1332,0.780640448,-1.079560001,0.179172733,113
1342,0.381472263,-1.478198911,0.386779701,422
1343,0.374795428,-1.595769549,-0.048138082,381
1346,-0.619359276,-1.797422397,0.309597653,600
1348,-0.183681144,-1.45564726,-0.173594115,443
1351,-0.55025957,-1.645522253,0.21831708,567
1354,0.595312246,-0.782367005,0.458971686,209
1355,0.723637258,-0.928006085,0.244701885,68
1359,-0.107101163,-0.878831965,-0.054328296,101
1361,-0.690958326,-1.862841218,-0.195877299,567
1364,0.006186196,-0.877460995,0.124538035,86
1367,-0.646304794,-1.617190432,0.244636645,530
1369,-0.330670563,-1.560781215,0.292373719,530
1374,-0.718657297,-1.571714385,-0.034432751,530
1378,-1.387766957,-2.659357348,-0.333932916,695
1380,1.056776351,-1.299974142,0.583954743,24
1381,0.926826379,-0.762849363,0.605518802,24
1384,0.356666032,-1.659790335,0.302874629,377
1385,-0.353055479,-1.524932513,0.224685101,515
1386,-0.713444393,-1.483706254,-0.135416765,504
1387,0.766908072,-1.102149059,0.433549142,164
1388,0.492635903,-0.890467783,0.427172983,233
1389,-0.233173042,-1.518072054,0.25627974,515
1394,0.771463729,-1.040747745,0.525273492,164
1396,0.257558626,-1.690747404,0.328977586,401
1397,0.76268535,-1.097979411,0.494142299,164
1398,0.749489196,-1.014734567,0.481603014,164
1399,-0.976187665,-2.623246522,0.217859798,801
1404,0.036683628,-0.941289465,-0.025496312,203
1405,-0.215684748,-0.798458821,-0.138858819,56
1407,-0.392912449,-1.477730398,0.177562052,489
1408,-0.317493224,-1.505120721,0.266354503,489
1409,-0.178803712,-0.809482088,0.017692786,56
1410,0.235397253,-0.90060157,-0.020575701,56
1411,-0.280681837,-1.514237756,0.21872855,500
1413,0.795832781,-1.214988161,0.223887899,149
1419,0.895353646,-1.24070756,0.668720414,56
1420,0.450778085,-1.319429368,-0.099766586,263
1422,0.815028613,-0.899230482,0.593792164,88
1426,-0.343178311,-1.435665687,0.216495373,463
1428,-0.297154871,-0.978104029,0.085498803,308
1429,-0.065514459,-0.739919046,0.126429988,41
1436,-0.123237858,-1.475749963,0.36833065,419
1437,0.319120359,-1.545232836,0.434917173,359
1438,-0.527293889,-0.63618504,-0.500918813,41
1440,-0.467454648,-1.452589238,0.213120363,463
1442,0.894710722,-1.291618428,0.131736016,71
1443,-0.680964976,-1.134797852,0.068394502,401
1444,0.55042943,-0.787677805,0.68011538,22
1446,0.446434146,-0.858405144,0.333294962,86
1450,0.657661815,-0.784985434,0.559748588,78
1451,-0.168979018,-1.423456591,0.286403875,411
1454,-0.15509402,-1.618107454,0.360535525,389
1456,0.857727422,-0.728759713,0.614262505,16
1459,0.518853493,-0.791386539,0.41169784,145
1460,0.676028922,-0.936568727,0.61213323,67
1462,0.448766453,-0.782978544,0.424589237,52
1464,0.558315054,-1.503933747,-0.185612477,196
1465,0.39551341,-0.74081751,0.530301533,37
1466,0.491302753,-0.787223248,0.437206846,151
1468,0.66752132,-0.917645938,0.612734873,67
1469,0.085450597,-1.223022128,-0.150427012,226
1471,0.166302158,-1.338753531,-0.169076274,226
1472,-0.149761179,-0.896865186,0.045012249,22
1473,-0.110648259,-0.740702769,0.090898423,97
1474,-0.222612653,-0.876257693,-0.124364051,22
1477,0.128223347,-0.921473381,-0.075946083,52
1478,-0.271358431,-0.801434628,-0.207973019,52
1479,0.804069098,-1.050215861,0.475501848,37
1480,0.55123544,-0.82479364,0.480409353,52
1481,-0.795199203,-3.060290341,-0.451522804,961
1482,0.531313,-1.016094061,0.322818692,37
1483,0.369009509,-1.264338565,-0.1173222,196
1484,0.734725331,-1.028872754,0.628434028,67
1485,0.661379572,-1.014131129,0.562765461,97
1487,-0.191063867,-0.807680522,-0.000345437,136
1488,-0.406259062,-0.665051555,-0.054220673,37
1491,0.488969585,-1.382212296,-0.199069473,153
1493,-0.185940959,-0.870339191,-0.107846288,92
1494,-0.091436356,-0.894471164,0.050634089,86
1495,0.294935153,-0.704828724,0.452922859,38
1497,0.767985057,-1.315483778,-0.024974412,24
1498,0.468809802,-0.760186765,0.427414301,92
1500,0.663978946,-1.457579928,-0.260185265,92
1501,0.386172132,-1.343613458,-0.253842301,123
1503,-0.251371636,-1.332879625,0.259061677,319
1505,-0.145933889,-1.031487624,-0.353413659,136
1506,-0.220872096,-0.801268644,-0.174093713,62
1507,0.228149053,-0.936820075,-0.109143314,40
1508,0.301617175,-0.773687568,0.304021387,24
1516,0.301013863,-1.11862558,-0.205240786,79
1520,-0.82306422,-0.514555976,-0.416879724,47
1521,-0.49501855,-1.611173645,0.2703289,328
1523,0.347271238,-0.691079592,0.339410958,48
1526,-0.006978756,-0.952596355,-0.353455851,63
1527,-0.002879263,-1.356703975,0.33003348,271
1528,0.410173832,-1.091408917,-0.132056944,48
1529,0.479371006,-0.721693319,0.412338861,46
1530,0.462750721,-0.738451285,0.413981458,46
1532,0.25437079,-0.99343376,-0.192520902,46
1539,-0.586780586,-1.572643256,0.143123791,303
1540,0.241715968,-0.720758064,0.32503805,22
1546,0.703428438,-1.611747289,-0.191975808,49
1556,0.040269716,-1.036738238,-0.306677874,35
1559,-0.709181824,-1.869800373,-0.050686009,319
1560,-0.443112631,-1.056567247,-0.350387998,63
1561,-0.606578469,-0.96376735,-0.192173399,63
1563,-0.719890928,-0.766437793,-0.46768004,63
1564,-0.733899737,-0.881719556,-0.453070137,63
1565,-0.748043391,-0.777113721,-0.262621362,63
1567,-0.36908821,-1.266270221,-0.289917932,170
1568,-0.631681354,-0.866390111,-0.260899316,63
1569,0.233233258,-1.126358561,-0.205978569,22
1571,0.450845974,-1.460237472,0.478476593,110
1572,0.191628356,-1.440811752,-0.150601331,78
1573,-0.401081169,-1.429865039,-0.107644414,206
1574,0.244137331,-1.265010953,0.470478428,93
1575,0.019679831,-1.37196062,0.342858842,230
1576,0.062797804,-1.367951686,0.334159801,223
1578,0.222689778,-1.261681103,0.470478928,122
1580,0.150716353,-1.104736454,-0.272349555,22
1581,0.550722831,-1.583305604,-0.111229125,65
1583,-0.651736836,-2.166756536,0.071099272,382
1584,0.527939576,-1.713619949,0.103477618,95
1585,0.35460753,-1.036689163,0.381576571,51
1588,0.006798232,-1.39587678,-0.101165979,96
1590,-0.480423902,-1.367874096,-0.217716556,178
1595,-0.400618906,-1.05526107,-0.045593642,50
1599,-0.622092045,-1.774460501,0.332911395,241
1600,0.226959526,-1.444357782,0.391754112,140
1602,-0.470266504,-1.668423928,-0.214433448,197
1603,-0.993370013,-2.4712283,0.265706664,483
1604,0.458765415,-1.476922751,0.43772761,68
1605,0.30685081,-1.514376591,0.035825271,68
1606,0.065576786,-1.731241535,0.431673876,153
1612,0.164828917,-1.518359947,0.440791661,99
1613,0.366664506,-1.688925003,0.259859229,75
1614,-0.662443797,-1.193292303,-0.040271185,147
1616,-0.410722598,-2.088971221,-0.248587871,222
1617,-0.361703093,-0.928936409,-0.002553163,22
1623,-1.05765634,-2.397907785,-0.030486627,662
1624,-0.33533216,-1.3930587,0.19496223,167
1625,-0.786158248,-1.697102585,0.00805882,222
1626,-0.289065991,-1.509783183,0.201103585,200
1629,-0.828844543,-0.914250052,-0.315470516,23
1630,-0.317207638,-1.482523596,0.219476863,189
1633,-0.092269429,-1.659553906,-0.142856235,112
1634,-0.629741681,-1.660381816,0.163936895,222
1635,-0.724783273,-1.812955053,0.040223544,233
1636,-0.761277309,-0.81395496,-0.355903892,22
1637,-0.427674143,-1.321938432,-0.009242783,134
1638,0.537787344,-1.721805443,-0.025157471,22
1639,-0.921621017,-2.588958174,0.336663263,519
1643,0.458565684,-1.742634302,-0.025477738,20
1646,0.173599123,-1.629426354,0.468933935,69
1650,-1.017600616,-2.532473316,0.349599924,409
1652,0.291128558,-1.455433282,0.484801597,18
1653,-0.651399396,-1.112673744,-0.083503002,101
1654,-1.010927979,-2.734211834,-0.182723841,499
1655,-0.587781856,-1.21147397,-0.094563222,101
1656,0.209075937,-1.277967875,0.401415301,18
1658,-0.45680625,-1.620320107,0.229234783,178
1662,-0.545735544,-1.363921028,0.041797501,134
1663,0.242721662,-1.562873345,0.513259543,18
1666,-0.265394176,-1.35896813,0.233030395,123
1667,-0.352109046,-1.726125901,-0.243365524,123
1668,-0.557812705,-2.244284357,0.236368205,321
1669,-0.66405831,-1.116658476,-0.018791312,89
1670,-0.536405347,-1.199131194,-0.153370343,100
1679,-0.228369989,-2.250590235,-0.357250519,177
1681,-0.153241608,-1.557136343,-0.139227536,67
1682,0.076830438,-1.459190548,0.459736958,29
1683,-0.545346263,-1.612565654,0.226966177,166
1684,-0.167425489,-1.371453531,0.242910565,111
1688,0.275634052,-1.788170008,0.184731039,29
1690,0.228255983,-1.595043646,0.405492537,41
1691,-0.446769185,-1.204996389,-0.015481046,88
1692,-0.259447943,-1.226606883,0.430699436,29
1695,-0.683854785,-1.951522454,0.279176478,198
1696,-0.205728456,-2.242163793,-0.217156213,175
1697,-0.715185612,-0.988614153,-0.187139449,54
1699,-0.496502526,-1.145862716,-0.238120275,54
1702,-0.622372559,-2.227631895,0.061438831,406
1707,-0.320233903,-1.396049644,0.237992511,86
1708,-0.460585978,-1.721774361,-0.217353614,97
1710,-0.764257486,-1.566616508,-0.124699508,119
1711,-0.589527146,-1.768111831,0.300108763,174
1712,-0.907336954,-2.398233697,0.539710236,328
1713,-0.282177242,-1.276188295,0.259034975,53
1714,-0.819542045,-0.997277105,-0.029954457,19
1718,-0.94180185,-2.587224207,-0.232885876,439
1720,-0.730034899,-1.494809045,-0.240990955,85
1723,0.006209009,-1.317878391,0.373030084,24
1725,-0.638976831,-1.055222187,-0.238138744,16
1726,-0.88991586,-2.686317461,0.407604791,400
1733,-0.801162859,-2.134798188,0.015730478,191
1734,-0.548915024,-1.22950906,-0.130322056,16
1736,0.095237419,-1.369798004,0.330396947,16
1737,-0.430821103,-1.385356601,-0.110649619,16
1741,-0.228868183,-1.293861318,0.241793679,16
1742,-0.88104623,-1.816487698,-0.106837134,125
1744,-0.702446928,-1.152939217,0.005308371,16
1746,-0.873166608,-2.432555223,0.328433136,413
1749,-0.187687464,-2.12847563,-0.365772209,48
1750,-0.355587528,-2.242615394,0.142798314,213
1755,-0.567920188,-1.98234725,-0.129885158,103
1757,-0.219673401,-1.968783068,-0.355341407,26
1758,-0.319538231,-2.148949319,-0.304837983,81
1759,-1.013457283,-2.456615976,0.333271101,301
1765,-0.531511889,-1.540369437,0.236616989,48
1766,-0.286937084,-1.377393184,0.170250439,26
1769,-0.630565812,-2.202848258,0.143846461,191
1771,-0.510351877,-2.206279377,0.153921794,191
1779,-0.829665999,-2.472632412,0.427034695,356
1781,-0.880274353,-2.329503017,0.257143981,407
1783,-0.694285914,-1.440050233,-0.298928407,16
1784,-0.09272043,-1.434796149,0.300621694,32
1785,0.015216676,-2.457080751,-0.585629289,16
1786,-0.436556142,-1.342897874,0.035275636,16
1787,-0.647254927,-1.361586406,-0.089027616,16
1790,-1.035285482,-2.327317552,-0.023466336,521
1792,-0.936816356,-2.497872116,0.0816661,459
1793,-0.324687293,-1.557934875,0.174094092,16
1794,-0.710106336,-1.92738295,0.186331253,103
1800,-0.885589868,-2.148888757,0.130599817,422
1801,-0.249265684,-1.919983293,0.294285214,48
1803,-0.711039674,-1.784147433,0.363971846,48
1804,-1.110959285,-2.867028364,-0.015271499,323
1805,-0.978811966,-2.313155614,0.117864496,477
1806,-1.201203057,-3.66952095,0.632256979,312
1809,-0.852076693,-2.312610867,0.293743997,396
1811,-0.729234461,-1.737948896,0.338023378,37
1813,-0.846106522,-2.346905091,0.559390908,246
1815,-0.747129508,-2.937529189,-0.3339427,576
1816,-0.52034986,-3.061299556,-0.471094046,686
1817,-1.193851897,-2.640842149,-0.2617089,257
1820,-1.030000314,-2.4957515,0.021909304,488
1821,-0.819350702,-2.265019445,0.629402593,202
1822,-0.768699853,-2.227502527,0.175444045,180
1823,-0.958086639,-2.435605475,0.222191472,301
1824,-0.512056166,-1.462074127,0.037079588,16
1826,-0.776839554,-2.118367406,0.276338257,312
1828,-0.847719131,-2.249831476,0.557684052,202
1829,-0.883499628,-2.287259714,0.616663803,202
1832,-0.670436114,-1.809652696,0.378193211,26
1833,-1.012242912,-2.360214184,-0.037932433,521
1834,-0.236484785,-2.043974186,0.353399044,26
1835,-0.84470521,-1.644119724,-0.165448803,26
1839,-0.282367554,-1.940138379,0.341565058,26
1841,-0.903282647,-1.721647598,-0.227843108,37
1842,-0.726681234,-1.850994945,0.213823947,81
1843,-1.025473571,-2.822469782,-0.316457061,488
1845,-1.35180174,-2.728730451,0.682899322,158
1848,-0.714407015,-2.136629786,0.093236275,363
1853,-1.145011036,-3.153592939,0.627940663,268
1854,-0.842233205,-2.26316237,0.676416853,169
1855,-0.808198509,-2.700565028,-0.2072042,569
1856,-0.447337831,-2.128042004,-0.101721515,59
1857,-0.539785164,-2.05869898,-0.229882022,37
1858,-0.257839806,-1.972046665,0.348752234,16
1859,-0.935146182,-2.595724233,0.259307045,312
1860,-1.024604062,-2.275932092,0.112873956,466
1863,-0.604978818,-1.789739999,0.114725149,26
1864,-0.792393559,-2.078805571,-0.050114477,419
1868,-1.013756056,-2.297601645,0.134548225,466
1871,-1.417360647,-2.838981751,0.793020339,136
1872,-1.041174372,-2.200399376,0.108613465,466
1875,-0.988179979,-2.243957758,0.142984026,444
1876,-1.035748736,-2.285071066,0.082297371,455
1878,-0.457778118,-2.066281784,-0.180771807,16
1879,-0.604202237,-2.156110187,0.306366129,202
1880,-0.178270494,-1.999196059,0.199306415,16
1887,-0.828549863,-1.979073072,0.294915904,37
1889,-0.490912117,-2.169334848,0.293573705,191
1892,-0.174510344,-2.083349295,0.294082376,16
1893,-1.05749883,-2.77663676,-0.094989347,301
1897,-0.79772146,-2.272557184,0.389780769,279
1898,-0.93785365,-3.337545205,0.626012024,279
1902,-0.835180285,-1.955321418,0.406207102,16
1903,-0.77210734,-2.317298895,0.447346939,279
1906,-0.840131472,-2.625245973,0.488622137,317
1907,-0.789186754,-2.269455001,0.656605608,147
1910,-0.196697049,-2.142747512,0.394203805,26
1912,-1.022543415,-3.437828217,0.562285189,268
1916,-1.146961064,-3.927101021,0.768691735,257
1917,-0.895100902,-2.287830779,0.474282198,158
1918,-0.7772392,-1.96273376,0.216741628,26
1920,-0.39778449,-2.217308466,0.095426132,70
1928,-0.510427089,-2.189150959,0.59311,158
1933,-0.284895272,-2.180019016,0.280758108,92
1935,-1.110072594,-2.46702175,0.542985264,114
1938,-0.885592539,-2.346071119,0.241007731,292
1946,-0.611469381,-2.27308708,0.067873168,81
1949,-0.795120728,-2.831172792,-0.101803888,466
1951,-0.442165871,-2.105952757,0.436007926,136
1952,-0.770165463,-2.094207363,0.298860766,334
1953,-0.862583839,-1.967817088,0.155624681,26
1956,-0.8532774,-1.972429386,0.106827221,26
1957,-1.019185793,-2.16590897,0.171412739,422
1958,-0.994859645,-2.145622007,0.174587346,422
1962,-0.518513299,-2.111768337,0.334882739,169
1964,-1.096592741,-2.285975266,0.150968361,92
1966,-0.873902194,-1.99397811,-0.096216199,16
1967,-0.758467645,-2.043353034,-0.078058845,16
1968,-0.342032063,-2.038418837,0.346724243,37
1969,-0.839121832,-2.044050151,0.288117677,334
1974,-0.74276123,-2.251206102,0.665465633,114
1977,-0.597431105,-2.233951114,0.601840046,136
1982,-0.31481567,-1.996462645,0.344128786,16
1986,-0.850482452,-2.250621381,0.018754048,323
1988,-0.532699286,-2.160789816,0.657938569,81
1989,-0.938127198,-2.552766213,0.16893746,411
1992,-1.478102809,-2.972989121,0.912287909,70
1993,-0.79509231,-2.247063441,0.698157804,92
1995,-0.219240125,-2.186707382,0.454178799,37
1996,-1.037506556,-2.207719539,0.401580596,37
1998,-0.775689483,-2.342883752,0.607064608,136
2004,-1.026826961,-2.123506687,0.333599737,16
2007,-0.953488083,-2.307644567,0.191182005,367
2008,-0.456081694,-2.095768425,0.54075339,16
2010,-0.280452309,-2.11967105,0.470537248,16
2011,-0.988750933,-3.155806378,-0.591637682,411
2012,-0.890399486,-2.266028397,0.423165835,114
2014,-0.458616533,-2.169273096,0.509657412,136
2015,-1.942980105,-2.702154773,-0.087558559,26
2016,-1.083891569,-2.317128002,0.471444733,59
2026,-0.961889079,-2.114469032,0.213445716,16
2028,-0.514004219,-2.13771953,0.571588546,81
2029,-1.136337888,-2.255893778,0.32914537,37
2030,-1.039675643,-2.325482439,0.033926815,389
2031,-0.774455942,-2.252813055,-0.07593162,301
2033,-0.134179549,-2.363387033,0.648326007,16
2034,-0.201522201,-2.275944061,0.599828581,26
2035,-0.200556524,-2.224239501,0.487324298,16
2037,-0.939018532,-2.405830335,-0.016361076,147
2043,-0.793628674,-2.345295606,0.428045574,213
2045,-0.465003529,-2.064008532,0.522352624,59
2046,-1.357738084,-2.632903847,0.004726142,81
2048,-1.013276297,-2.446539054,0.227555671,147
2055,-0.940074684,-2.316423146,0.158903146,125
2056,-0.428756241,-1.843106381,0.552250823,16
2057,-0.648243876,-2.244131659,0.637152007,81
2058,-0.463824422,-2.126108961,0.377551481,48
2059,-0.903448758,-2.455207174,-0.064983489,472
2065,-1.077206756,-2.173458762,0.059410037,367
2066,-0.965094198,-2.482577169,0.360716375,136
2067,-1.151886551,-2.245774505,0.155854552,16
2068,-0.922202786,-2.357314019,0.448391516,103
2070,-0.826559527,-2.101990182,0.240729669,268
2072,-0.937172818,-2.303387205,0.155675806,389
2077,-0.643551598,-2.843062091,0.077812739,463
2078,-0.463341108,-2.115519847,0.454148211,70
2079,-1.255117947,-2.599920649,-0.135419638,59
2080,-0.888943382,-2.286594292,0.312643796,26
2082,-1.145205966,-2.569934677,0.050763895,103
2083,-0.43709573,-2.199081849,0.541335328,70
2087,-0.694535362,-2.192093782,0.514746991,48
2088,0.286292205,-2.562973159,-0.292282815,16
2090,-0.845881662,-2.860970308,-0.584048874,378
2091,-0.421182236,-2.163903584,0.419087862,59
2093,-0.367230604,-2.275926536,0.624203169,48
2095,-0.489662689,-2.174320028,0.205763459,81
2096,-0.500516217,-2.088989208,0.36423986,70
2097,-0.71625009,-2.270642075,0.141860602,26
2098,-0.773546375,-2.304835361,0.63693523,48
2099,-0.4649775,-2.094684625,0.64449754,26
2101,-0.763353033,-2.258108023,0.704514207,16
2102,-0.595447466,-2.218548343,0.283938812,37
2104,-0.523227336,-2.235965632,0.081021402,70
2106,-0.618545845,-2.247136356,0.64520099,26
2111,-0.550575451,-2.268220577,0.086275775,37
2114,-0.795700597,-2.371866483,-0.056823843,70
2115,-0.112256103,-2.533987242,0.723714776,16
2116,-0.979937555,-2.69135014,-0.383484219,312
2118,-1.018909185,-2.775659949,-0.302646454,160
2119,-0.475852257,-2.186149526,0.560344432,16
2122,-0.727510051,-2.218565533,0.090740409,160
2130,-1.050007276,-2.520481594,-0.126000884,268
2132,-0.796465786,-2.068334073,0.248254203,163
2133,-0.541511929,-2.575762572,-0.166791875,580
2136,-0.88306925,-2.53479163,0.331358798,176
2141,-0.848280393,-2.348771863,-0.046592304,48
2147,-0.522607249,-2.100594566,0.058998331,125
2148,-1.07090918,-2.533955599,-0.218299856,37
2150,-0.784838381,-2.196203709,0.344995724,125
2151,-1.01799353,-2.287565612,0.09180856,257
2156,-0.517559012,-2.863370811,-0.547643968,438
2160,-0.494171768,-2.626685582,-0.313623108,558
2165,-0.218692057,-2.17421212,0.020306221,16
2166,-0.058704519,-2.172551026,-0.031660764,16
2170,-0.994620362,-2.380450455,0.272004363,16
2172,-1.014989523,-2.517848666,-0.184366723,268
2187,-0.393137739,-2.236146596,-0.078820574,26
2192,-0.859964936,-2.321865106,0.455007264,16
2196,-0.930982206,-2.372110952,0.060452325,26
2197,-0.962191754,-2.430371864,-0.128212992,26
2198,-1.869745892,-3.345450862,-0.790605813,16
2199,-0.775888369,-2.434257525,-0.238006217,349
2200,-0.562313504,-2.297659202,-0.131072032,59
2201,-1.545833075,-3.024207059,-0.410619926,16
2202,-0.585450389,-2.23275273,-0.115614148,92
2203,-0.739308273,-2.075120784,0.304375874,158
2206,-0.996264165,-2.565209702,0.557379995,16
2207,-0.725874938,-2.912739819,0.01708526,433
2211,-0.982756982,-2.523642433,0.507875948,16
2213,-0.850388255,-2.346262082,0.44146571,16
2217,-0.829487392,-2.080980069,0.202135305,211
2218,-0.661966095,-3.040534623,-0.23762939,461
2220,-0.900707081,-2.337220564,-0.104837253,323
2221,-0.695508256,-2.28724783,-0.203253109,145
2222,-0.931533068,-2.4549974,0.186545545,92
2223,-1.027696376,-2.784094628,0.280608422,48
2227,-0.518807696,-2.509453197,-0.230391946,554
2228,-0.287765673,-2.434622621,-0.35270581,584
2229,-0.376141656,-2.135037988,-0.117097988,59
2231,-0.687968423,-2.409177576,-0.033637577,568
2232,-0.76527264,-2.86298084,-0.070247812,422
2234,-0.792124043,-2.184751117,0.121915831,121
2235,-0.512864957,-2.008779737,0.004698482,121
2237,-0.813847064,-2.866946069,-0.074844275,422
2238,-0.184707374,-2.464700396,-0.09259169,779
2243,-0.456916871,-2.409235287,-0.104652445,584
2244,-0.80657385,-2.558218107,0.519335328,37
2245,-0.64763518,-2.196058581,0.01776099,83
2247,-0.187960368,-2.101592996,-0.089514988,26
2250,-0.419367386,-2.589051793,-0.468872954,514
2252,-0.591842336,-2.118147906,0.171625197,26
2254,-0.781755256,-2.108961566,0.368325699,110
2255,-0.5596879,-2.691700634,-0.443745059,411
2256,-0.996732919,-2.847464299,0.335755139,37
2257,-1.036113223,-3.770004258,0.815966116,37
2260,-0.556433518,-2.199168166,0.245892203,26
2261,-0.764929569,-2.69929489,-0.138003706,444
2264,-1.244152723,-3.216348596,-0.569281504,48
2266,-0.90028189,-2.5708563,-0.289947365,86
2267,-1.511350658,-3.679669695,-0.999733718,37
2268,-0.640958309,-2.277723519,-0.026387533,16
2272,-0.908857334,-2.45021337,-0.17672014,16
2278,-0.723063774,-2.314879378,-0.004345878,16
2280,-1.162699359,-3.1230086,-0.411297364,72
2281,-0.367346645,-2.368066315,0.050172564,579
2284,-0.817816098,-1.952592315,0.204762032,112
2285,-0.586198138,-1.993114226,0.13996564,86
2286,-0.808048798,-2.322887959,-0.281818239,151
2287,-0.217457548,-2.130854455,0.274917533,37
2288,-0.473509505,-2.21674829,-0.064527336,16
2289,-0.165578721,-2.336645439,-0.355152517,584
2290,-0.410588088,-1.942763256,-0.041755876,88
2292,-0.059873019,-2.322556258,-0.268910804,622
2296,-0.693976258,-2.540833281,0.080044242,422
2300,-0.32985591,-1.998941483,0.234482073,16
2301,-0.818769677,-2.291372729,0.100152527,320
2302,-0.808255934,-2.143199357,0.245315561,127
2304,-0.714823364,-1.874062532,-0.082510686,191
2305,-0.33908959,-1.973094659,-0.124200812,64
2307,-0.353813124,-2.056741607,-0.116408691,37
2309,-0.165596148,-2.189785238,-0.279578513,611
2311,-0.736677987,-1.839405528,0.045666463,158
2314,-0.846626823,-2.5832215,-0.265138503,257
2316,-1.246217859,-2.209625957,-0.033620372,933
2317,-0.704081586,-2.000077258,-0.14533946,147
2318,-0.871955198,-3.178251668,0.663125885,16
2321,-0.369279227,-1.982746173,0.367427371,39
2322,-0.556020289,-2.164110927,-0.017946139,26
2323,-0.422213355,-2.273491093,0.140727244,580
2324,-0.224621637,-2.009333028,0.453202405,39
2325,-0.429802025,-2.205418569,0.34683404,39
2326,-0.509657831,-1.920722623,0.098242455,66
2327,-0.72996463,-2.040017355,0.14299627,169
2328,-0.817166088,-1.934641927,0.230844361,79
2331,-0.335715649,-2.447298367,-0.454229735,488
2332,-0.173796611,-1.96750398,-0.254356978,16
2337,-1.005248125,-2.27106203,0.037144416,136
2338,-0.580117202,-1.913874487,-0.172719331,122
2340,-0.81395761,-2.395140831,0.460916792,42
2341,-0.229392487,-1.880115153,-0.224300025,55
2342,-0.391714617,-1.978921654,0.246747525,16
2343,-1.173593659,-2.391008336,0.034638467,829
2303,-0.500467115,-1.921790237,0.307747212,70
2346,-0.180837199,-1.807143364,-0.247327195,44
2347,-0.73977414,-2.158598836,0.390163903,44
2353,-0.531681678,-1.794958368,0.050225574,83
2354,-0.433925658,-2.002540631,0.025443766,18
2356,-0.729877404,-2.553240508,-0.452211084,250
2361,-0.932618591,-2.437957059,0.111362728,32
2363,-0.881931032,-2.619759593,0.385659834,32
2364,-0.333337781,-2.338447584,-0.41741886,479
2365,-1.184300845,-2.278104514,0.011175415,866
2366,-0.85111184,-2.383568508,0.339807373,32
2367,-0.371794491,-1.982885883,0.421247323,32
2368,-0.842255104,-2.461189563,0.399326424,32
2369,-0.850789805,-2.929690622,0.59976675,20
2370,-0.832840934,-2.059411728,0.265003655,71
2371,-0.800015661,-1.898901106,0.193296149,155
2373,-0.799873407,-2.22496624,0.126052466,264
2374,-0.388137737,-1.854677533,0.313352858,71
2377,-0.678633944,-2.17318934,-0.211057839,58
2379,-0.90704774,-1.917187202,0.030397083,177
2380,-0.243182129,-1.739444697,-0.141075428,32
2381,-1.218687578,-2.156283028,-0.060791183,904
2382,-1.124280397,-2.301342042,0.050113826,839
2384,-0.330885074,-2.222394984,-0.307635018,499
2385,-0.554824909,-2.151696755,-0.221699148,32
2386,-0.580042633,-2.203234414,-0.213005107,20
2393,-0.589935819,-1.757605993,0.067813119,73
2395,-0.199473892,-2.135829237,-0.337519338,538
2396,-0.648178923,-2.044693626,-0.22863843,73
2397,-0.246077629,-1.826430685,0.417352531,20
2399,-0.553987952,-2.379616232,0.105035425,703
2400,-0.804437848,-2.202494127,0.140068268,238
2403,-0.527796155,-1.781618123,0.176333434,85
2407,-1.080657791,-2.156951481,-0.074577703,873
2409,-0.690945475,-2.010103855,0.167732235,109
2411,-0.181559593,-1.832101257,0.388594855,20
2412,-0.936146016,-2.375754471,0.109066815,32
2413,-1.018249834,-2.227280007,-0.016975445,827
2415,-0.933338596,-2.56335114,-0.338296237,20
2417,-0.539319627,-2.005473952,-0.272508047,45
2419,-0.402967087,-1.970461225,-0.28298918,20
2421,-0.531507915,-1.895780881,-0.13723588,45
2425,-0.848539015,-2.46177919,-0.34642017,20
2426,-0.671978906,-1.861786063,0.106151918,60
2429,-0.425814923,-2.280865226,-0.421421713,413
2430,-0.690064743,-2.404776195,-0.464808577,186
2431,-0.694096644,-2.477668307,-0.496610998,186
2433,-0.654649147,-1.846067906,-0.153005363,94
2435,-0.612073086,-1.897280919,-0.251797629,83
2436,-0.901635148,-2.681769101,0.166293481,32
2441,-0.522615542,-2.052126759,-0.317615122,20
2446,-1.073008984,-2.70776046,-0.414349608,72
2447,-0.680939411,-1.92502233,-0.050022528,45
2448,-0.758464728,-2.53690267,-0.532471231,171
2454,-0.468885294,-1.738269674,-0.239808517,61
2456,-0.414310213,-1.804946821,-0.291537048,32
2459,-0.685861855,-2.296284505,-0.419914837,173
2460,-0.80010989,-2.334287806,-0.016722211,675
2462,-0.69511127,-2.018938968,-0.293809373,81
2464,-0.332426352,-1.726886322,-0.395019633,34
2468,-0.92584373,-2.160922822,-0.007673792,46
2469,-0.572002736,-2.450407019,-0.487812625,199
2471,-0.814667451,-3.26552629,0.373095629,20
2472,-0.827339197,-1.834617132,0.081629687,103
2473,-0.612785143,-2.230185664,-0.3487488,212
2474,-0.621341112,-2.132560923,-0.376230747,20
2475,-0.507594287,-1.848315016,0.274996629,81
2476,-0.536444503,-1.778128398,0.101657237,20
2478,-0.944854906,-2.300856387,0.242667447,48
2480,-0.851481461,-2.415444341,-0.508117443,35
2481,-1.001602151,-2.952756207,-0.631729344,79
2482,-0.582953397,-1.721291776,0.010936286,33
2483,-0.784094341,-2.302521137,-0.451713129,33
2484,-0.941065694,-2.533213062,-0.566448163,33
2486,-0.709379633,-2.391781017,-0.539210517,145
2487,-0.74463835,-2.241210961,-0.457237423,35
2488,-0.716113783,-2.127771555,-0.403866324,68
2489,-1.013161725,-2.654519125,-0.562539224,35
2490,-0.681619509,-2.857072443,0.015496895,255
2491,-0.508027977,-2.116448925,-0.357820931,401
2493,-0.665541343,-2.204948116,-0.449230943,160
2494,-0.957809132,-2.174135907,0.049041159,21
2495,-0.496967546,-2.239126352,-0.45120821,373
2496,-1.098443961,-2.836603474,-0.604444975,46
2497,-0.322134949,-1.58865428,-0.252029592,21
2498,-0.528943838,-1.986257297,-0.447598994,20
2499,-0.674532915,-2.150314257,-0.458551359,35
2501,-0.978541462,-2.117972505,0.209829251,57
2503,-1.080814122,-2.801696735,-0.697053824,33
2504,-0.579034383,-2.635203338,-0.517113749,170
2505,-0.50604772,-2.375414171,-0.458618486,342
2506,-1.0711296,-2.629214382,-0.243460354,30
2507,-0.52051013,-2.174956777,-0.406399242,371
2508,0.139796608,-1.48812694,-0.870350954,41
2514,-0.736169866,-1.966733103,0.229133109,52
2518,-0.88570913,-2.016095732,-0.009897783,129
2519,-0.750744487,-2.250853396,-0.129834418,155
2521,-0.66780662,-1.972003936,-0.404931511,48
2526,-0.849494394,-1.985832646,-0.045905377,129
2528,-0.416639129,-2.08850348,-0.299624274,403
2531,-0.755112734,-1.935950456,-0.051130507,16
2532,-0.55560446,-1.787168229,-0.399263482,882
2533,-0.841544446,-2.249558166,0.034834998,157
2534,-0.448499164,-2.482139867,-0.476665441,316
2535,-0.413214009,-1.765634111,-0.381085737,16
2536,-0.56879125,-2.919048639,-0.389022761,213
2537,-1.045205086,-2.250937899,-0.064810865,697
2539,-1.050733524,-2.445370266,-0.007961828,26
2540,-0.689780302,-1.956296486,-0.168165589,16
2542,-0.967747136,-2.286037279,0.207605542,26
2545,-0.554436116,-2.341364319,0.109345985,609
2546,-0.760089914,-1.802165497,0.036468194,26
2549,-0.927226883,-2.1256619,0.234099225,16
2551,-0.817574864,-2.965750241,-0.306110269,70
2553,-0.217471422,-1.651206039,-0.703715535,157
2554,0.103966956,-1.558496387,-0.970319823,16
2555,-0.70523332,-1.851838108,0.182370623,26
2557,-0.869197757,-2.397817635,0.200017125,70
2559,-0.788531762,-2.582539213,-0.617324898,92
2560,-0.728090815,-2.48182379,-0.591202061,92
2566,-0.334460064,-1.757174653,-0.511904526,133
2567,-0.697180096,-2.315127064,-0.5569629,92
2570,-0.292633221,-2.544651065,-0.509629725,320
2572,-0.982052934,-2.568069304,-0.434273077,37
2573,-1.114346562,-2.306741004,0.049477653,686
2578,-0.727642938,-2.660304349,-0.491775608,107
2580,-0.758570312,-2.533208207,-0.67261789,70
2583,-0.979704758,-2.250891106,0.016881401,70
2585,-0.934489915,-3.077159099,-0.846728747,26
2586,-0.908601627,-3.789922568,-1.433995594,26
2587,-0.824196265,-2.119320191,0.101176356,122
2591,-1.077304366,-2.215477175,0.052177081,710
2596,-0.922323631,-2.618524389,-0.637729923,16
2598,-0.326036733,-1.658027882,-0.530280415,124
2599,-0.250013939,-1.56037009,-0.689886912,26
2600,-0.684565076,-2.136192368,-0.492430958,70
2604,-0.317178377,-1.902086796,-0.492430678,124
2605,-0.078086008,-1.62262439,0.313489436,16
2606,-0.292609777,-1.525985289,-0.563552303,111
2609,-1.220270994,-1.903847717,-0.08901167,981
2610,-0.707176887,-2.21671299,-0.55177569,59
2614,-0.82863803,-1.941970317,-0.051157855,85
2615,-0.646728623,-2.023946749,-0.464873206,85
2616,-0.403159518,-2.153364734,-0.360183031,342
2617,-0.657118936,-2.06807132,-0.571003289,48
2620,-0.893148235,-2.534175427,-0.581006266,16
2621,-1.069483908,-2.197040668,-0.038567671,717
2622,-0.779209422,-1.900292917,-0.118967802,16
2624,-0.316774161,-1.460242256,-0.739532164,152
2627,-0.214662889,-1.433250311,-0.797991502,37
2631,-1.097844078,-2.131476808,-0.090701765,688
2632,-0.523272708,-1.821942713,-0.535961749,213
2635,-0.816104307,-1.904268968,0.160800279,16
2637,-0.458326572,-1.875518633,-0.722418447,59
2638,-0.211549302,-1.237758503,-0.828339387,100
2640,-1.155634427,-2.193392776,0.011625736,702
2644,-0.891476169,-1.998482875,0.077838316,74
2647,-0.845690659,-2.032919093,0.179576729,26
2650,-0.705924479,-2.255000247,-0.475483189,48
2651,-0.671700874,-2.127961281,-0.598169691,37
2655,-0.616561895,-1.976064714,-0.6084436,37
2656,-0.272765132,-1.281645506,-0.655574161,48
2657,-0.573895964,-1.557197423,-0.235269468,16
2658,-0.792358736,-3.094671371,-0.655788444,26
2659,-0.625067935,-2.101753813,-0.487628793,63
2660,-1.095554051,-3.102902829,0.112690009,1555
2663,-0.261487118,-1.369151413,-0.639593997,102
2669,-0.889149949,-2.688994058,-0.32284593,26
2670,-1.321129041,-1.953835676,0.113083134,983
2676,-0.895211428,-2.806179264,-0.113723365,180
2677,-0.758505968,-2.414786944,-0.62110483,26
2680,-0.9512791,-2.2680595,0.001172728,576
2682,-0.908659794,-2.161492631,0.00092104,52
2690,-0.627675521,-2.881987192,-0.196756295,180
2692,-0.627273109,-2.340659894,0.083289913,543
2695,-0.723781768,-2.139125868,-0.1671485,67
2696,-0.06994823,-0.983193267,-1.034187122,16
2697,-0.301808047,-1.634024714,-0.640684941,41
2699,-0.859456241,-2.648896104,-0.331011474,16
2701,-0.877862057,-2.648003863,-0.256419437,16
2704,-0.382816571,-1.628394035,-0.850098276,16
2705,-1.428657816,-1.95220663,0.027984478,937
2706,-0.872120583,-1.894820057,0.085298456,26
2710,-0.741883236,-2.200960747,0.082827432,16
2712,-0.808150886,-2.591149096,-0.526148477,16
2713,-0.873225749,-2.444774615,-0.007354544,125
2715,-1.078854005,-2.763650436,0.044512945,1434
2716,-0.514747066,-1.946462344,-0.51179455,213
2719,-0.634214742,-2.496768953,-0.466347965,43
2721,-0.783259097,-1.997544207,-0.072696405,69
2723,-0.83846101,-2.04909903,0.124300676,16
2727,-0.780785812,-2.104214281,0.160134967,56
2730,-0.479001254,-2.994517154,-0.575803486,110
2732,-1.149916172,-2.161188214,-0.049436272,609
2735,-0.658835149,-2.794961645,0.135492425,32
2741,-1.217189832,-2.197276496,0.063865832,633
2745,-0.773083745,-2.795731487,-0.062877627,101
2755,-0.520494722,-2.954943815,0.225319616,20
2759,-0.751795081,-2.303725688,0.156392877,32
2760,-0.82963922,-2.606798132,-0.022373497,20
2761,-0.896609388,-2.488840969,0.136823412,145
2763,-0.891843755,-2.373576744,0.092201681,585
2766,6.174683542,-4.872474728,-3.081753285,20
2774,-0.528121427,-3.061692941,-0.665869234,20
2777,-0.491505386,-3.150680723,-0.608776967,32
2780,-0.536363157,-2.076853474,-0.421933261,220
2781,-0.753136337,-2.524771228,-0.123589789,84
2783,-0.276785291,-2.286845036,-0.340681536,267
2785,-0.816350732,-2.266908007,0.147124497,20
2787,-0.756564536,-2.250207737,0.171023903,20
2789,-1.209428394,-2.371501947,0.05888648,583
2790,-0.792679041,-2.249163005,0.137208241,20
2791,-1.213672198,-2.189922443,0.059754967,621
2793,-0.600682353,-2.364039849,0.073172917,206
2794,-0.846274065,-2.379941323,-0.079653176,583
2802,-0.85479828,-2.181518653,-0.003522759,20
2805,-1.140846685,-2.166604428,-0.038890486,608
2808,-0.694814428,-2.392675438,-0.339694332,119
2811,-0.517876346,-3.312913028,-0.445057203,86
2816,-1.31341413,-2.120167473,0.02696068,641
2817,-0.836013526,-2.219948113,0.065126521,32
2818,-1.246379221,-2.076550283,0.045131177,641
2820,-0.822620729,-2.369804583,-0.04455679,32
2823,-0.708818348,-2.199313922,0.070208562,221
2826,-1.016502359,-2.340929441,-0.024061407,548
2827,-0.529255079,-2.974012584,-0.557226064,20
2829,-0.685140298,-2.096586505,-0.189543123,20
2830,-0.696443828,-2.236900384,-0.205395491,45
2831,-0.979784944,-2.361150599,-0.000387634,570
2839,-0.606607703,-2.453226092,-0.36709016,45
2842,-0.544489025,-2.378763235,0.139627515,458
2846,-0.855641864,-2.700514935,-0.071804826,128
2849,-1.243709952,-2.283761586,0.065443827,546
2852,-0.413475222,-2.443420573,-0.209393565,208
2853,-0.65984353,-2.484730709,0.015036052,32
2857,-0.603691809,-2.765617791,-0.342975032,62
2860,-1.058026462,-2.312762319,-0.033029644,581
2863,-0.731912303,-2.490377217,-0.136936347,60
2866,-0.18859704,-1.969697895,-0.354949125,313
2867,-0.508883174,-2.584138883,-0.493636177,137
2869,-0.519561329,-1.661963855,-0.704670296,45
2870,-0.82171394,-2.408282513,0.189074058,104
2872,-0.906458664,-2.353543927,0.141807799,104
2873,-0.600375658,-2.438138986,-0.413500416,137
2875,-0.56001289,-2.051339526,-0.362038533,137
2876,-0.698974025,-2.557521214,0.165507423,60
2878,-1.233175828,-2.232305887,0.072194693,544
2879,-0.698693912,-3.012316776,-0.35765537,32
2881,-0.51486539,-2.126595109,-0.574315192,20
2883,-0.632050554,-2.507444491,0.085060144,32
2886,-0.858081082,-2.431309645,0.145780442,20
2887,-1.378962421,-2.038830745,0.065522336,670
2888,-0.667742258,-2.949664778,-0.197512776,60
2889,-0.816507791,-2.371148472,0.13601729,49
2890,-0.544023937,-2.645303869,0.114070389,49
2891,-1.019115078,-2.239504643,0.012575903,568
2892,-0.740818206,-2.477851189,0.164721173,49
2894,-0.737478062,-2.563653906,-0.066346549,104
2896,-0.646066032,-2.765579633,-0.202030355,126
2897,-0.550179907,-2.685448535,0.050928357,60
2898,-0.62052779,-2.533616817,0.136290385,45
2900,-0.811439019,-2.485231171,0.163470693,93
2902,-0.644051524,-2.370296295,-0.30200069,32
2903,-0.590682136,-1.999356353,-0.598079883,80
2904,-0.612691349,-1.934548335,-0.257790043,124
2906,-0.873375185,-2.34243115,-0.007813224,20
2911,-0.430100282,-1.605186342,-0.447952276,20
2912,-0.396728871,-1.696033321,-0.538476325,215
2915,-0.615846599,-2.101784221,-0.461523496,139
2916,-0.57444507,-2.524153502,-0.461525039,113
2917,-0.609508342,-2.289761027,-0.450388872,124
2918,-0.529888583,-2.106592776,-0.445001532,20
2920,-0.22261313,-1.756939117,-0.559997757,247
2922,-0.581712259,-2.742398842,-0.438695281,34
2923,-0.606992687,-2.783357838,-0.34937696,113
2924,-0.512286944,-2.896106469,-0.062382613,36
2927,-0.525432032,-2.692732394,-0.547222752,23
2928,-0.668106624,-2.203496706,-0.458275165,100
2929,-1.170746372,-1.775213236,-0.090398879,701
2930,-0.535953362,-1.733347956,-0.753114004,21
2937,-0.948979795,-2.387965557,0.051272957,455
2938,-0.68411298,-2.141473745,-0.522566507,70
2940,-0.953218081,-2.303845201,0.040027828,422
2941,-0.596633428,-2.294928226,-0.502152272,16
2943,-1.453593417,-2.49745851,0.047854833,1109
2954,-0.409992768,-2.401313572,-0.460741857,111
2955,-0.65994602,-2.049099284,-0.654174339,37
2963,-0.640357083,-2.384160085,-0.517331292,37
2969,-0.639287908,-1.845152933,-0.254192946,81
2972,-0.812910379,-2.374794692,0.179636396,37
2973,-0.721327556,-2.436405246,0.195556426,48
2976,-0.587717495,-1.761329559,-0.466749469,81
2978,-0.70458237,-1.863446886,-0.630805104,48
2979,-0.645861766,-2.290492698,-0.55856216,26
2980,-0.514881247,-2.666034456,-0.596548292,48
2981,-0.516266397,-2.792142559,-0.56588752,48
2982,-0.584110745,-2.586343149,-0.557479271,37
2984,-1.105465819,-2.508460013,0.083716981,48
2986,-0.605235975,-2.779329564,-0.43080978,59
2987,-0.614441432,-2.430974573,-0.554013844,37
2988,-0.722632036,-2.791867584,-0.275325311,48
2989,-0.526984397,-2.748949395,-0.617171544,37
2992,-0.658622231,-2.825577003,-0.390389477,48
2993,-0.863210479,-2.851276491,-0.223335047,16
2994,-0.753594297,-2.837796828,-0.318744684,37
2995,-0.450756371,-2.635832642,-0.42134315,85
2998,-0.69505994,-1.945673237,-0.627204365,37
2999,-0.893240577,-2.742126006,0.071978283,16
3000,-0.62103225,-2.199288484,0.216271064,228
3001,-0.592238239,-1.757651156,-0.586167533,100
3003,-0.531717983,-2.498870462,-0.607776845,48
3005,-0.466459387,-2.661467248,-0.509738795,70
3006,-0.996765394,-2.542971568,0.022125024,59
3009,-0.795390971,-2.874162438,-0.354482734,16
3011,-0.656085817,-1.642982624,-0.524627206,117
3012,-0.887342662,-1.671694247,-0.311730335,629
3014,-0.086370608,-2.271140264,-0.30153613,204
3020,-0.767387441,-1.806287628,-0.538704248,48
3024,-1.284979844,-2.089428318,-0.009321344,581
3025,-0.984919763,-2.174245924,-0.109679289,1203
3028,-0.682295356,-1.606619046,-0.331640706,48
3029,-1.108651728,-2.039866587,-0.030080276,455
3030,-0.433011537,-2.224865553,-0.34629645,95
3034,-0.275317516,-2.383413649,-0.254140661,128
3036,-1.349420265,-2.094174143,0.060153875,515
3038,-0.644302817,-2.245106117,-0.401829563,37
3041,-1.166990889,-2.034485574,0.027966568,468
3044,-0.672777035,-2.381770849,0.000841024,334
3046,-0.565140029,-1.967290917,-0.611960855,26
3048,-0.624338838,-2.36541368,-0.445105369,16
3051,-0.670078911,-1.424262073,-0.512680016,149
3053,-0.656215357,-1.541632323,-0.524864502,117
3054,-0.408214551,-2.385922862,0.096107278,100
3056,-0.887026711,-2.091666527,0.189557788,70
3057,-0.850155458,-2.095029591,-0.102511411,356
3058,-0.759163197,-1.676659957,-0.51244615,56
3060,-0.846010729,-2.071598726,-0.064949975,345
3064,-0.686351638,-1.651244402,-0.018626405,16
3066,-0.201609455,-2.26265838,0.250494172,255
3067,-0.763787634,-1.612110075,-0.444460862,89
3069,-0.612126783,-1.411572797,-0.360555007,208
3070,-0.857831919,-2.015683472,0.044324049,345
3071,-0.68556409,-2.321981189,0.11381116,323
3072,-0.82651378,-1.920707491,-0.067919229,345
3073,-0.550298905,-1.391144783,-0.570362272,138
3076,-1.029212979,-2.305762282,0.073156389,345
3078,-0.781533006,-1.926658201,0.233543804,16
3079,-0.36207261,-2.48358397,0.268026282,16
3080,-0.47671926,-2.40223523,0.142645676,59
3082,-0.802304435,-1.384725733,-0.703197362,20
3085,-1.356562876,-2.066836138,0.059764845,482
3086,-0.510950871,-2.122140953,0.26705372,48
3087,-0.560805227,-2.310396356,-0.414024834,20
3088,-0.493917759,-2.612469424,-0.250857508,20
3091,-1.090101448,-2.30214715,0.080967819,389
3093,-0.483171575,-1.777566867,-0.559555648,62
3095,-0.699827531,-2.382150482,0.160029516,20
3096,-0.533650592,-1.560155375,-0.542063333,95
3098,-0.654241799,-1.614477797,-0.164287841,186
3101,-0.734809785,-1.412290176,-0.37689752,116
3102,-0.806612484,-2.1327051,0.237362177,35
3104,-0.90815962,-2.065469078,0.197450167,35
3105,-0.54636676,-2.392927916,0.180429888,35
3106,-0.545476431,-2.276155611,-0.174122343,288
3108,-1.219582623,-2.174492248,0.10494357,376
3110,-0.80030831,-1.664786353,-0.09687,307
3111,-0.82745308,-1.682986079,-0.000991848,307
3112,-0.743569072,-1.829338321,-0.025485677,296
3113,-0.599170648,-1.396472019,-0.034141591,68
3115,-0.590550942,-0.946877373,-0.181010524,138
3116,-0.3281694,-1.708324503,-0.439766714,100
3117,-0.417357325,-1.913747331,-0.599734974,22
3119,-0.50368645,-1.646991219,-0.575372268,51
3121,-0.304954583,-1.905557894,-0.567446646,51
3124,-0.41762486,-1.622158541,-0.398646029,100
3125,-0.837463884,-1.874576045,-0.192840193,307
3127,-0.616165657,-2.14549979,0.215431964,217
3128,-0.835303574,-1.874070882,0.050468076,307
3129,-0.895243118,-2.228536084,0.158494669,22
3130,-0.749091652,-1.465299182,-0.41738033,102
3131,-0.833200075,-2.1236086,0.209240473,22
3132,-0.629564503,-2.41785058,0.141321174,285
3135,-1.505901843,-2.288440846,0.346422923,832
3139,-0.4212634,-2.21421042,0.285594081,37
3141,-0.690355676,-1.166626359,-0.165423244,88
3142,-0.672883383,-1.373210087,-0.182416337,124
3143,-0.489702482,-2.453583446,-0.23873442,22
3144,-0.633637073,-1.165152545,-0.026018062,106
3145,-0.977683578,-2.210287508,0.101135766,282
3146,-0.554508161,-1.238024674,-0.594079687,203
3147,-0.375983293,-1.578957715,-0.556928409,86
3148,-0.281268764,-2.375151339,-0.380868123,37
3151,-0.962079004,-1.197446596,-0.593206513,24
3153,-1.046119808,-2.098661877,0.098430652,279
3155,-0.930065579,-1.185395305,-0.512058765,24
3160,-0.262618792,-2.260367429,-0.445232225,24
3161,-0.5668221,-2.112793907,-0.13114775,232
3163,-0.448293482,-2.212889032,-0.05484162,203
3165,-0.750415695,-1.749931689,0.145356547,79
3166,-0.418315347,-2.300373444,-0.144716614,217
3167,-0.690440711,-2.285749143,0.202522926,174
3171,-0.35056358,-2.160623903,0.261430939,160
3173,-0.796711067,-1.190243002,-0.131075882,41
3174,-0.841619801,-1.277783906,-0.247075326,41
3175,-0.622039889,-2.153523813,0.191793057,174
3177,-0.632779111,-1.609409589,0.036423979,217
3178,-0.835286359,-2.289872734,0.149328272,231
3179,-0.848938095,-1.380926391,-0.435230285,57
3181,-0.721006167,-1.201410011,-0.064620544,61
3182,-0.753872699,-1.79317891,0.230909678,63
3184,-0.721432003,-2.08888319,0.230652991,79
3186,-0.462105084,-1.792591723,-0.236319096,172
3193,-0.420915832,-1.25055756,-0.599061217,144
3195,-0.380199867,-1.680937868,-0.379475722,41
3197,-0.526376607,-2.017276406,-0.075560967,174
3198,-0.917082317,-2.3576945,0.022408061,259
3202,-0.784378934,-1.696807419,0.207497129,26
3203,-0.392541192,-2.193184903,0.313776024,27
3205,-0.300943816,-2.119673292,0.308324843,114
3206,-0.754595477,-1.76403406,0.180278506,47
3210,-0.377507285,-2.063082294,-0.194391283,27
3211,-0.106263411,-2.181683603,0.329036597,78
3212,-0.519110984,-2.0514742,0.026071835,142
3213,-0.49229741,-2.146268709,-0.060448361,173
3218,-0.425853611,-1.503702196,-0.570206691,26
3219,-1.207466124,-2.291031816,-0.028713166,347
3220,-0.126740865,-2.119647415,0.362789366,78
3221,-1.213559805,-2.190159097,0.082742937,333
3224,0.046878175,-2.401993691,-0.321423266,73
3227,-0.553839656,-2.079426189,0.122020815,106
3230,-0.44195479,-1.092334541,-0.092953717,106
3235,-0.394070651,-2.14663457,0.051171906,106
3236,-0.352232307,-2.058656154,-0.010901431,92
3237,-0.534704976,-1.862218468,-0.019763665,134
3238,-0.583024769,-1.919782987,0.292290493,73
3242,-0.439691789,-2.078853281,-0.200925125,149
3250,-0.734942194,-2.185064034,0.216839474,24
3251,-0.732573253,-2.461003951,-0.067115681,203
3252,-1.040844868,-2.317008554,0.133975262,203
3253,-0.370854076,-1.916563112,-0.291763609,116
3254,-0.516670001,-2.179594864,0.08475203,102
3255,-1.342411895,-2.252850108,0.051652618,293
3261,-0.962571439,-2.350062481,-0.125523881,1044
3264,-0.560157612,-1.923884888,-0.257320719,159
3266,-0.503100718,-1.746924707,0.013671402,118
3268,-0.375827625,-1.503449863,-0.363165366,74
3272,-0.345279301,-2.142379934,-0.191716826,118
3273,-0.3079751,-2.101212978,-0.044246846,88
3274,-0.227524739,-2.218101374,-0.248047318,118
3281,-0.695570433,-1.499048889,-0.322731262,24
3282,-0.587846152,-2.404682576,0.096087886,159
3283,-0.329105291,-2.244301401,-0.084871513,118
3284,-0.418513823,-2.142531429,0.118386598,55
3286,-1.203598134,-2.405225063,0.074620344,267
3288,-0.115987502,-2.171807402,0.366136419,24
3293,-0.404230247,-2.19846458,0.158448785,73
3301,-0.112757901,-2.241811647,0.297813939,59
3305,-1.242442617,-2.339815584,-0.007002658,263
3306,0.023916842,-2.252812572,-0.359239522,26
3309,-0.604267054,-1.621703291,0.137332599,26
3310,-0.494175891,-1.922964681,0.30755848,44
3315,-0.856825335,-2.455518521,0.012850681,217
3317,-0.632364596,-2.096175314,0.20271213,72
3318,-0.803775646,-2.430401424,0.097047826,217
3320,-0.166592728,-2.393303069,0.21969064,103
3321,-0.578500108,-1.935401416,-0.073980156,88
3324,-0.971169725,-1.936123152,-0.214419723,198
3329,-0.591997302,-2.03234674,0.271402364,25
3330,-0.785306205,-2.482965491,-0.160827173,209
3331,-0.720118072,-2.486035814,0.046802178,176
3332,-1.111983508,-2.281353408,0.050963109,209
3333,-0.436165198,-2.149602012,-0.134111114,84
3334,-0.90593138,-2.415604978,-0.030831979,176
3339,-0.62328506,-1.604999666,0.342606934,35
3340,-0.166584128,-2.23831548,0.310218298,22
3341,-1.112600062,-2.436945498,0.087127523,180
3343,-0.387823013,-2.094615167,-0.157901828,35
3347,-0.441915397,-2.248591542,0.191401593,66
3348,-0.583901827,-1.290762173,-0.430072648,35
3349,-0.461501976,-2.384228706,-0.189702298,92
3351,-0.677242085,-1.875447762,0.141723214,35
3357,-0.34883862,-2.481696407,-0.223883246,78
3363,-0.628943847,-2.009582755,-0.407676147,277
3364,-0.649015169,-1.336494428,-0.350330054,22
3367,-0.291922046,-2.214481601,-0.281439881,38
3368,-0.827678464,-2.079480066,-0.196998792,130
3371,-0.245037003,-2.395461235,-0.303125226,50
3373,-0.363044051,-1.570054423,-0.601155537,22
3374,-0.308064265,-1.623952699,-0.613701776,22
3375,-1.292759055,-2.265254014,-0.018457428,227
3376,-0.677869955,-1.853156902,-0.344626807,86
3377,-0.203952113,-1.907411671,-0.510573783,23
3379,-0.309548121,-2.275520783,-0.356805028,33
3380,-1.288245337,-2.180645962,-0.060706559,246
3381,-0.901250915,-2.197819752,-0.259639824,210
3385,-0.344361361,-2.100540256,-0.360600801,21
3386,-0.096782437,-2.3726163,-0.453428556,20
3387,-0.079101375,-2.43547408,-0.389284461,20
3390,-0.665489548,-2.086867375,-0.249813743,80
3392,-0.763096516,-2.471813281,-0.231462801,146
3393,-0.278867559,-2.342880734,-0.331538583,33
3394,-1.333448951,-1.794272786,-0.080748004,526
3397,-1.210305832,-1.675620982,-0.02828608,515
3399,-0.826915661,-2.328537652,0.151464908,29
3401,-0.787787637,-2.031520012,-0.296527266,108
3403,-1.031538774,-2.05916907,-0.319675519,878
3404,-0.659044318,-2.469827633,-0.245886224,86
3405,-0.791522913,-1.732310053,-0.02159593,64
3406,-0.816812259,-1.756538385,0.234814561,31
3408,-0.602761248,-1.999915228,-0.493804742,212
3410,-1.388174446,-2.113182878,0.081761393,627
3413,-1.155701524,-2.449878691,-0.02293413,130
3415,-0.048263151,-2.619027275,-0.500477452,18
3417,-0.696997778,-2.251223375,-0.282431232,64
3418,-0.59173254,-2.085091467,-0.359066856,64
3419,-0.874140258,-1.578032828,-0.520222689,29
3420,-0.612951404,-2.3348983,-0.316800733,52
3423,-0.963036072,-1.834368574,-0.325494783,503
3424,-0.709596076,-1.411961665,-0.084703614,18
3425,-0.741478309,-2.062261182,-0.360086997,96
3426,-0.705233314,-1.997290175,0.014487332,19
3427,-0.836142647,-1.996544889,-0.279114833,96
3428,-0.192811756,-2.54768412,-0.473917005,18
3430,-0.460168185,-2.075481883,-0.341739481,19
3432,-0.72126108,-1.700075451,-0.433572213,19
3433,-0.89917215,-1.678252427,-0.151524721,52
3434,-0.862359588,-2.455361943,-0.075533364,118
3435,-0.490264976,-2.264020734,-0.33887965,18
3436,-0.453357682,-2.059644087,-0.509263581,18
3437,-0.345162558,-2.465835713,-0.282281253,18
3438,-1.005971467,-2.346188697,-0.185299063,163
3442,-1.142319017,-2.299639308,-0.126250903,163
3443,-0.526400336,-2.483511535,-0.374253558,48
3444,-0.863750621,-2.556164194,-0.188953684,92
3445,-0.710725026,-2.145278878,-0.469761736,167
3446,-1.1119644,-1.780613162,-0.366236654,466
3447,-0.579456097,-2.385709049,0.167144927,16
3448,-0.853445465,-2.501001448,-0.226597166,103
3449,-0.508987494,-2.168902243,-0.463993581,16
3450,-0.532954296,-2.294271655,-0.424742971,26
3453,-1.465374336,-1.711393702,-0.125923368,466
3454,-0.84100451,-2.084085083,-0.420500614,103
3457,-0.910350874,-2.003328221,-0.423082591,249
3461,-0.882176321,-1.61582307,-0.088096364,26
3462,-0.950551437,-1.795940611,-0.526470236,433
3463,-0.642737759,-2.334992086,-0.192051554,16
3467,-0.961016177,-2.39692479,-0.235580883,114
3469,-0.819349221,-1.895177085,-0.609089605,174
3470,-0.916687766,-2.222859593,-0.343796924,103
3471,-0.869424918,-1.5949056,-0.031669604,26
3472,-1.386755368,-1.690093665,-0.258017637,455
3473,-1.046624886,-2.035631085,0.147473092,16
3474,-0.649120642,-2.487410719,-0.159273751,26
3479,-0.626633974,-2.435528226,-0.187844029,16
3480,-0.707524037,-2.497866055,-0.389346004,81
3481,-0.7881903,-2.282754394,-0.419715327,92
3484,-1.421250133,-2.015592126,-0.107695989,611
3486,-0.578810722,-2.661975902,-0.262258676,48
3488,-0.608457962,-2.402061846,-0.452316965,26
3489,-0.741819168,-2.068671476,-0.60184261,119
3492,-1.198343956,-1.629195281,-0.427769171,59
3493,-0.846109056,-2.378302052,0.160888379,37
3494,-0.668561726,-2.603062828,-0.391427691,59
3496,-0.936957296,-2.343776078,0.083424406,70
3498,-0.678605356,-2.307495769,-0.53022222,105
3499,-1.402049759,-1.95794905,-0.076827258,600
3501,-0.734082738,-2.383655015,-0.226111062,26
3502,-1.310011381,-2.128233864,-0.189675935,691
3504,-0.869852212,-2.185617345,-0.230186705,123
3505,-0.815255448,-2.029281292,-0.589665348,108
3506,-1.345795518,-2.144899334,0.002736299,178
3511,-0.732733511,-2.286630308,-0.491130259,37
3512,-1.088797846,-2.220402092,0.078815439,94
3514,-0.937758519,-1.764679677,-0.071696504,26
3515,-0.641811777,-2.436380298,-0.569199436,59
3517,-1.178233093,-2.048583341,0.143082661,16
3518,-0.563602209,-2.55047019,-0.569437111,37
3520,-1.48509435,-2.136478072,0.358994683,510
3521,-1.179845882,-2.077934254,0.173436948,16
3522,-1.036267777,-1.847546277,0.001137991,59
3523,-1.101001078,-1.517005521,-0.214628413,26
3524,-1.517710416,-1.641226667,-0.201868134,411
3525,-1.102775304,-1.776272825,-0.018301197,83
3526,-1.397701104,-1.870119451,-0.040743383,521
3527,-0.408316528,-2.704146918,-0.638596069,16
3528,-1.001848735,-1.676718387,-0.063080893,26
3529,-0.808025824,-2.413340512,-0.142551422,16
3530,-0.834170311,-2.239974516,-0.276952376,16
3531,-0.716802697,-2.124228091,-0.293399212,16
3532,-1.387882222,-1.632646363,-0.457642227,378
3534,-1.42101251,-2.19225386,-0.049417543,608
3535,-1.047456091,-1.800049639,-0.111391147,26
3538,-1.107335501,-2.219971251,0.055546068,16
3539,-1.207671473,-1.768202615,-0.296239006,389
3540,-0.734459072,-1.639141199,-0.456691275,205
3542,-0.991861923,-1.927698994,-0.159229247,26
3543,-0.666012984,-2.367555745,-0.610805629,37
3544,-1.3577807,-1.847853668,0.102729693,521
3545,-0.744569729,-2.196576715,-0.605995972,59
3546,-1.404586837,-1.866711422,-0.025295679,534
3547,-1.390024996,-1.865316698,0.042429997,534
3549,-1.212090598,-2.382239662,-0.046951262,59
3550,-1.426464025,-1.80911668,-0.212406109,552
3551,-0.962298216,-2.01262321,-0.54838755,59
3555,-0.544125245,-2.658372796,-0.637111299,16
3560,-0.716159336,-2.300325047,-0.619882422,26
3564,-1.225465124,-2.280955533,0.033605756,64
3568,-1.369706973,-1.427858293,-0.210421592,264
3569,-1.416765805,-1.71864498,-0.107673281,512
3571,-1.502071258,-2.146282512,0.382193303,477
3574,-1.553458469,-1.593037901,-0.200927111,378
3575,-1.480800441,-1.520798083,-0.35600598,292
3578,-1.152761714,-2.343392572,-0.071719452,50
3579,-0.822001098,-2.307969986,-0.302539117,16
3580,-0.925661654,-2.343870602,0.141196856,16
3582,-1.063552748,-1.79005331,-0.066219056,39
3585,-0.692725253,-2.377278868,-0.467310944,26
3587,-1.514209376,-1.584481017,-0.060551861,389
3589,-1.536993113,-1.558749035,-0.429143199,294
3591,-1.406105456,-1.637737603,-0.017110504,477
3592,-1.195055436,-1.757200808,-0.042622249,86
3594,-1.306573988,-1.609909586,-0.694446687,39
3595,-0.578967981,-1.669602752,-0.538460098,255
3596,-0.786685806,-2.258484342,-0.486798514,16
3597,-1.032842682,-2.246816383,-0.046586071,42
3598,-1.523774495,-1.473227898,-0.058962624,323
3599,-1.621708248,-1.559225283,-0.317867342,334
3601,-1.459446893,-1.630591175,-0.346636958,283
3602,-1.573946775,-1.565300811,-0.147576164,367
3603,-1.532342228,-1.551546043,-0.017425951,367
3604,-1.353116437,-2.002226925,0.123236937,28
3606,-1.392671201,-1.585227673,-0.187208479,270
3608,-1.316613275,-1.953746456,0.131596968,28
3609,-1.380055814,-1.674653464,0.044526945,477
3611,-1.604735989,-1.514312916,-0.353365109,312
3614,-0.704510766,-2.327666313,-0.32964206,16
3615,-1.258525665,-1.712501146,-0.316747786,356
3616,-0.894883983,-1.636158379,-0.362948552,148
3618,-1.659735421,-1.547071014,-0.406539624,323
3620,-1.491928534,-2.067126108,0.352568305,444
3623,-1.646166293,-1.436238351,-0.498522836,272
3624,-1.578817549,-1.437945956,-0.298540044,285
3625,-1.459430663,-1.460180866,-0.20428444,82
3626,-1.44121863,-1.442308952,-0.158012242,82
3628,-1.573946263,-1.51136236,-0.13816783,323
3632,-1.599990549,-1.501465838,-0.2009012,367
3633,-1.25938517,-2.181853789,0.10487766,18
3637,-1.262561123,-2.315936195,0.069656615,18
3638,-1.333076054,-2.127570135,0.044556747,64
3639,-1.118688888,-2.242438426,-0.160361972,46
3646,-1.517948599,-1.375340214,-0.02836917,399
3647,-1.586521925,-1.409590013,-0.11168468,366
3648,-1.635690862,-1.388927865,-0.330521672,275
3649,-1.652913151,-1.378237224,-0.48041804,247
3651,-0.713568719,-2.230364777,-0.532976787,20
3654,-1.105065848,-1.887608224,-0.259721473,20
3657,-0.70396142,-2.106911158,-0.557576581,34
3658,-1.315008709,-2.107353694,0.057275946,52
3659,-1.382792876,-2.003761248,0.074037146,107
3661,-1.369136681,-2.089683244,0.108192911,467
3662,-1.634884446,-1.982670272,0.300388346,333
3663,-1.008143273,-1.608183593,-0.43971234,234
3664,-1.33879,-2.12446954,0.063443493,20
3668,-1.682579502,-1.436679373,-0.263568152,320
3669,-1.589919814,-1.285417705,-0.067903407,375
3671,-1.704830183,-1.853676962,0.367543671,342
3673,-1.678947025,-1.323217398,-0.326181412,260
3674,-1.641309071,-1.916087301,0.370610842,364
3675,-1.667747369,-1.356821366,-0.652077373,114
3676,-1.72214126,-1.370590246,-0.730222669,39
3677,-1.653702955,-1.378347655,-0.141152905,342
3678,-1.573588984,-1.900395104,0.062576185,133
3682,-1.636108112,-1.855154754,0.326501715,306
3683,-1.45646759,-1.867950881,0.108349333,80
3685,-1.678773405,-1.357522858,-0.117136755,284
3687,-1.685985265,-1.216702239,-0.091016933,339
3691,-0.594376923,-1.718580301,-0.438903721,157
3693,-1.626198935,-1.757412138,0.029097854,139
3695,-1.736709314,-1.441353685,-0.313616146,295
3697,-0.550389296,-1.884942548,-0.720430059,43
3700,-1.721626757,-1.235167645,-0.241947578,339
3703,-0.170542787,-1.711458967,-0.677398747,157
3709,-1.08142956,-1.802130126,-0.242955945,328
3715,-1.091077282,-1.993526137,-0.090661013,64
3716,-1.211834508,-1.919029161,-0.088016283,64
3721,-1.467611979,-1.531676691,-0.28131418,217
3722,-1.827693998,-1.425577927,-0.361511434,268
3724,-1.824407805,-1.326452731,-0.347024216,290
3726,-1.139119183,-3.047572888,0.214195427,818
3727,-1.266255954,-1.99449906,0.117709749,64
3728,-1.727089193,-1.890798761,0.363970413,312
3729,-1.208021638,-1.973297182,0.082697044,64
3731,-1.347287557,-2.012734964,0.096452203,64
3738,-1.724729148,-1.409221521,-0.504091683,217
3740,-1.030414616,-3.356954907,0.238398158,895
3741,-1.680697262,-1.641719407,0.028450924,123
3746,-1.402924322,-2.17173862,-0.015816927,30
3747,-1.83690773,-1.317583105,-0.583445504,67
3751,-1.799400218,-1.423135889,-0.055625575,306
3752,-1.825756275,-1.362477415,-0.164500929,284
3755,-1.829769579,-1.112888564,-0.039685252,47
3758,-1.777594577,-1.324088771,-0.641482674,67
3762,-1.864263773,-1.310245126,-0.69898756,30
3763,-1.284212408,-2.058112279,0.100685525,407
3764,-1.073509459,-1.523885358,-0.040293059,86
3765,-1.341662774,-2.033684432,0.121446164,407
3766,-1.604675119,-2.508282907,0.234790799,437
3768,-0.482054946,-1.87401943,-0.571547056,47
3770,-1.27954793,-1.596776508,-0.014705679,195
3772,-1.541288234,-2.033111667,0.358189898,288
3773,-1.603294165,-1.882578252,0.122544271,47
3774,-1.883851353,-0.953377199,-0.2215283,143
3775,-1.32283582,-2.036522943,0.339696962,321
3776,-1.339658411,-1.99445858,0.00845116,49
3777,-1.141766057,-1.741138316,-0.059941063,106
3778,-1.800447033,-1.880486849,0.282607632,255
3779,-1.382296718,-1.985306209,0.042392972,66
3780,-1.579630797,-1.82770803,0.13158945,49
3781,-1.000958148,-1.607716853,-0.323814933,88
3785,-0.795675124,-1.965218885,-0.291094179,30
3786,-1.353583894,-1.954786515,0.009788872,88
3787,-1.527294643,-1.615713389,-0.393315456,222
3788,-1.342961564,-1.709612408,-0.022529816,255
3789,-1.731073672,-1.305901764,-0.115869798,266
3790,-1.01348374,-1.659353645,-0.074516971,66
3794,-1.557475589,-1.982859619,0.045800264,66
3795,-1.536920167,-1.388585714,-0.157121441,179
3796,-1.556038068,-1.33263733,-0.235871925,151
3797,-1.694622625,-1.791456635,0.076273705,68
3799,-1.445914021,-1.76594604,-0.036092036,237
3800,-1.443832403,-1.41995818,0.121757611,303
3802,-1.593003098,-1.094636769,-0.063937187,138
3805,-1.674606079,-1.102721054,-0.046595578,50
3806,-1.287559057,-1.548311301,-0.064237534,107
3807,-1.446725793,-2.123993361,0.358793611,347
3809,-1.364007677,-1.952543069,0.033489801,404
3810,-1.904716647,-1.56807727,-0.060903896,237
3813,-1.99458705,-1.468162949,-0.26526384,183
3814,-1.816910551,-1.57512173,-0.15442243,49
3819,-1.691181035,-1.805648987,0.046470824,47
3821,-1.089318663,-1.763984526,-0.189162261,28
3822,-1.143182221,-1.946554125,-0.175399928,110
3823,-1.399521317,-1.924706417,0.092001102,136
3824,-1.424562184,-1.924590943,0.134482917,136
3826,-1.536968619,-1.957773373,0.107955478,136
3827,-1.335145747,-3.01148314,0.208475897,645
3828,-1.423431288,-1.939709804,0.04613342,28
3829,-1.885663334,-0.870072928,-0.070752605,28
3830,-1.492938152,-2.385390997,0.336715591,330
3833,-1.930827087,-1.488129193,-0.27271299,163
3834,-1.462090674,-1.633248502,-0.425934347,163
3836,-1.039464476,-2.216998966,-0.157418606,592
3838,-1.359756575,-1.686747908,-0.429904915,163
3839,-1.792750122,-1.967980482,0.24377724,185
3840,-1.49927904,-2.043263479,0.447682507,253
3841,-0.766868288,-1.810155924,-0.728884504,103
3842,-1.672837686,-1.394982226,-0.603935923,77
3844,-1.873603426,-1.475208975,-0.391174182,143
3847,-1.283368408,-3.035137832,0.189025594,651
3848,-1.820220884,-1.423775466,-0.527112393,132
3850,-1.957901012,-1.310551638,-0.681514622,118
3856,-1.728303097,-1.301281334,-0.372623591,103
3857,-1.403565173,-1.442915314,-0.731400668,28
3858,-1.138082534,-1.64960447,-0.659137101,118
3860,-1.767933814,-1.356135009,-0.723351872,80
3865,-1.866483669,-1.140146074,-0.450027757,41
3869,-1.825453818,-1.141165437,-0.06336424,186
3871,-1.71885267,-2.01403797,-0.015078629,54
3873,-1.273942959,-1.466902465,-0.792949857,24
3874,-1.045243218,-1.69616136,-0.664152497,95
3875,-1.2124424,-1.596117992,-0.713590925,80
3876,-1.546761867,-1.533037556,-0.556654285,107
3878,-1.84668039,-1.302856332,-0.77266364,67
3881,-1.693521361,-1.360324459,-0.723514463,54
3883,-1.206313915,-2.012984647,-0.391704556,36
3884,-1.581007745,-1.179505866,-0.270911504,22
3885,-1.08282951,-1.521910019,-0.084004727,23
3888,-1.740763043,-1.877725942,0.330538468,157
3891,-1.203471667,-1.955391664,-0.108587758,36
3893,-1.106894007,-1.921198081,-0.055955271,22
3896,-0.823469056,-1.8388792,-0.355054446,36
3898,-0.374345406,-1.735660904,-0.617434107,23
3899,-1.460651111,-1.492500045,-0.681791604,49
3901,-1.366639634,-1.491413207,-0.786855163,36
3902,-1.689970055,-1.903607279,0.346617773,151
3904,-1.633960254,-1.8667731,0.390927224,171
3905,-1.531965578,-1.393716868,-0.837157624,20
3907,-1.38696492,-1.744156059,0.146737988,239
3909,-1.417137459,-1.48971935,-0.186917111,20
3911,-1.29703558,-1.569507202,-0.721957374,20
3912,-1.261388347,-1.943358225,0.222761191,180
3915,-1.856381095,-1.08146835,-0.197543641,20
3917,-1.217489958,-3.061344347,0.196481603,607
3918,-0.903362523,-1.708864611,-0.802623807,20
3919,-2.147108519,-1.245735509,-0.691871211,46
3922,-1.255861131,-2.303348206,0.043397333,231
3923,-1.71252238,-1.524360305,-0.412743327,46
3925,-1.200544562,-1.709255458,-0.29874475,33
3928,-1.837541371,-1.891576667,0.221262876,68
3931,-1.843487263,-1.173743617,0.020185582,90
3932,-1.554149759,-1.500372559,-0.044071009,85
3933,-0.77058592,-1.745155842,-0.398743241,52
3937,-1.259034585,-1.952227037,0.065130638,41
3939,-1.867215989,-1.798212381,0.205163187,30
3940,-1.558765692,-2.085325458,0.361045353,96
3941,-0.575629088,-1.785002565,-0.513191861,41
3942,-1.785297349,-1.264125899,-0.107223434,52
3943,-2.046410418,-1.511617413,-0.119446468,41
3944,-1.923111647,-1.65893482,0.04798296,41
3945,-1.877944972,-1.774778735,0.239141512,41
3946,-1.863349865,-1.736333981,0.305201878,52
3948,-1.309906231,-1.805611739,0.249431743,140
3949,-1.687339396,-1.47231965,-0.330997594,37
3950,-1.564627894,-1.597800252,-0.279145308,37
3955,-1.250446302,-2.124647564,0.116904751,147
3956,-1.874085529,-1.721888799,0.253405712,26
3958,-1.201445775,-1.71835273,-0.109172248,48
3959,-0.666913597,-1.820130684,-0.336380897,26
3960,-1.613569868,-1.839483789,0.361282264,92
3961,-1.752655509,-2.114863841,0.181736135,4
3962,-1.610710562,-1.569712903,-0.414013106,16
3963,-1.476019056,-1.554574459,0.164049071,81
3964,-1.317998921,-2.111251535,0.197056994,200
3966,-1.42611937,-2.007577551,0.337278892,136
3967,-1.371672022,-2.550009861,0.1483528,381
3968,-1.394013102,-2.235403705,0.444797689,125
3969,-1.532524397,-2.449792546,0.355971345,169
3971,-1.118925195,-2.433715421,0.055166568,444
3972,-2.273650871,-1.27105703,-0.533764102,16
3973,-1.498451393,-2.010830701,0.344022834,136
3975,-1.57093174,-1.461712649,-0.161873917,70
3977,-1.516796381,-1.604275416,-0.129445126,16
3979,-1.685828582,-1.101959662,0.003985809,59
3982,-1.811565299,-1.722447975,0.138316966,37
3983,-1.116633158,-1.921609606,-0.05221788,16
3984,-1.024454885,-2.946730195,0.01889061,576
3985,-1.180221769,-2.778959567,0.132817455,460
3987,-1.328461573,-2.039361598,0.22242992,158
3988,-1.76404439,-1.713616052,0.362981923,37
3991,-1.138048878,-1.614074042,0.079388303,26
3992,-1.455157157,-2.266976928,0.408716146,114
3993,-1.7844152,-1.455361529,0.215555094,48
3994,-1.727154783,-1.366125438,-0.236954996,37
3995,-1.540980831,-1.50169075,0.03136308,26
3996,-1.627375782,-1.382559687,-0.22106172,48
3997,-1.637295762,-1.852592696,0.352933096,16
3999,-1.448214756,-2.448614198,0.067002364,229
4003,-1.740015109,-1.944090379,0.337476562,16
4004,-1.653979729,-1.461592831,0.14888865,26
4006,-1.427632744,-2.381537162,0.117897545,273
4007,-1.452411553,-1.676532552,0.273769711,81
4008,-1.771255893,-1.337654609,0.143559009,26
4012,-1.072836488,-3.288629557,0.107707844,598
4013,-0.974180098,-3.354983771,0.122394281,620
4014,-1.569013851,-1.54610925,-0.084888796,16
4015,-1.660668515,-1.353478741,-0.088859715,26
4016,-0.86472414,-3.535994245,0.174797059,681
4017,-1.571783578,-2.015253617,0.296744342,16
4018,-1.361339339,-2.342543153,0.291289961,103
4023,-1.250656713,-2.184401815,0.019807748,125
4030,-1.77777249,-1.675605067,0.415362577,16
4034,-1.183232447,-2.155839706,0.027293027,92
4035,-1.487900769,-1.630101245,-0.063957046,16
4039,-1.178921185,-2.240074593,0.094750325,92
4041,-1.209447755,-2.067534752,0.451400105,37
4043,-1.370357878,-2.271324622,0.45726073,81
4052,-0.89641638,-3.44734613,0.218698956,636
4054,-1.549508053,-2.240990117,0.444633559,59
4058,-1.232864659,-2.151372262,0.24725922,37
4059,-1.4532942,-2.097960313,0.482787466,59
4060,-1.518603089,-1.986373638,0.462507783,37
4061,-1.484232127,-1.987671267,0.450287251,48
4062,-1.446008594,-2.154646217,0.471740248,59
4064,-1.241636712,-1.943165975,0.258256455,59
4067,-1.327085228,-2.284891066,0.473365057,70
4071,-1.230780639,-2.091027296,0.34286442,26
4072,-1.052618722,-2.972501533,0.051840471,485
4075,-1.65939406,-2.596355276,0.245721788,177
4079,-1.687907516,-1.86942365,0.416583765,16
4080,-0.912380447,-2.066392913,-0.064952039,37
4081,-1.249074395,-1.965891829,0.270079305,48
4082,-0.860815103,-3.504551277,0.276414728,642
4083,-1.333734099,-2.609131279,0.177118535,315
4085,-1.678951079,-1.881568017,0.441481287,16
4088,-0.905461215,-1.920128554,-0.225737178,26
4090,-0.639899631,-3.794075813,0.290961678,817
4091,-1.402393859,-2.50904282,0.243282801,105
4094,-1.031677779,-2.106594669,0.05777809,16
4097,-1.284592853,-2.289068449,0.488169873,59
4116,-1.329444282,-2.216240805,0.495756896,48
4117,-1.253663145,-2.059838526,0.076983749,70
4118,-1.631489073,-2.178059755,0.387292326,16
4120,-1.527223172,-1.945598342,0.497820142,16
4130,-1.514939855,-1.974495064,0.487377808,16
4134,-1.259140674,-1.942219147,0.09459932,37
4139,-1.43132753,-1.676904909,-0.162404649,48
4147,-1.431306179,-1.770336591,0.295120618,26
4154,-0.473411892,-3.668839374,0.334663778,826
4155,-1.393455772,-2.032504779,0.3625759,26
4156,-1.16363362,-2.250835221,0.301693085,16
4157,-1.330035767,-2.121602696,-0.249923511,207
4159,-0.836654961,-3.261551668,-0.043986068,578
4161,-1.064240509,-2.305154932,0.102808512,26
4171,-1.096167371,-3.033154884,0.186411496,424
4175,-0.554667022,-3.731101209,0.282466846,834
4176,-1.231544517,-2.183848132,0.541221999,16
4181,-1.29554101,-2.485335951,0.355004825,70
4185,-1.280622708,-2.47677064,0.391684376,70
4186,-0.561986082,-3.623940889,0.173623051,702
4188,-0.728987663,-3.458620638,0.036193004,646
4190,-0.40211534,-3.505267748,0.252171936,702
4198,-0.990298848,-2.464839265,0.178997104,26
4199,-1.429732483,-1.481967856,0.000766667,26
4200,-1.455336923,-1.476235279,-0.090336017,26
4202,-1.333155749,-2.622231776,0.105555311,105
4208,-0.909599046,-3.116592153,-0.06367359,532
4209,-1.245866224,-2.246963417,0.500646491,16
4211,-1.315738156,-2.364465924,0.430707076,37
4213,-0.616798425,-3.702229058,0.260859334,736
4214,-0.80354524,-3.409168581,0.012786401,581
4215,-1.039530486,-2.287489925,-0.227530247,271
4216,-1.206829248,-2.341504267,0.012237408,72
4217,-0.984967017,-2.969075101,-0.015012598,400
4220,-1.305557031,-2.550260321,0.080889686,90
4222,-1.451635858,-2.521644881,0.254784724,90
4223,-1.265828559,-2.282348983,0.296526464,16
4225,-1.316126974,-2.13987987,0.236550527,16
4228,-1.094053828,-3.120090428,0.223246764,441
4232,-1.028951911,-2.330934414,-0.203650255,347
4237,-1.427848731,-1.982149417,-0.186967469,94
4239,-1.439326079,-1.780167017,-0.302163656,79
4244,-1.299519043,-2.321270804,0.284867783,16
4245,-0.922259574,-2.96319821,-0.146248529,499
4246,-1.294943996,-2.292153266,0.330282052,16
4247,-1.591602375,-2.49715784,0.314776757,61
4249,-1.036751115,-2.517192191,0.057859515,26
4252,-1.514558949,-2.440948743,0.328687109,48
4255,-1.246144217,-2.241896883,-0.025654288,48
4256,-0.910568118,-2.467963576,0.282838271,16
4259,-0.868166159,-2.475910767,0.322683786,16
4261,-1.477262442,-1.719069775,-0.321433891,37
4267,-1.512214439,-1.543237978,-0.376075155,16
4269,-1.475952264,-1.555912011,-0.286154852,16
4272,-1.512620071,-2.219131313,0.396394424,16
4273,-1.217566994,-2.808449614,0.140711962,352
4274,-1.245213785,-2.593468086,0.034516308,68
4276,-0.919451786,-2.351789548,-0.310468657,312
4278,-1.34030049,-2.240947084,0.128572968,113
4279,-1.193746398,-2.637678367,-0.056054028,339
4281,-0.328542752,-3.46821972,-0.05075676,928
4282,-1.392682623,-2.038319959,-0.26844862,113
4285,-1.007796511,-2.872844369,-0.1591618,455
4289,-1.285197313,-2.543064554,-0.016682404,72
4292,-0.747726166,-3.328502622,-0.139818903,582
4294,-1.09357284,-2.592047186,-0.16637734,341
4297,-0.02801854,-3.217865325,-0.589921504,790
4300,-1.346779779,-2.520172761,0.188353428,238
4301,-1.278813397,-2.45476048,-0.084471911,72
4302,-1.348381724,-2.149240206,0.049451166,57
4303,-1.396171913,-1.935268391,-0.346667513,72
4306,-1.369543706,-2.192817106,-0.224576095,119
4308,-0.901062833,-3.056938862,-0.182979712,499
4309,-0.448159767,-3.526578466,-0.150029387,751
4314,-1.264525805,-2.541015326,-0.155249039,91
4315,-0.875732053,-3.172022202,-0.189929716,510
4317,-1.006426459,-2.38529784,-0.364771514,279
4321,-1.448407733,-1.635910393,-0.220424684,16
4325,-1.214858074,-2.675787437,-0.050321307,61
4328,-0.884379801,-3.158151354,-0.18917438,466
4329,-1.229548625,-2.286728643,-0.365011605,152
4330,-1.378934297,-2.451118525,0.239607627,16
4332,-0.277536769,-3.517751285,-0.132048967,840
4333,-1.312606423,-2.4988465,0.044301313,46
4336,-0.905984357,-2.561094643,0.458475267,16
4337,-1.540548922,-2.480020063,0.223166131,91
4338,-1.275793138,-1.900412641,-0.344043218,108
4340,-1.332450032,-1.931319435,0.181725366,16
4345,-0.682390762,-3.174627519,-0.399264316,526
4347,-0.658828666,-3.263472492,-0.399746113,526
4354,-1.231897152,-2.605449265,-0.251588048,141
4359,-1.253636897,-2.273925825,-0.016136324,35
4364,-1.220966886,-2.592469324,0.081412622,18
4367,-1.284886172,-2.333453341,-0.302271307,216
4368,-1.118227905,-2.943638116,0.124363005,358
4371,-0.91076215,-3.429582092,0.110353686,488
4372,-0.830974984,-3.391916734,0.193346729,488
4374,-0.957691043,-2.683800814,-0.363719494,256
4375,-0.65627454,-3.406942747,-0.392610155,514
4377,-0.623457755,-3.570135696,-0.305232112,548
4380,-0.6947303,-3.713363609,0.165264324,624
4383,-1.41009855,-1.835030654,-0.125341451,24
4386,-1.114879001,-2.259802381,-0.503185669,188
4392,-1.202190966,-1.973321082,-0.618696545,156
4394,-1.009020297,-2.721289474,-0.364804461,245
4395,-0.91710022,-3.350648752,0.156004482,454
4398,-1.336475352,-2.050120605,-0.394379726,53
4399,-0.501711771,-3.767863624,0.030559036,870
4400,-0.572848054,-3.754819798,-0.251415632,571
4403,-0.97769796,-2.665984566,-0.479583167,205
4406,-1.069284795,-2.24133628,-0.297050619,230
4407,-1.401468307,-2.619401472,0.241471957,53
4408,-0.630491602,-3.727333215,0.186615342,675
4409,-0.91966513,-3.113875127,-0.358271958,226
4414,-1.502475945,-2.473477987,0.274456399,38
4415,-1.296822162,-2.668340993,0.267151349,53
4416,-1.099168757,-2.423083072,-0.46512289,173
4417,-0.342174717,-3.595300586,0.088223846,1022
4418,-1.546256625,-2.516362967,0.231952089,38
4422,-1.210372677,-2.229435893,-0.485228134,94
4423,-1.181669617,-2.05968268,-0.614368837,141
4426,-1.103587091,-2.722990325,0.178047234,230
4427,-1.12657401,-2.726811849,0.142372655,230
4432,-0.869577466,-3.074932105,-0.437571208,226
4434,-1.140450074,-2.691975746,-0.333532576,24
4436,-1.079694945,-2.380658911,-0.161108136,174
4437,-1.420618673,-2.200532441,0.000717162,38
4439,-0.521445393,-3.672222804,0.369240719,906
4444,-1.160735741,-2.626462272,-0.355018981,174
4447,-1.010785738,-2.784088201,-0.429197598,190
4450,-1.642299869,-2.600912895,0.228057346,38
4452,-0.946566764,-2.852714811,-0.450624151,207
4453,-1.100540296,-2.520751776,-0.451472118,158
4455,-0.553319294,-3.883352479,-0.222791174,559
4467,-1.132809132,-2.326304303,-0.603401824,111
4471,-0.997999292,-3.437741168,0.199456595,442
4474,-1.329888822,-2.621758639,0.005747327,24
4475,-1.149113075,-2.464672992,-0.512126023,127
4477,-1.403435342,-2.7952917,-0.090697481,191
4479,-0.891992317,-3.432587664,0.186573568,469
4481,-0.858254832,-3.136553809,-0.15723818,416
4482,-0.994718487,-2.464093412,-0.361981826,196
4483,-0.916352167,-3.113703165,-0.534851586,160
4485,-0.929652755,-3.497564186,-0.157878832,328
4486,-0.898426317,-3.274300242,-0.469998204,179
4487,-1.333217263,-2.931181045,0.040544194,49
4488,-0.563426454,-3.709778841,0.380851101,876
4489,-0.198856957,-3.154362512,-0.600655139,607
4490,0.041981953,-3.808375169,-0.153367589,1076
4492,-0.129489413,-3.728368388,0.111475868,1021
4498,-1.361283589,-2.706096764,0.003546482,49
4499,-1.281997615,-2.095023068,-0.115399796,49
4500,-0.557132456,-4.009897904,-0.118731364,564
4501,-1.127658721,-2.581095576,-0.536729728,112
4505,-0.968778718,-3.014393572,-0.504657762,144
4508,-1.033580338,-2.86792818,-0.518986644,142
4511,-1.121695824,-2.72852134,-0.511190958,96
4512,-1.478485784,-2.643144855,0.103874428,34
4514,-1.090288695,-3.245703347,-0.378826505,112
4515,-1.180015837,-3.146536224,-0.184360192,112
4517,-1.317176963,-2.675189745,-0.053298113,34
4518,-0.072529876,-3.769058128,-0.154929942,1104
4520,-1.010067121,-3.168168873,-0.528829909,128
4523,-1.316832813,-2.443768883,0.190266273,128
4526,-1.194266117,-2.871258464,0.194497821,244
4527,-1.224818263,-3.187034558,-0.27471447,96
4528,-1.148631745,-2.190379822,-0.680821174,76
4530,-0.928610577,-2.586725856,-0.33729552,171
4531,-1.291255271,-2.214026505,0.023695395,54
4533,-0.973895618,-3.126345996,-0.628153007,92
4534,-1.131028014,-2.797543181,-0.51468686,60
4536,-0.72987824,-3.369553632,-0.049363785,452
4538,-0.353379469,-3.469811945,0.329062022,526
4539,-0.970958282,-2.729320781,-0.065272856,224
4540,-1.09159275,-3.080493855,0.079561474,147
4541,-1.33772369,-2.71130605,0.178511156,58
4544,-0.993014457,-3.329133834,-0.599628055,58
4546,-1.176725805,-3.106820678,-0.128087829,92
4547,-1.158392875,-3.079195132,-0.249362368,60
4548,-1.148439488,-2.673444915,-0.51186189,60
4550,-1.214490558,-3.25466293,-0.354612611,53
4551,-1.211590939,-3.016619839,0.164936277,101
4552,-1.259903856,-3.182544601,-0.195388251,53
4553,-0.977135131,-3.247922212,0.294272813,33
4554,-1.135610403,-3.069919515,0.135725639,103
4559,-1.133098798,-2.45207811,-0.619252588,33
4561,-0.98737666,-3.130826645,0.031198906,120
4563,-0.871219531,-3.205841457,-0.479628423,94
4566,-1.156167555,-2.18530218,-0.576530476,26
4567,-0.214106131,-3.397684748,-0.17751253,609
4571,-0.873047336,-2.633935804,-0.274293231,173
4574,-0.969088692,-2.596151496,-0.37139239,109
4576,-1.121875953,-2.219357518,-0.45452711,41
4582,-1.114919042,-2.982992223,0.12884373,170
4583,-0.613806745,-3.440153448,-0.148216024,441
4585,-1.02900928,-2.720068034,-0.465135411,41
4586,-1.131141574,-2.183101293,-0.130418402,41
4587,-1.241334973,-2.701551664,0.15502191,117
4590,-1.09270258,-2.665596146,0.054955085,144
4593,-1.207054167,-2.095271239,-0.277143001,59
4596,-1.0726417,-2.721254778,0.220057975,82
4597,-1.005110124,-2.772484201,-0.066576481,104
4602,-1.014254689,-2.944154642,-0.550451704,26
4603,-1.092875487,-2.733964933,0.022540107,88
4604,-0.937193385,-2.707856681,-0.149481442,128
4606,-1.153379058,-2.888931765,0.116389293,167
4609,-0.850332457,-3.226483389,-0.384083388,62
4611,-1.251426272,-2.671050831,0.178668745,88
4616,-1.150051295,-2.010009813,-0.264730253,26
4619,2.559297298,-4.955894805,-2.23727086,446
4622,-1.123875075,-2.129062245,-0.324601483,48
4623,-0.941052197,-2.318828891,-0.192326484,85
4626,-1.216240979,-2.696951271,0.200943246,50
4628,-0.949533903,-3.315418708,-0.275854308,27
4633,-0.948456171,-3.314487536,-0.110855517,172
4636,-1.043225224,-2.19227379,-0.485539784,29
4638,-0.93013169,-3.360042306,-0.39814409,27
4641,-0.951856584,-2.764576522,-0.142486129,185
4642,-1.25185497,-2.668412804,0.197836028,53
4644,-1.03644475,-2.93241926,0.173544311,93
4645,-0.639450538,-3.364986329,-0.373156968,290
4649,-1.317002331,-3.042706429,0.222242931,92
4650,-0.846346611,-2.371402308,-0.25025237,79
4654,-1.346275784,-2.975085702,0.209360715,77
4656,-1.143188565,-3.060539088,0.24068252,158
4657,-1.131449878,-2.924336989,0.236852682,79
4660,-1.251637645,-2.456971367,0.198558188,16
4671,-0.947043021,-3.28888942,-0.037838213,92
4675,-0.933842543,-3.110443488,-0.071791354,79
4677,-0.9603856,-3.019980736,-0.069780718,26
4679,-0.762576464,-3.100845627,-0.416455083,28
4683,-0.884499141,-2.455892309,-0.137226615,68
4688,-1.061905631,-3.102544205,0.059036994,122
4698,-0.919279372,-3.059011149,-0.18287697,134
4699,-0.862024467,-2.862003063,-0.295053071,94
4700,-0.866066367,-3.047768379,-0.189153703,55
4701,-0.742760643,-3.210522014,-0.424614424,28
4707,-0.891913003,-3.432922988,-0.240230881,134
4708,-0.742734835,-3.476764754,-0.40820707,42
4712,-1.040813193,-3.288560144,0.067660998,158
4713,-0.896804432,-3.37072332,-0.234660817,134
4715,-0.858212885,-2.790182318,-0.343990535,28
4716,-0.803786268,-2.399669101,-0.224293242,55
4717,-0.020111307,-3.813403473,0.06533252,862
4724,-1.025901226,-2.97231661,0.285931273,70
4726,-1.085730361,-3.208584169,0.30624413,158
4727,-1.233898645,-2.933462401,0.246793542,57
4728,-1.039876564,-3.437156682,0.091606812,109
4729,-0.909756247,-2.85958663,0.25461413,18
4730,-0.93242906,-2.864363457,0.220206963,18
4731,-0.957448795,-2.86813908,0.177673974,18
4735,-0.555128474,-4.074227492,-0.165083498,361
4740,-1.034312103,-3.225974322,0.294179539,158
4741,-0.876651792,-2.85293867,0.309852515,18
4744,-0.961087863,-2.815307581,-0.269317821,135
4752,-1.096408909,-2.739543274,0.30134906,20
4756,-0.974145791,-3.464626625,0.250463444,212
4759,-0.93989904,-3.124943268,-0.152056947,99
4760,-1.033101832,-2.971815336,0.260410431,45
4762,-0.911834272,-2.866015768,-0.307916738,133
4763,-0.85436603,-2.474191463,-0.402675577,32
4764,-1.023429026,-3.263235921,0.071758885,45
4765,-0.934711844,-2.447725369,-0.364740647,20
4769,-0.874449638,-2.373394837,-0.336502597,20
4778,-1.065922803,-2.847700602,0.295709627,20
4800,-1.044345369,-3.157206034,0.056273815,87
4802,-0.964761497,-3.239514676,0.045722027,45
4804,-0.540575819,-3.894148413,-0.146294334,323
4806,-0.927578631,-3.103026857,0.259051631,85
4808,-1.007712345,-2.938821122,0.29366018,32
4815,-0.700764944,-4.020717227,-0.289100201,217
4816,-0.66898713,-3.965535714,-0.256684512,234
4819,-0.71367885,-3.472900985,-0.346928318,186
4820,-0.751111354,-3.982800674,0.252915193,234
4821,-0.182890775,-3.820278945,0.288395526,767
4822,-0.700592284,-3.543609807,-0.363368431,186
4824,-0.905294362,-3.031382489,0.193014026,32
4825,-0.700061852,-3.983899094,0.344160243,200
4829,-0.720229767,-3.754322276,0.319512244,659
4830,-0.969708486,-2.956209404,-0.063465679,32
4832,-0.825198308,-3.293587769,0.190673136,58
4834,-0.787883927,-3.472393868,-0.337443935,32
4836,-0.816204024,-3.674890085,-0.371194013,45
4838,-0.795886403,-3.117760893,0.328376405,45
4839,-0.849597819,-3.268511058,0.161230717,58
4840,-1.014450656,-2.884953785,0.010192537,20
4841,-0.022198272,-3.016525598,0.479050559,20
4843,-0.864378017,-3.518435729,0.352759387,32
4848,-0.798373599,-2.448347122,-0.226429878,20
4850,-1.220178311,-3.272938489,0.215966468,20
4851,-0.836930959,-2.743964799,-0.41275271,32
4852,-0.768480476,-3.785234419,-0.330335157,160
4856,-0.618073298,-4.225217497,-0.299811693,241
4858,-0.876315345,-3.145548599,-0.210398924,20
4860,-0.971636367,-3.048610952,0.09989512,20
4863,-0.741046936,-3.997250773,0.237735208,314
4864,-0.544305009,-3.684373291,-0.156736701,312
4865,-0.954148279,-2.667247159,-0.32493612,59
4866,-0.819050402,-3.02117305,-0.38205212,125
4867,-0.709276679,-4.113344721,-0.362754131,174
4872,-1.08167682,-3.023487066,0.253502322,32
4875,-0.84869594,-3.215771384,0.308052344,81
4884,-0.428758899,-3.643213385,0.35861876,596
4885,-0.247632042,-3.74582486,0.225969307,840
4887,-1.001751982,-3.71083989,0.127401695,123
4890,-0.83521829,-3.389036327,-0.37419443,90
4891,-1.024056972,-3.098937443,0.008584357,35
4892,-0.827142735,-3.365791734,-0.405437461,21
4895,-0.888869473,-3.693270888,0.352136514,33
4897,-0.833841618,-3.096717937,-0.407296733,101
4900,-0.503091943,-3.709975703,0.102985155,583
4901,-0.812581825,-3.205844846,-0.401544845,101
4903,-0.837189214,-3.652819219,-0.397944472,35
4905,-0.880466389,-3.85111437,-0.370920502,57
4908,-1.013545803,-2.916615498,-0.003640747,20
4911,-0.866137082,-3.904794764,0.319232567,90
4912,-0.828546721,-3.354976049,0.237709433,57
4913,-0.883271851,-2.988578096,-0.310992357,30
4917,-0.085956627,-3.590541728,-0.041774577,668
4918,-0.529320296,-4.233840998,0.265662022,272
4923,-1.036339596,-3.158550631,0.299164249,30
4927,-0.887750379,-3.524982129,-0.281224889,30
4929,-0.680918037,-3.796035749,-0.268592355,162
4935,-0.820137311,-3.286541683,-0.379703966,85
4936,-0.617565499,-3.51419878,-0.291538429,179
4937,-0.836341588,-3.300718793,0.264326051,52
4939,-0.961191406,-3.232892575,-0.127628988,30
4941,-1.148876243,-3.233000727,0.152005032,26
4942,-0.903557897,-3.943089467,-0.340384052,16
4945,-0.909087938,-3.744597647,-0.322431531,26
4946,-1.003345677,-2.992634934,-0.042094161,37
4947,-1.272565252,-3.455086185,0.161722309,39
4949,-0.648046563,-4.343838862,-0.310650914,184
4950,-0.909262238,-3.965437381,0.077391112,116
4951,-1.087303368,-3.314531964,0.212224409,48
4953,-0.626240167,-4.449269172,-0.168918488,238
4956,-0.608674325,-4.120879065,-0.071985862,240
4958,-0.940165703,-3.450187692,0.293785904,116
4960,-0.420985894,-3.580413314,0.100696887,620
4963,-1.221733077,-3.598294488,0.134915814,26
4964,-0.878825985,-3.300429132,0.213189473,59
4966,-1.180600932,-3.635504277,0.237175854,37
4967,-0.859301881,-3.983228188,-0.480998887,16
4968,-0.650365198,-3.247527689,0.145422699,37
4969,-0.871505178,-3.316009676,0.032441422,105
4970,-0.808039468,-4.282082808,-0.461852289,70
4972,-0.851681267,-3.445412922,-0.375169762,26
4974,-1.009560117,-3.360542477,0.072257297,59
4979,-0.760173111,-4.028126782,0.13703039,191
4981,-0.876933545,-3.289018833,-0.37607381,26
4982,-0.599499395,-3.660339564,-0.274696002,173
4987,-0.845379633,-3.286432996,0.260174501,48
4995,-1.019772064,-3.62289806,0.124643991,16
4996,-0.916790617,-3.04683389,-0.289509058,59
4997,-0.610848841,-3.907227626,-0.271420691,162
5000,-0.922421969,-3.329062639,-0.021950172,59
5008,-0.766810689,-3.644918002,-0.395160322,59
5010,-0.777345594,-4.186770816,-0.434233731,59
5011,-0.824202756,-4.377485367,-0.523055955,37
5012,-0.792582747,-3.083230769,-0.341348382,48
5016,-1.076791564,-3.220429171,0.10049388,16
5019,-0.669146936,-3.630961884,-0.35711249,97
5021,-0.674135664,-3.421128188,-0.208675126,169
5023,-0.734688463,-4.284202837,-0.052594159,131
5025,-0.671966832,-3.423936064,-0.237654026,114
5026,-0.569990498,-4.193032269,-0.240042028,187
5027,-0.684806459,-3.73453367,-0.265217135,114
5030,-0.894844248,-3.555463139,0.171737091,103
5033,-0.906861246,-3.867465439,0.366800161,16
5037,-0.82896658,-3.869062716,-0.357968279,37
5039,-0.45120434,-3.640862126,0.095472216,385
5042,-0.857099064,-3.769978761,-0.330576287,26
5043,-0.821641744,-3.795357179,0.363616329,16
5046,-0.771059506,-4.107851414,-0.499666508,26
5048,-0.471148823,-3.697016375,0.059875047,468
5049,-0.579210277,-4.23514028,-0.116104789,211
5051,-0.700095611,-3.569899492,0.216708338,59
5053,-0.919557167,-2.9773579,-0.261506546,16
5057,-0.533303056,-3.962002364,-0.208915076,183
5060,-0.358925262,-4.580542444,0.284184223,185
5061,-0.81237843,-3.492809027,0.352634915,75
5065,-1.017975787,-3.350715068,0.325465351,26
5066,-1.054754992,-3.713395385,0.161793814,16
5068,-0.776716848,-3.970260527,-0.395302913,37
5073,-0.945580028,-3.544321896,-0.017647795,26
5074,-0.746500131,-3.556143832,0.174894062,48
5075,-0.484058467,-3.787331621,-0.012919185,185
5076,-0.843800663,-3.522981858,0.333034512,48
5078,-0.815353451,-3.478067507,0.104702716,98
5080,-0.352045502,-4.5671108,-0.215229639,98
5082,-0.989518178,-3.997262505,0.064694176,26
5084,0.066531494,-4.523539591,-0.535050175,191
5089,-0.831507727,-4.045764111,0.248767646,191
5092,-0.684966558,-4.131195519,0.424415001,39
5097,-0.85272566,-4.160307161,0.276071341,70
5098,-0.673313256,-3.996859252,0.39113673,53
5102,-0.788608689,-3.692042329,-0.300007108,16
5105,-0.76794963,-4.134130946,0.490090031,376
5106,-0.657108198,-4.028153171,-0.198335578,107
5107,-0.332692879,-4.432228958,0.382625722,180
5112,-0.683777522,-3.890143763,-0.390043208,28
5114,-0.874391823,-3.94638097,0.176296413,59
5118,-0.711834249,-4.187699117,-0.365107634,42
5120,-0.69776549,-4.430350022,-0.070016799,96
5121,-0.494765427,-3.582194827,-0.248602424,152
5122,-0.570793477,-3.537517574,0.389096299,16
5126,-0.716422734,-3.49098693,0.263166108,28
5127,-0.732524936,-4.022493363,0.161719709,114
5128,-0.528485316,-3.626974343,0.354276503,42
5130,-0.821587693,-3.178652878,-0.294353299,18
5131,-0.636156694,-3.791297457,-0.194504367,85
5135,-0.795453434,-3.356062097,-0.164524966,65
5136,-0.487930589,-3.581447903,-0.02045888,234
5141,-0.74983851,-4.382010469,0.039788036,31
5142,-0.425568915,-4.51446543,0.514008609,31
5144,-0.164722467,-4.125575746,-0.319411184,158
5145,-0.569618847,-4.189804049,-0.143391266,141
5152,-0.844248432,-3.427118239,0.343636342,18
5154,-0.771976534,-3.931398236,0.13219691,91
5156,-0.683590162,-4.032197683,0.102985585,129
5157,-0.680415011,-3.528755715,0.22630061,53
5159,-0.556731961,-4.515844881,-0.007504379,170
5162,-0.776937247,-4.229713948,0.157072274,53
5163,-0.811566484,-3.531363207,0.348461876,53
5166,-0.725372716,-4.495680877,-0.133716929,73
5167,-0.56939942,-3.719373095,-0.186773041,109
5170,-0.55814412,-4.3086628,-0.22012124,127
5171,-0.645238096,-4.390764496,0.068253989,129
5172,-0.802347509,-3.677054027,0.015113346,20
5173,-0.551267336,-4.151675566,-0.19924573,127
5174,-0.580727251,-4.000656975,-0.184641094,109
5177,-0.716072375,-4.065308235,-0.242689021,24
5179,-0.758552334,-4.551554168,-0.245518248,40
5182,-0.667379159,-3.762710187,0.237022683,40
5185,-0.293638702,-3.690761025,0.245274505,116
5188,-0.578202089,-3.633295091,0.207136581,24
5189,-0.652470671,-3.664978815,0.122396077,24
5191,-0.658578553,-3.60983723,0.058074619,60
5192,-0.62104418,-3.897168135,-0.004201842,116
5200,-0.438111016,-4.356870268,-0.138524146,26
5201,-0.675914687,-4.32308254,-0.146797757,63
5204,-0.499499055,-3.539589152,0.266273696,45
5208,-0.468017513,-3.818283743,0.055017278,101
5209,-0.696114146,-4.490518254,-0.285488163,45
5210,-0.543487648,-3.75367954,-0.035347593,101
5211,-0.840830156,-3.850115881,0.103498744,26
5214,-0.637563832,-4.444779987,-0.336470946,45
5222,-0.471298733,-3.832062266,0.477378438,463
5225,-0.379933062,-4.234118254,0.41748804,102
5230,-0.403352327,-3.499868397,0.386513734,30
5232,-0.313637487,-3.586198503,0.329738117,85
5233,-0.891781774,-3.860861059,0.123354804,83
5234,-0.691682082,-3.540645734,0.384837891,30
5235,-0.637491276,-4.310813824,-0.211089466,47
5237,-0.216520882,-3.678590945,0.331967561,85
5238,-0.2394249,-3.508547101,0.438668245,85
5240,-0.552309812,-3.811264211,-0.037688652,85
5247,-0.64244926,-3.741974556,0.178049367,110
5252,-0.262930074,-4.909077165,0.28267071,30
5253,-0.639162445,-4.394021519,0.33966413,67
5254,-0.343218092,-4.703038744,0.322560087,131
5255,-0.527660641,-3.614733497,0.064559814,160
5259,-0.470884785,-4.36305371,0.438891236,84
5260,-0.605479414,-3.694669232,0.221185396,112
5264,-0.425168767,-3.641918017,0.192538121,67
5265,-0.415761041,-4.634825832,0.191774526,108
5267,-0.552590401,-3.785139847,-0.136608604,67
5270,-0.396817687,-3.536464358,0.325710458,30
5272,0.03657965,-5.136954317,0.640379062,30
5274,-0.374394818,-3.634778401,0.258330119,65
5286,-0.630637728,-4.37495643,0.142123435,142
5287,-0.550413314,-4.145395758,0.225012032,49
5292,-0.549232744,-4.473100972,0.105888491,49
5293,-0.6790163,-4.351588933,-0.04799517,49
5300,-0.60255693,-4.306664758,-0.079907548,66
5301,-0.513383853,-3.810125819,-0.204822665,49
5305,-0.683880479,-3.861363885,0.244107317,30
5308,-0.374725763,-3.721243748,0.169708643,49
5311,-0.18738956,-3.655295313,0.418131631,49
5314,-0.70831377,-3.909993103,0.065524524,30
5321,-0.279075561,-3.429469003,0.457439922,31
5324,-0.560378429,-4.618094029,-0.002092667,30
5325,0.264217071,-4.476471442,-0.645299866,48
5331,-0.608132372,-4.529798506,-0.091530372,30
5334,-0.538570787,-4.254996244,0.299163891,31
5337,-0.603269271,-4.044215634,-0.070983413,31
5339,-0.410602617,-3.736276143,0.090207639,31
5340,-0.389512696,-3.588550435,0.239268602,31
5341,-0.392469141,-4.25456909,0.459367545,31
5342,-0.559279184,-3.992713983,-0.02821782,31
5344,-0.423174439,-3.697863889,0.134512508,31
5345,-0.587102971,-3.926567907,-0.062544693,31
5346,0.155744327,-3.572132474,-0.165926328,48
5349,-0.368399299,-4.338300039,0.407358654,97
5350,-0.365310384,-3.672935609,0.198932864,31
5354,-0.497995614,-3.643411462,0.113473312,31
5356,-0.464887757,-3.665787848,0.136669373,31
5364,-0.072126725,-4.893414216,0.617553287,28
5368,-0.577074551,-3.829263641,0.362379511,309
5370,5.986524194,-12.230883935,0.164493837,28
5384,-0.471910264,-4.383618495,0.262500269,28
5386,2.950982453,-2.125468972,0.839636258,28
5394,0.173425777,-3.343813735,-0.224367746,28
5402,-0.477622242,-3.627345588,-0.064189035,79
5416,-0.391912963,-3.48838848,-0.342162425,56
5424,-0.318198698,-3.297001361,-0.288884747,35
5425,-0.465687998,-3.875222991,-0.104912785,639
5442,-0.174104469,-4.170356626,-0.259879473,341
5445,-0.219928833,-3.876916675,0.506675906,83
5450,-0.62007892,-4.326081616,0.200992814,97
5452,-0.431946926,-3.759242432,-0.085635809,543
5454,-0.208374771,-3.741829773,-0.30237824,422
5460,-0.620105097,-3.853385154,0.323194477,237
5462,-0.635464321,-4.142106324,0.220728291,54
5463,-0.461044523,-4.364188103,0.415007094,78
5464,0.079002959,-3.81385564,-0.360843202,521
5486,-0.486540674,-4.072202362,-0.057379304,30
5488,-0.152097671,-3.838274611,-0.35618604,532
5496,-0.562337719,-3.742516244,0.365640553,58
5521,-0.659171652,-3.808522935,0.257739913,78
5525,-0.280754343,-4.459195736,0.536147163,31
5528,-0.453822389,-3.736593894,0.301873482,367
5529,-0.563627201,-3.803314411,0.569415651,290
5530,-0.56456444,-3.884983699,0.435602649,303
5532,-0.372838703,-4.585957947,0.305005403,30
5533,-0.29737078,-4.507339453,0.472942705,30
5534,-0.467257245,-4.018864693,-0.138497222,54
5539,-0.534651834,-3.68222099,0.408292141,277
5541,-0.63189388,-3.81088542,0.241813853,264
5542,-0.630836058,-4.443225238,0.071770315,78
5545,-0.803440068,-4.222620696,0.283622594,31
5546,-0.333698818,-4.473629465,0.410309657,30
5547,-0.506766462,-4.075325285,-0.167534918,650
5551,-0.455997992,-4.135579274,-0.16712806,30
5552,-0.655140404,-3.891984027,0.196520445,251
5554,-0.386979691,-3.629158862,-0.161707088,158
5556,-0.53434975,-3.951738977,-0.011432189,160
5557,-0.231863241,-3.795804965,-0.246623544,532
5559,-0.471603905,-3.757013828,-0.16609077,56
5560,-0.423999563,-3.787185173,-0.238861387,31
5562,-0.463640266,-3.698040754,-0.025363794,197
5563,-0.052113001,-3.857381284,-0.345246434,510
5565,-0.521122622,-4.28746654,-0.003428349,30
5566,-0.552340346,-3.697395589,0.199071593,277
5569,-0.462538628,-3.972821732,0.417934905,78
5573,-0.580638155,-3.759502126,0.150588398,277
5574,-0.475389347,-3.879501399,0.071373558,58
5588,-0.472496131,-3.863327853,-0.103542683,135
5589,-0.448818786,-3.697000472,0.22517555,58
5591,-0.625005884,-4.005733882,0.136785214,56
5592,-0.595080789,-4.358286237,0.045686016,30
5596,-0.523347633,-4.407270962,-0.049559408,58
5597,-0.612597332,-3.724353216,0.273312097,277
5598,-0.661812213,-3.970373864,0.319126565,97
5599,-0.482331909,-4.514589153,-0.139551951,78
5613,-0.4635176,-3.59367087,0.080067104,269
5617,-0.429019527,-3.892412639,0.130378038,37
5620,-0.428222703,-3.844231689,0.14229133,37
5626,-0.732928189,-4.175685494,0.291834416,190
5631,-0.393457876,-4.709031295,0.295622081,76
5634,-0.555850361,-3.648454883,0.142671919,203
5635,-0.564741509,-4.498999864,0.045627528,37
5638,-0.637142273,-4.010619321,0.516509422,256
5639,-0.558950394,-4.381424848,0.62333615,176
5642,-0.463132724,-3.955166158,0.333606989,57
5645,-0.438619438,-3.920647647,0.263417617,37
5647,-0.439879467,-3.624650593,-0.21885604,37
5649,-0.427137301,-3.654973831,0.40806616,37
5651,-0.154890312,-3.548017149,0.31702792,37
5652,-0.57840803,-3.758884529,0.211490719,216
5653,-0.874919018,-4.182724032,0.401137756,34
5672,-0.510589269,-4.152164221,-0.098651192,603
5673,-0.461274566,-3.892196778,-0.019754921,555
5678,-0.514281264,-3.767928941,0.274929824,386
5682,-0.399033849,-3.943485367,0.47088438,32
5687,-0.257680224,-3.740329418,0.573388654,69
5692,0.837715331,-3.021554234,0.407351319,32
5698,0.564233232,-3.423630276,0.296519053,109
5700,-0.638069396,-3.757698093,0.282122205,230
5703,-0.703783083,-4.020413011,0.400676443,48
5705,-0.406370911,-3.90326168,0.104218028,50
5708,-0.447192436,-4.438391367,0.376196937,32
5709,-0.649965003,-3.85379556,0.549530483,256
5710,-0.479414333,-4.515762637,0.404092908,50
5711,-0.388725359,-4.465150175,0.548568905,50
5712,-0.524834745,-4.500065587,0.6453401,150
5713,-0.669330085,-3.985957695,0.473331574,204
5715,-0.522376547,-3.82763805,0.404736191,320
5716,-0.172536703,-3.798690925,-0.338610628,419
5717,-0.487134572,-4.783388625,0.114001945,32
5718,-0.420200331,-3.967059595,0.087519847,555
5719,-0.445232547,-3.958081158,0.046470267,555
5720,-0.5923377,-4.276362133,0.10827868,32
5723,-0.624569921,-4.392003471,0.119470352,32
5731,-0.409457412,-3.951792889,0.536774078,32
5732,-0.618031073,-3.887652446,0.145903713,32
5734,-0.6095764,-3.728379918,0.319588955,185
5741,-0.676907551,-4.085506609,0.406127769,88
5746,-0.684090753,-4.069582374,0.352953681,50
5751,0.226636007,-3.006197242,-0.387662057,32
5754,-0.692824776,-4.079790658,0.316500865,110
5755,-0.539573283,-4.00178982,-0.023316406,92
5763,-0.04738228,-3.231645612,-0.443624026,32
5768,-0.433402421,-3.949621625,0.139949901,536
5774,-0.605176741,-3.762061759,0.259822188,158
5776,-0.514909675,-4.159669375,-0.038819485,584
5780,-0.908981455,-4.238574084,0.394533619,4
5781,-0.417259308,-3.55186647,-0.062448267,110
5785,-0.463494243,-3.987920732,0.085418378,517
5789,-0.543038453,-4.053095459,0.021018112,231
5790,-0.517039925,-3.945377682,0.517915892,152
5802,1.650381738,-5.202046357,-0.147605586,32
5804,-0.666319587,-4.182298086,0.127197312,112
5806,-0.722255104,-4.53239159,0.066059832,69
5822,-0.702769963,-3.938620328,0.318151985,133
5823,-0.662499414,-4.003098891,0.124576002,173
5825,-0.549660775,-4.107489657,0.053031618,546
5827,-0.609065756,-4.656429507,0.239122746,72
5828,-0.550097165,-3.849657475,0.260978391,329
5836,-0.726162537,-4.163951258,0.332826909,107
5837,-0.274835397,-3.609295566,0.301161768,160
5846,-0.572533704,-4.302528637,0.465224593,89
5849,-0.620773169,-4.259226231,0.036642665,50
5853,0.518530396,-5.009281647,0.130518958,56
5857,-0.193072017,-3.691767939,0.444379954,133
5858,-0.654917301,-4.329862301,0.175790775,32
5864,-0.504666853,-3.717347415,0.099677746,93
5870,-0.332328783,-3.77699726,0.160839628,74
5878,-0.672136874,-3.733444676,0.083486892,539
5879,-0.459719576,-4.823641728,-0.027972743,574
5882,-0.699022861,-4.056242743,0.425119361,101
5887,-0.31198649,-3.695298976,0.206268181,55
5888,-0.42980333,-3.819077194,0.097076862,53
5891,-0.418646601,-3.775464997,0.115543152,53
5893,-0.089395555,-4.876522223,0.627909034,32
5904,-0.35319922,-4.37742628,0.637626558,53
5910,-0.270739776,-3.765166748,0.228210728,35
5764,-0.472487749,-4.702947894,-0.177127866,567
5919,-0.618540012,-4.827765469,0.2733297,42
5920,-0.643227069,-4.247759125,0.338333419,60
5923,-0.67518868,-4.17173158,0.347198235,27
5925,-0.088087899,-3.635473619,0.298950031,113
5930,-0.719709007,-3.890838716,0.289810634,139
5940,-0.517221035,-3.823150357,-0.014337029,26
5942,-0.255366554,-5.448622338,0.387164252,26
5954,2.385063823,-2.483237363,-1.416692474,86
5959,-0.684120144,-3.966039787,0.300997892,54
5961,-0.768301741,-4.606913756,0.106771663,25
5962,-0.79360083,-4.575666797,0.076597278,25
5969,-0.502825028,-4.677891083,-0.308782705,568
5970,-0.744203372,-3.886453818,0.329540408,67
5971,-0.744041937,-4.237140606,0.227148909,27
5972,-0.340357474,-3.598089838,0.174495243,94
5992,-0.577908066,-4.001439089,0.509806276,54
5994,-0.491448335,-4.820926062,-0.097762706,548
5996,-0.816466152,-4.508809368,0.068734209,25
5997,-0.624783026,-3.907179335,0.094243199,107
6015,-0.554849861,-3.855029684,0.583330304,107
6020,-0.992161951,-3.927078404,0.51466626,27
6024,-0.343565426,-3.467931775,-0.054133722,43
6028,-0.5426508,-3.878382955,0.040385343,41
6030,-0.470062748,-3.643121069,-0.01606363,25
6031,-0.546607689,-4.435817295,0.673116107,27
6033,-0.723749188,-4.032062703,0.149605583,94
6039,-0.118858587,-3.648238615,0.523246407,70
6041,-0.386593697,-3.488487414,0.049951977,18
6050,-0.252451166,-3.654876276,0.016186543,228
6061,-0.645579533,-4.21074508,0.032744965,18
6065,-0.283927107,-3.583851687,0.147657649,18
6066,-0.392637793,-3.578767779,0.093739154,30
6070,-0.607914597,-4.209355488,0.52800003,18
6074,-0.658222087,-4.118728424,0.204719975,19
6079,-0.289633465,-3.56855774,0.024163158,57
6090,3.770473819,-2.083449191,-1.059311306,28
6093,0.472378359,-3.371303263,-0.080229216,28
6095,-0.002527794,-3.397209015,0.339619762,16
6096,-0.669384888,-3.931757004,0.559471967,16
6105,-0.17858139,-3.470685077,0.175133756,16
6111,-0.545962055,-3.922123489,0.535590578,94
6112,-0.055637229,-3.487408865,0.304255508,16
6117,-0.613391949,-3.827755228,0.406976231,16
6119,-0.148315924,-3.590112454,0.293803167,16
6121,-0.535920763,-3.79181304,0.122962562,28
6125,-0.145981297,-3.556462942,0.238476714,16
6128,0.199220929,-3.467662004,0.524311389,16
6129,-0.018654437,-3.564211015,0.394811175,16
6140,-0.242654763,-3.562895745,0.173961858,42
6145,-0.564485046,-4.266151748,0.65347983,16
6147,-0.526646586,-5.078465466,-0.218615927,565
6149,-0.441847852,-5.032469458,0.105183786,488
6150,-0.569619345,-5.047024812,-0.382234229,583
6151,-0.625368604,-4.065659587,0.586991237,81
6154,-0.719368007,-3.863426395,0.552789354,94
6155,-0.596561427,-3.968954005,0.047202324,16
6158,-0.616447664,-4.075166622,0.022425671,16
6160,-0.432970878,-3.852332475,0.027405252,393
6165,-0.262660818,-3.527520873,0.088072573,16
6167,-0.276300751,-4.84419256,0.540210192,16
6173,-0.79496985,-3.970350078,0.18019861,83
6188,-0.539433473,-4.974441566,-0.016689182,518
6189,2.818410405,-1.712493202,-2.371663058,18
6193,-0.635032911,-4.764836683,-0.301329744,554
6199,1.948386143,-2.769049134,-0.689864769,31
6207,-0.506411232,-4.248116649,0.209619857,18
6215,-0.850251637,-4.158764848,0.206219845,84
6219,-0.455075664,-3.760614555,-0.04948007,370
6239,-0.767302269,-3.779680953,0.385132108,20
6241,-0.619664405,-5.449107535,-0.191151976,565
6244,-0.785423945,-4.193322555,0.384950916,71
6245,-0.881960154,-4.098853501,0.189886665,32
6247,-0.66356163,-5.211951914,-0.392117139,583
6250,-0.554921638,-5.270854556,0.101088387,511
6252,-0.592840452,-3.87479834,0.042136699,32
6254,-0.705002819,-3.855156163,0.077966228,86
6256,-0.666259673,-3.913510797,0.47349455,32
6262,-0.706054333,-3.781921796,0.518812573,32
6272,-0.483753555,-5.515304893,0.318693059,493
6291,-0.727817642,-3.838219912,0.329476133,32
6294,-0.756689669,-4.34306758,0.467984502,58
6299,-0.692302823,-4.246675025,0.524674523,120
6300,-0.69580553,-4.674705487,0.59434851,45
6303,-0.044407586,-3.805070112,-0.088608262,252
6305,-0.447961397,-3.672663514,0.018591874,20
6312,-0.797440488,-4.055547853,0.111229592,20
6319,-0.652731609,-3.968788923,0.086847439,20
6322,0.013462183,-3.773826618,-0.377922277,197
6329,-0.76800212,-4.744745985,-0.239304141,534
6336,-0.613537076,-3.740304609,0.418121173,20
6340,-0.678882476,-5.390393109,0.126703739,521
6341,-0.494182653,-3.735993232,0.270982882,162
6342,-0.58722361,-3.849031388,0.252935101,261
6343,-0.639077784,-5.455520211,0.262040024,503
6346,-0.773077836,-5.030878011,-0.12568035,657
6348,-0.734459409,-4.37784904,0.559792244,107
6359,-0.445838115,-4.162060185,-0.439379803,379
6369,-0.801652159,-4.989169892,-0.219422056,624
6370,-0.817615208,-3.571210779,0.443838652,20
6380,-0.831657737,-4.18652449,0.28833551,61
6383,-0.674169004,-4.084237137,0.396212351,160
6385,-0.634723713,-3.925596724,0.28000119,193
6388,-0.8008168,-5.24543125,-0.08555427,633
6391,-0.873657673,-4.255035969,0.284214092,61
6393,-0.686505431,-3.812994778,0.084739698,193
6418,-0.361012277,-3.643865304,0.232944404,79
6420,-0.378724098,-3.61831805,0.261094701,59
6421,-0.349223719,-3.608117198,0.274309947,46
6422,-0.55429302,-3.817063059,0.36156083,103
6424,-0.894116619,-4.573201797,-0.051926424,664
6427,-0.72865721,-3.81382373,0.050333974,180
6428,-0.874624278,-5.022879156,0.015608237,642
6430,-0.513017516,-4.356447689,-0.571381222,367
6431,-0.791613844,-4.123144177,0.264153178,114
6432,-0.876083409,-4.203474086,0.265005897,32
6435,-0.875330406,-4.513557595,0.373022962,34
6436,-0.713127344,-3.837044664,0.063655771,136
6438,-0.335299386,-3.98331441,-0.485896941,317
6439,-0.350989756,-3.604802909,-0.150719573,48
6440,-0.916234211,-5.347589011,0.107958928,620
6441,-0.834712469,-4.691334347,-0.212084665,513
6442,-0.451976112,-3.700841891,-0.110158879,48
6443,-0.361232875,-3.664394177,0.312874214,46
6445,-0.648623855,-3.793747632,0.127595628,235
6447,-0.242623874,-3.895173426,-0.483769918,293
6448,-0.147307796,-3.68598063,-0.264857079,103
6450,-0.663163943,-4.476769375,-0.470096115,400
6451,-0.784662655,-4.313851855,0.502553781,103
6453,-0.200367961,-3.758450893,-0.245621649,136
6457,-0.713211892,-4.440819628,-0.318264283,421
6464,-0.678926022,-3.825409664,0.151295738,20
6482,-0.851162204,-3.955209882,0.182187004,20
6483,-0.932811898,-4.712149318,0.010123719,651
6484,-0.679943717,-4.007389431,0.321230375,200
6485,-0.654853433,-3.764144252,0.211810095,57
6486,-0.978260497,-5.343750703,0.24244493,607
6487,-0.682282961,-3.807285466,0.204105241,244
6488,-0.438251446,-4.205065314,-0.601955548,328
6489,-0.931455646,-4.031287757,-0.053982306,90
6491,-1.155233814,-4.667756238,-0.182153219,20
6493,-0.937887708,-4.929603915,-0.001872926,629
6494,-0.944224742,-5.002785817,0.097506212,629
6498,-0.379600556,-4.079521637,-0.528341281,316
6500,-0.250123624,-3.749583805,0.112397846,123
6503,-0.586751458,-3.799271374,0.022761571,90
6504,-0.665250915,-3.791075641,0.177770831,57
6505,-1.13338807,-4.423620084,-0.145201201,35
6509,-0.983336986,-4.493411201,0.224915743,46
6511,-0.557739296,-3.755296606,-0.060573125,20
6515,-0.451962745,-3.638757721,-0.043895481,35
6519,-0.440881504,-3.622922343,0.138458001,41
6521,-0.155957544,-3.885857032,0.241479173,129
6522,-0.523301841,-3.831934443,0.437503468,41
6525,-0.887766894,-4.365806786,0.397931731,74
6526,-0.761975406,-4.368830308,0.544115998,19
6527,-1.264626368,-4.721524783,-0.334622841,30
6528,-0.856919437,-3.959797946,0.067508337,118
6529,-0.811257591,-4.296340262,0.467472901,96
6530,-0.437256866,-3.855211831,0.523032752,18
6531,-0.084701241,-3.516393284,-0.329392322,19
6532,-0.844718886,-3.989156851,0.111967351,118
6534,-0.526194274,-3.791791195,-0.17264495,276
6535,-1.004105559,-4.834467307,0.376157404,19
6536,-0.757595449,-4.167332058,0.385063627,85
6541,-0.440488655,-3.672227442,-0.183676728,286
6542,-0.611269226,-3.861811039,0.313762582,41
6546,-0.613095893,-4.210413298,-0.504938609,309
6548,-0.623431002,-5.072229588,-0.09662633,554
6550,-0.807115012,-4.147945141,0.406233399,103
6551,-1.012685118,-4.861145738,0.121480453,609
6552,-0.566958436,-3.732587914,0.163441864,26
6558,-0.74094501,-3.745371636,0.337713821,16
6559,-0.673353799,-3.845792521,-0.120989114,103
6562,-0.988347119,-4.160762517,-0.00893432,59
6567,-0.592200646,-3.739331243,0.270345545,16
6569,-1.192858774,-4.516665749,-0.318983251,16
6570,-0.641994927,-3.839344508,0.162645389,114
6571,-0.570923718,-3.696855231,0.049826949,125
6573,-1.025410553,-4.969175125,0.196258037,598
6579,-0.741853695,-4.054188664,0.323198555,16
6580,-0.429563789,-3.780279315,-0.043239777,81
6582,-0.381339251,-3.812295002,0.423921267,16
6583,-0.352764087,-3.832067273,0.472471026,16
6585,-0.268004095,-4.063460846,-0.06753275,81
6586,-0.410552805,-3.661279301,0.258291183,16
6590,-0.754266733,-3.954528039,0.282528431,180
6594,-0.603444647,-3.916028042,0.471874671,16
6597,-0.595877543,-3.985978665,0.357294157,103
6598,-0.797359892,-4.092339938,0.275765998,125
6600,-0.955126994,-4.462356979,0.484207218,59
6601,-0.535103273,-3.877733864,0.274930395,169
6602,0.101880829,-3.599325099,-0.250641747,16
6606,-0.772562117,-4.075542339,0.24309887,16
6611,-0.966993216,-4.486447257,-0.043044813,609
6612,-0.447366574,-3.781413425,0.357349714,16
6613,-0.753180556,-3.917533448,0.080487164,59
6616,-0.49735732,-4.310456189,-0.66796993,276
6617,-0.889341731,-4.059121244,0.183038467,70
6619,-0.783198333,-3.92889094,0.201153464,136
6621,-1.015449717,-4.461221672,0.057262966,598
6622,-0.895717116,-4.237322814,0.231673218,26
6626,-1.019963369,-4.259154484,0.131253218,37
6628,-0.984869439,-4.098039211,0.043020106,48
6630,-0.136255104,-3.694359977,0.134137553,26
6632,0.022799052,-3.893075536,0.193670652,70
6633,-0.33131935,-3.873100107,0.386122287,37
6634,-0.856484143,-4.090817916,0.32968359,81
6635,-0.086956209,-3.847282153,0.152311269,70
6638,-0.170415991,-3.849662507,0.372810913,37
6642,-0.961147893,-4.681194229,0.144414336,543
6644,-0.132122505,-3.904962814,0.450701712,26
6647,-0.534841221,-3.722232142,0.136440146,16
6648,-0.376752309,-4.005694121,-0.40632597,241
6650,-0.671317308,-3.634909013,0.19889467,16
6651,-0.567258038,-3.780773551,0.22279786,16
6657,-0.926791041,-4.264614858,0.262464817,16
6660,-1.103473762,-4.388634376,0.098870765,598
6661,-1.232742613,-5.02206882,0.611027232,26
6663,-0.853871305,-3.88357654,0.106856501,92
6666,-0.193723643,-3.708382154,-0.16593364,145
6668,-1.138604854,-4.692654913,0.244177763,576
6672,2.209222351,-4.539353809,-1.358836402,16
6674,-1.264751629,-4.263654158,0.014828181,631
6676,-1.23223646,-4.201097729,-0.016730224,631
6677,-1.283022675,-4.100852084,-0.055313449,655
6678,-0.386973446,-3.864106744,-0.349727258,26
6679,-1.488420464,-5.393975886,0.60033508,16
6683,-1.232737442,-4.364385617,0.107712776,598
6684,-0.72770572,-3.672319336,-0.038486288,136
6685,-0.473860219,-3.79813425,0.320207851,16
6689,-1.208226221,-4.609697083,0.359223726,565
6692,-1.030059734,-4.138108991,0.200606446,37
6693,-0.276633225,-3.921737741,-0.043143721,16
6697,-0.895814716,-3.868578839,-0.046175868,37
6699,-1.120767493,-4.771726572,0.322060167,543
6701,-0.381941688,-4.078798198,-0.62679541,185
6702,-1.251475969,-4.455240273,0.225843557,576
6704,-0.987577166,-4.019548001,0.27850299,70
6705,-1.044051338,-3.970070353,-0.023516055,37
6707,-1.308055743,-4.359787066,0.1592293,598
6708,-0.834051198,-4.059160699,0.251926744,16
6710,-0.606683586,-3.876518358,-0.308914601,48
6711,-1.175785657,-4.546348897,0.177689894,565
6712,-0.971402115,-3.90177626,0.045766631,48
6713,0.079915651,-3.780159311,-0.168884829,16
6716,-1.515016001,-5.014593656,0.595404674,16
6718,0.223270049,-4.068615657,0.263709,26
6719,-1.005043281,-4.002432918,0.319151991,92
6721,-0.881212686,-3.905480066,-0.013310807,16
6725,-0.962491932,-4.260428205,0.435587443,16
6726,-0.914033727,-3.934293233,0.265551817,103
6734,-0.707502553,-3.892745867,-0.345865437,26
6735,-0.972057595,-4.557129763,0.15877426,420
6737,-1.024788376,-4.375022532,0.008462884,341
6740,-1.362223536,-4.453996878,0.368576552,565
6741,-0.267073976,-3.831190808,0.196960487,81
6742,-0.3719302,-3.722406131,0.25064354,81
6743,-0.148619003,-3.875014236,0.358901093,65
6744,-0.366383276,-3.775350833,0.18137873,81
6745,-1.505542086,-4.01017287,-0.033058123,647
6746,-0.63878275,-3.756203255,0.059052133,16
6751,-0.765595048,-3.81324142,0.033246224,37
6752,-1.314640187,-4.2196326,0.195717642,576
6753,-0.485349103,-3.751382678,0.093975859,103
6754,-0.467458423,-4.01437489,0.131998081,151
6756,-0.3429739,-3.849105153,-0.233321393,151
6759,-0.850031568,-3.936910089,-0.420154478,16
6761,-1.562809993,-4.11850697,0.033768358,636
6762,-1.030821246,-4.508478113,0.159694809,392
6763,-1.041088621,-3.954892106,0.146452103,48
6764,-0.773726132,-3.855568129,0.148136595,59
6767,-1.032776732,-4.292603147,0.421596718,16
6769,-1.460420566,-4.309321236,0.345121899,587
6770,-0.614719112,-3.98303257,0.337158797,26
6772,-1.040886687,-4.564270248,0.054527584,510
6777,-1.67358004,-4.264385946,0.187860195,625
6781,-2.486755296,-1.944568097,0.474443283,1953
6784,-1.015049,-3.912438589,0.161249842,92
6786,-1.150569635,-4.246043406,-0.061118252,554
6790,-0.741217908,-5.716882037,-0.131488711,389
6792,-1.487742828,-4.390995972,0.311237091,16
6793,-0.806742015,-3.939511247,0.259061126,59
6794,-0.928565847,-3.825687485,-0.003888431,26
6795,-1.135963261,-4.018438514,0.340016036,48
6796,-1.382053548,-4.225409236,0.378217549,26
6798,-1.119305054,-4.563527507,0.445387129,433
6799,-0.923930363,-5.816930762,0.189895265,400
6801,-0.167136032,-3.774668545,0.205330963,35
6802,-1.537429256,-4.23661805,0.273179817,590
6803,-0.693311069,-4.9023121,-0.298814041,326
6805,-0.996612667,-4.71006875,0.061910344,477
6807,-0.563395536,-3.941450087,0.324965516,16
6808,-1.735410527,-4.307404632,0.324124173,614
6809,-1.735968508,-3.959840323,-0.010805841,658
6811,-0.062584847,-3.872881262,-0.48676157,48
6812,-0.804910863,-3.99374519,-0.54759077,131
6813,-0.871875484,-3.964766602,-0.546036155,131
6814,-0.939747178,-3.903261086,-0.425172941,131
6816,-0.643061633,-3.874818976,0.241777591,48
6817,-0.993238515,-3.865868099,-0.494301691,37
6818,-0.912744587,-4.726255184,-0.066629009,455
6819,-0.750243895,-3.983658208,-0.48711621,131
6821,-0.642572572,-3.892083323,-0.38936825,107
6822,-0.568139814,-4.705139101,-0.313781162,261
6823,-0.860234441,-4.825716456,-0.063096249,455
6825,-0.684653694,-3.872250966,-0.427902128,119
6826,-1.202345818,-4.008664361,-0.492935136,180
6827,-1.509291583,-3.909522078,0.166263083,591
6829,-0.296034772,-4.049916983,-0.663973039,96
6830,-1.057972978,-5.155602796,0.327454182,433
6831,-0.991663532,-4.569319207,-0.011357589,466
6832,-0.934315376,-3.908610832,-0.532573934,16
6833,-1.230831318,-2.404209052,0.25866633,1294
6835,-1.079010387,-4.177772997,0.001732801,239
6836,-1.05164674,-4.336638451,0.118461817,293
6837,-0.734259203,-3.938253765,-0.566653121,85
6839,-1.158092997,-2.348529555,0.2179654,1404
6840,-2.956431529,-2.127720527,0.498996814,2018
6842,-1.35576805,-4.311695506,0.241872356,499
6844,-1.008197203,-4.403230434,0.199288202,322
6845,-1.328701351,-4.036250046,0.317088783,26
6846,-0.96714136,-4.534060618,0.053642952,324
6847,-1.334645703,-4.197982059,0.062915708,521
6848,-0.908115715,-3.878062679,-0.530415824,75
6849,-1.133891989,-4.562388731,0.34974197,307
6850,-0.962325057,-3.847374769,-0.54387989,63
6851,-1.057429371,-4.7792217,0.205063793,422
6852,-0.569589393,-3.901704902,-0.551088316,51
6855,-1.091349618,-4.197849203,0.424774262,422
6856,-0.969775762,-3.91665421,0.226855162,26
6858,-0.185060804,-3.93779454,-0.645469947,28
6859,-1.138971721,-3.8795962,-0.664137163,52
6861,-1.412251446,-4.056271398,-0.066907245,536
6862,-0.986105335,-3.830732821,-0.464720371,52
6865,-0.587218005,-3.430378128,0.122437666,40
6867,-1.401602585,-2.145491448,0.46946191,1565
6868,-0.816516375,-3.829292656,-0.51351102,40
6870,-1.116954111,-4.402261891,0.257455126,278
6872,-0.987038476,-3.793552762,-0.575480004,29
6873,-0.2636889,-3.96710275,-0.682287582,18
6874,-0.898627712,-3.804414175,-0.583048353,18
6875,-0.832720865,-5.365138642,0.003133024,356
6878,-1.076055709,-4.29056105,0.048282053,213
6880,-0.476381888,-4.083341103,-0.257222364,89
6885,-0.796246127,-4.744943575,-0.110055552,311
6889,-1.09055566,-4.947846525,0.281574378,377
6890,-2.867219718,-2.06671154,0.499986455,1920
6892,-0.889086818,-3.921800793,-0.432714989,53
6893,-1.411898314,-3.729492458,-0.356028661,29
6894,-1.157352766,-4.2871501,0.112122711,183
6896,-1.116513531,-4.450005828,0.14242851,409
6897,-2.838618425,-2.094809321,0.552834221,1908
6898,-2.750824609,-2.06684608,0.575609533,1888
6899,-1.28601033,-4.487105005,0.293065058,420
6900,-1.121361732,-4.444065194,0.304965341,288
6902,-1.281516414,-4.57379893,0.407414991,397
6903,-2.66016092,-2.037667178,0.569515591,1855
6904,-1.398130928,-3.959860057,0.253604609,78
6905,-1.119357966,-4.282877824,0.246513971,213
6907,-1.024905514,-5.383020586,0.373085878,308
6908,-1.210316881,-4.203157229,0.252086826,165
6909,-0.856898688,-4.952828311,-0.038193028,330
6910,-0.952916796,-5.651753095,0.370681905,286
6914,-1.205800507,-4.331893543,0.276203154,171
6916,-1.155697266,-4.138754518,-0.407353076,76
6917,-1.088613417,-4.494230457,0.36925857,248
6920,-1.385971625,-4.032884678,0.220320533,76
6921,-1.97341952,-4.445486173,0.491787106,521
6922,-1.158061661,-4.534485127,0.288143199,362
6924,-1.178235775,-3.849823231,0.037254387,29
6925,-1.545739291,-3.806666894,-0.454713354,41
6926,-1.465697998,-3.935504106,-0.376968964,65
6927,-1.070304116,-4.321469682,-0.300442868,135
6928,-1.189126829,-4.78430317,0.42764499,340
6929,-1.075111484,-3.986536447,-0.498671249,29
6930,-1.116401915,-4.478684317,0.249001298,207
6933,-1.106381879,-4.704425267,0.150342691,339
6934,-0.992358749,-5.171701455,0.171643388,306
6936,-1.098654454,-3.993968447,-0.44059502,31
6937,-1.116859407,-5.002271556,0.397942731,317
6945,-0.973299304,-4.440020801,-0.029993099,129
6946,-0.754831038,-5.605401909,0.407262949,147
6947,-1.76746937,-3.746915154,-0.625542379,18
6948,-1.096006764,-4.284387425,0.053808514,111
6949,-0.760480944,-5.107757878,-0.251040417,250
6953,-0.547555378,-5.641668262,-0.617272308,183
6955,-0.998641943,-4.245971418,-0.055107593,78
6956,-0.621266948,-5.854227404,0.436242545,114
6957,-0.596107112,-5.072235877,0.032480669,96
6959,-1.151302081,-4.17360257,0.087779053,96
6960,-1.235264162,-4.171472791,0.206719616,114
6962,-0.625022635,-4.500532154,-0.630507177,16
6965,-0.978178156,-4.63616841,0.037736655,290
6966,-1.020945411,-4.38626173,0.235513889,175
6969,-0.889374394,-4.192739727,-0.141283568,26
6976,-0.504718412,-5.060596274,0.208631812,47
6978,-0.866426249,-4.789407368,-0.137543416,268
6979,-0.466696937,-4.542775033,-0.283872958,26
6980,-0.931730354,-4.421620386,0.074235304,177
6984,-0.442950507,-4.723067449,-0.141503453,16
6985,-1.107869957,-4.62041047,0.266538683,170
6987,-1.138190006,-4.86677105,0.396383945,268
6990,-0.687993668,-4.684105511,-0.270509693,92
6991,-0.470238697,-5.787255234,0.468889478,56
6992,-1.140070168,-4.254501923,-0.070273838,110
6993,-0.847431331,-5.583390569,0.064102589,213
6994,-1.033072011,-5.063080965,0.257771185,246
6995,-0.902189335,-5.153103141,0.059684227,235
6998,-0.718149513,-5.258422976,-0.176696566,202
6999,-1.346694146,-4.458061681,0.426734092,323
7000,-1.256756691,-4.223443244,-0.308217462,81
7001,-1.097432846,-4.806334429,0.259245101,252
7002,-1.055707926,-5.236919179,0.437168488,219
7003,-0.911477519,-5.441866626,0.186508879,197
7004,-1.214300677,-4.392217964,0.398942694,101
7006,-1.544299767,-4.218676605,0.451347959,347
7007,-1.278421376,-4.570877077,0.474725687,267
7009,-0.883212334,-4.620951755,-0.097181722,123
7011,-0.562564337,-5.006964718,-0.087561602,30
7012,-1.161460703,-4.973213266,0.457304322,223
7014,-1.119497658,-4.62587053,0.500254242,227
7015,-1.065799769,-4.673876076,0.477485443,139
7016,-1.02268283,-5.423201375,0.49074444,172
7017,-1.015535558,-5.724445982,0.507919121,150
7018,-1.113844707,-5.132490301,0.480303811,194
7019,-1.29616292,-4.381946585,0.397427977,30
7020,-0.665036011,-5.977974455,0.585379749,30
7021,-0.645500778,-5.357332233,0.042788597,30
7022,-1.216708384,-4.823729932,0.469994887,65
7024,-1.580099916,-4.267053009,0.532083038,299
7025,-1.163158825,-4.977362482,0.536233868,187
7028,-1.105436322,-4.848345648,0.264311733,88
7031,-1.043460185,-5.275981311,0.536949269,147
7032,-1.041951317,-5.803401033,0.622796273,114
7033,-1.139177055,-5.122638997,0.557163816,158
7035,-1.27464152,-4.458191129,0.514686082,224
7038,-0.65636027,-5.424143857,-0.431568123,72
7039,-0.989389877,-4.832009878,0.056677536,30
7040,-0.92173738,-5.045706133,0.027183399,85
7041,-1.223997048,-4.644143969,0.456088324,184
7042,-1.08150683,-5.045191188,0.33017563,129
7044,-1.202076918,-4.538517706,0.462777595,47
7045,-0.711318044,-5.368922577,-0.092232077,96
7047,-0.855959768,-5.253186195,-0.023406104,129
7050,-0.962487023,-4.480306972,0.081950533,33
7053,-1.046714834,-5.403372094,0.633292582,100
7055,-1.211247494,-4.917001174,0.570981751,122
7057,-1.052438709,-4.499020946,0.188496622,30
7058,-1.137225453,-4.713902063,0.308100153,37
7061,-0.981623932,-5.111206009,0.098946523,39
7063,-1.828867503,-3.746172024,0.348967024,325
7066,-0.63466857,-5.208325402,-0.076160966,45
7068,-0.774842758,-5.828286381,-0.004686776,21
7069,-1.204185584,-5.06515336,0.616456303,89
7072,-1.531596649,-3.275057379,0.39216571,686
7075,-1.79478127,-3.544974059,0.405793661,292
7077,-0.827422524,-5.857006363,0.128512531,21
7078,-1.07405283,-6.093693251,0.850147194,23
7085,-1.117544102,-5.273128641,0.64482886,59
7087,-0.699906455,-5.285620049,-0.297867243,16
7092,-1.146319133,-5.124366726,0.637048648,70
7096,-0.943251978,-5.496111089,0.267074987,37
7097,-0.87502654,-4.147009176,0.502395699,48
7098,-1.610123661,-3.722891728,0.364809262,229
7106,-0.837926901,-4.27063059,0.364989967,16
7107,-1.747600866,-3.523682582,0.472238117,322
7109,-0.702949431,-5.234041072,-0.353295274,16
7112,-0.985525636,-3.801601065,0.495813088,114
7114,-0.917833696,-4.387981383,0.488783093,37
7118,-1.355599587,-4.397689255,0.537327083,147
7119,-0.977973733,-4.337362533,0.289257507,70
7121,-1.10432205,-4.174738214,0.360153877,48
7122,-0.928705775,-4.299924065,0.215646045,70
7129,-1.19500918,-4.65099702,0.594510071,92
7131,-1.087232207,-4.742112084,0.323451602,48
7133,-0.951758306,-5.04890263,0.148277107,26
7134,-1.280654694,-4.234069634,0.118930685,147
7138,-1.549041352,-3.316558153,0.426417351,640
7139,-1.41572076,-2.619983793,0.384042063,806
7140,-1.473812924,-3.733291919,0.470586408,182
7141,-1.080050688,-5.647905753,0.771484496,26
7142,-1.27391848,-4.626726553,0.628541653,81
7144,-1.154117153,-4.29177944,0.578945671,59
7146,-1.20466022,-4.919087731,0.634568534,37
7148,-1.106483521,-5.389358194,0.737161932,26
7150,-1.101925589,-4.10367631,0.552996331,70
7151,-0.816677686,-5.16281856,-0.114996876,16
7154,-2.60342478,-1.975358755,0.486535883,1548
7155,-1.245727267,-4.554298212,0.630474047,48
7157,-1.631514463,-4.221280341,0.405187103,184
7164,-0.999304939,-4.29915626,0.317412847,37
7165,-1.201212698,-5.251949861,0.737342893,16
7166,-1.353577935,-4.137150596,0.021949289,160
7167,-1.206159793,-5.041259815,0.680135122,16
7168,-1.239736988,-4.794956101,0.687481705,16
7176,-1.201710605,-4.76879413,0.530532656,26
7179,-1.135842393,-5.186423773,0.795946612,16
7183,-2.418614067,-1.999104802,0.532223502,1463
7187,-1.338660168,-3.806736948,0.238899616,16
7189,-1.017990912,-3.61320446,0.369808634,92
7191,-0.739138898,-4.791301393,-0.046421958,16
7200,-0.947677153,-3.997049255,0.471935298,26
7201,-0.930728178,-3.968587813,0.517601619,16
7205,-1.153295865,-4.246679056,0.577684318,16
7206,-1.29133756,-4.243702565,0.547933493,48
7209,-2.626223193,-2.006413705,0.530873571,1519
7215,-1.260102857,-4.074635145,0.501414559,59
7219,-0.922399862,-4.460375543,-0.06757663,37
7221,-1.365199169,-4.436417674,0.481825287,81
7225,-1.30017861,-3.511084773,0.356576233,127
7230,-1.47857218,-4.33120127,0.402302205,103
7242,-1.030611859,-4.712209402,0.125145944,16
7245,-1.417592329,-4.381352089,0.544671144,70
7246,-1.872664884,-3.710928414,0.323887345,196
7248,-1.869566089,-4.326543494,0.059703745,331
7255,-1.252151082,-2.357882497,0.301678297,856
7258,-1.001147797,-3.696066551,0.441322456,26
7261,-1.536199263,-3.467659546,0.437499429,70
7263,-1.281904512,-4.101096382,0.177553578,70
7266,-1.818697572,-3.406170459,0.132360047,129
7268,-1.706477457,-3.205649468,-0.142081511,117
7269,-1.370789164,-3.578950925,0.322294917,48
7270,-2.200287384,-2.400576007,0.270332022,1302
7273,-2.073476767,-3.170406214,0.239701992,171
7274,-1.558073895,-3.69340355,-0.053184167,141
7275,-2.054568172,-3.088301233,-0.221431617,157
7276,-3.052970074,-2.157485657,0.468616182,1595
7277,-1.475093669,-3.834806796,0.27497325,117
7278,-1.521637474,-2.529679802,0.307168717,744
7280,-1.624525552,-4.070893116,0.018708905,171
7282,-1.692033692,-3.294171199,-0.154606287,129
7284,-1.033417433,-4.250632083,-0.043387407,48
7285,-1.787795468,-4.335186856,0.247986767,157
7288,-2.650633647,-3.288326635,-0.018295466,269
7289,-1.911077265,-3.69403101,0.20070425,185
7290,-1.500969985,-3.875763797,-0.202071963,129
7292,-1.630676254,-3.215038118,0.35401732,579
7293,-1.639907832,-3.551027274,-0.044460984,141
7295,-1.990512788,-3.575259083,0.107193783,185
7296,-2.004579675,-3.532648583,0.031264146,185
7297,-1.609885484,-3.249358989,0.204115454,130
7298,-2.286910953,-3.158146483,0.439029477,174
7302,-2.690400209,-2.799782027,-0.024030313,260
7303,-1.637287403,-3.156118731,-0.145928911,106
7307,-2.116349225,-3.304492335,0.257965907,174
7309,-0.989450411,-3.77449756,0.504259227,16
7312,-1.736009128,-3.141437672,0.044098433,146
7313,-1.831101102,-3.562195545,0.489880261,223
7318,-2.635375654,-2.026597639,0.554825551,1482
7319,-1.359798095,-3.466793888,0.254044193,16
7320,-0.985059993,-3.819328488,0.488363227,16
7323,-1.768077246,-3.695184509,0.084315463,174
7325,-1.385715754,-3.737243612,-0.160431619,81
7326,-2.261244999,-3.009811502,-0.236116824,160
7327,-1.933583302,-3.691226442,0.282099663,174
7328,-1.43202317,-3.482726719,-0.151743432,70
7330,-1.65531414,-3.380690562,-0.089189738,118
7331,-1.754688369,-3.194720172,0.260083631,149
7337,-1.631007376,-3.673826406,0.414416594,541
7343,-1.767437577,-3.001018293,0.464996236,557
7348,-1.370389752,-3.560136495,-0.147608815,48
7349,-1.349903182,-3.496698493,-0.18970349,26
7350,-1.668968483,-3.5542267,0.406535681,163
7351,-1.559112612,-3.408758848,0.35648951,499
7353,-1.494107687,-2.907189736,0.407467012,653
7354,-1.571127091,-3.677576981,-0.138579305,107
7356,-1.273950476,-3.94573402,-0.234942865,48
7357,-1.840195677,-3.737148903,0.233620102,163
7358,-1.657405225,-3.502156673,0.040955635,119
7360,-1.682843096,-3.220333573,0.247986041,149
7361,-1.60178386,-3.341603311,0.476984133,16
7366,-1.604382095,-3.381052701,0.553306613,16
7370,-1.530505758,-3.475260601,0.49961458,16
7371,-1.077538124,-4.358027148,-0.012855644,16
7372,-1.715417656,-3.26723978,0.38957197,138
7374,-1.3008537,-3.304612442,-0.018166953,16
7376,-1.086126968,-3.529941124,0.45681729,16
7377,-1.49124968,-3.133311955,0.030931426,59
7378,-1.189844878,-4.040008041,-0.233671147,26
7382,-1.655312395,-3.229348682,-0.173108463,84
7383,-1.504671167,-3.040079804,0.451329247,620
7385,-1.557574979,-2.574185779,0.269986583,696
7386,-1.595940394,-3.597795711,-0.120102391,96
7389,-1.728227651,-3.153229778,0.270076839,113
7390,-1.761868794,-3.245300546,0.324277717,73
7399,-1.415774871,-2.644637063,0.247010126,653
7400,-1.803884566,-3.231632428,0.33446515,127
7401,-1.747452347,-3.698958395,0.440531766,141
7403,-1.927434496,-3.119850125,0.096439724,73
7404,-1.586142128,-4.12310701,0.380517466,73
7405,-2.56194073,-3.129434687,0.063440958,225
7407,-2.07183491,-3.489174954,0.097787116,141
7408,-1.129581919,-3.569901747,0.432686758,16
7409,-1.629052855,-3.379396747,0.397553157,116
7412,-1.296175156,-3.508458728,0.437883146,50
7413,-1.700871396,-4.008887757,0.486994759,74
7416,-1.61328182,-4.105945433,0.521783379,50
7418,-1.546976895,-3.17049018,0.234260994,74
7420,-1.80802236,-4.251635769,0.198308313,116
7423,-1.70281386,-3.879932054,-0.036657571,116
7424,-1.651776954,-3.97255859,-0.005513075,116
7430,-2.453038355,-3.351808295,0.176299405,203
7432,-1.573648024,-2.935153152,-0.21910545,16
7434,-1.496905947,-3.06839182,-0.007395349,26
7436,-1.537162535,-3.114990709,-0.128625335,26
7437,-1.523907532,-3.05688937,-0.118050098,26
7438,-1.531246376,-3.408039125,0.340635025,497
7440,-1.490871565,-3.589251871,-0.150310996,39
7442,-1.831849139,-3.178521403,0.294552051,105
7443,-2.016897859,-4.510996389,0.584210804,119
7444,-1.745285798,-3.56207174,0.580375446,440
7445,-1.611138182,-3.484744576,-0.04528227,75
7446,-1.205260946,-3.49684801,0.363092984,16
7449,-1.604877017,-3.212798192,0.079934597,52
7454,-1.377529973,-4.114166118,-0.034090852,40
7456,-1.548641285,-3.382724617,-0.159857913,28
7459,-2.253188504,-3.138728344,-0.174347106,108
7460,-1.403134083,-4.194579591,0.110094886,18
7461,-2.021573461,-3.174630022,0.510870731,41
7462,-2.009196567,-3.124569626,0.473290723,41
7463,-1.961429818,-3.142940488,0.577047943,41
7464,-2.4902849,-3.330614614,0.561707781,200
7465,-1.300150726,-3.475486316,0.4440163,18
7466,-1.521556752,-4.244080951,0.141069306,29
7467,-1.442328418,-3.29015229,0.41120777,41
7468,-1.886860679,-3.296940876,0.537836835,41
7474,-1.603515521,-4.185109194,0.080984817,53
7475,-1.899342002,-3.223175769,0.542293954,41
7477,-1.674334987,-3.476767276,0.46974258,97
7479,-1.453450376,-3.242319915,0.289586815,489
7480,-1.687104963,-3.308822258,0.327273365,447
7481,-2.011756543,-3.525519725,0.241434176,97
7482,-1.557989164,-3.534993548,-0.148516126,29
7483,-1.569468201,-3.479511398,-0.164518422,29
7484,-2.173471357,-3.340883611,-0.074857039,97
7486,-1.525777433,-3.627431936,-0.139345631,18
7488,-1.62425283,-3.429183913,-0.130760531,29
7489,-2.364140915,-3.448981067,0.100110042,169
7491,-2.35860166,-3.050407791,-0.065895304,85
7493,-1.513934529,-2.584264924,0.260169292,629
7494,-1.823379548,-3.40937814,0.406050704,379
7495,-2.029517537,-3.450656428,0.293173467,73
7500,-2.705551555,-3.121323543,0.640717353,157
7501,-1.657793166,-3.067682464,-0.019365376,18
7505,-2.05302075,-3.480700352,0.031853914,73
7507,-1.590750294,-3.657333877,-0.013216678,29
7508,-1.614664615,-3.600855172,-0.0344393,29
7509,-1.666113338,-3.45910872,0.479375396,61
7510,-1.648682029,-3.492360989,0.472320602,61
7516,-1.537800121,-3.144896199,0.504907596,482
7517,-1.705674426,-3.794894286,0.586137931,382
7518,-1.86859948,-3.493037153,0.292944199,33
7519,-1.600297351,-3.501192366,0.400937136,411
7520,-1.820290385,-4.011499857,0.237625463,212
7522,-1.76935271,-3.058175494,0.204238836,455
7523,-1.675511552,-3.531885844,0.483903136,369
7524,-1.864600182,-3.559029566,0.455610007,110
7526,-1.861251573,-3.510192399,0.4184586,268
7527,-1.967637396,-3.65611201,0.301940284,49
7533,-1.612280867,-3.566881747,0.370024081,385
7537,-1.590979186,-2.394608986,0.089957945,747
7542,-1.677286331,-3.514447072,0.469858578,49
7543,-1.501461684,-2.373996545,0.324071074,924
7544,-1.940900461,-2.379555529,0.363092906,1092
7546,-2.91247475,-3.075212632,0.793535115,119
7547,-2.393307682,-3.094328928,0.574568653,35
7548,-2.209767201,-3.364188369,0.029793398,35
7549,-2.820801241,-2.8215185,0.791696329,53
7550,-2.730029069,-2.888446633,0.55310022,53
7552,-2.526309547,-3.052595484,0.681819539,53
7553,-1.6944148,-3.481412854,0.492964242,35
7555,-1.944608982,-4.116826609,0.541412927,35
7556,-1.76213195,-3.627052267,0.375262578,59
7557,-2.37580316,-3.281455472,0.585136331,69
7566,-1.496260187,-3.462559741,0.27933808,442
7571,-1.770230171,-3.857683496,0.335647409,199
7572,-1.664121817,-3.565933602,0.388525009,343
7576,-2.516924033,-3.220901297,-0.008611073,119
7583,-1.660465922,-3.462204472,0.488197634,329
7586,-2.673664117,-2.938600206,-0.009892734,55
7588,-1.778674936,-3.776235787,0.634460502,300
7593,-1.841157317,-4.042719083,0.684851139,300
7594,-1.695880996,-3.595422497,0.594995736,442
7595,-1.326299666,-2.435378117,0.407966745,704
7596,-1.654466263,-3.49289672,0.584654562,399
7597,-1.970277644,-4.216201237,0.319040518,170
7599,-1.834928496,-3.754270634,0.52872951,22
7600,-2.256828334,-3.051340123,-0.003347574,109
7604,-2.102112186,-4.59474783,0.313921677,172
7609,-2.027766748,-4.422039254,0.496597382,185
7611,-2.057742951,-3.515237227,0.151176359,22
7612,-2.41242698,-3.428284574,0.158974308,105
7616,-2.456091705,-3.241454037,0.757965969,41
7618,-2.487548738,-3.128855203,0.518875837,41
7620,-1.679602445,-3.501020255,0.618821272,428
7621,-2.206374897,-4.76682899,0.818619439,24
7627,-1.872242384,-3.993921815,0.17711098,93
7628,-1.512107167,-3.583445644,0.592037586,186
7630,-2.595446533,-3.214846104,0.065323592,91
7635,-1.934177797,-3.279773137,0.509936413,184
7639,-1.600723944,-2.160015628,0.31679543,571
7641,-1.87159749,-3.333572337,0.459677374,38
7644,-2.062324667,-4.039961207,0.709942773,38
7645,-2.177704061,-3.335710788,0.421886161,55
7649,-1.697796836,-3.948091285,0.336417955,268
7650,-2.032399638,-4.09091363,0.561386753,124
7651,-2.125678027,-4.447300335,0.812723022,38
7653,-1.849302367,-4.249782866,0.353644032,153
7654,-1.92735106,-4.038026207,0.403139685,73
7656,-1.783152282,-3.559689334,0.445045725,38
7660,-1.881996666,-2.142457553,0.206615901,594
7664,-1.874011334,-2.411349219,0.199215181,790
7667,-1.33481556,-2.280445925,0.384897315,849
7669,-2.06566261,-4.124043423,0.745149407,24
7672,-2.05631723,-3.964210446,0.695745971,24
7673,-1.930995348,-3.2044289,0.379649439,255
7679,-1.323263431,-2.27980675,0.424576844,849
7681,-1.875762101,-4.032198763,0.641696738,138
7682,-1.76090767,-3.525222858,0.645940449,282
7683,-1.923074551,-4.314213729,0.644130998,123
7684,-2.338247878,-3.317804467,0.507086064,40
7685,-1.751325085,-3.569665107,0.472717575,24
7686,-1.776144935,-3.499336031,0.446039283,229
7687,-1.911200586,-3.820478854,0.646730689,123
7689,-1.833477363,-4.151048039,0.548543539,253
7692,-1.716247835,-3.98250074,0.267826563,153
7693,-1.562209517,-3.727870396,0.180737069,310
7694,-1.898189726,-3.369343395,0.328721567,268
7698,-1.76582196,-3.506796413,0.44530637,241
7699,-1.688495283,-3.756721937,0.54768337,123
7700,-1.76740981,-3.435197657,0.424830837,24
7701,-2.059439482,-4.178672477,0.595191055,92
7703,-2.225385952,-3.505925441,-0.029576091,24
7704,-1.698532642,-3.409484845,0.415095306,295
7706,-1.991722875,-3.49102051,0.207281482,153
7707,-1.639839524,-2.946764998,0.283116976,409
7708,-2.250403388,-2.280346961,0.392959048,1138
7709,-1.914067732,-3.593222624,0.253237308,167
7710,-2.06242216,-4.090392538,0.681213806,24
7711,-2.003253282,-3.571450768,0.379234398,58
7712,-1.867033307,-3.693852935,0.438625035,40
7713,-1.789166219,-3.535252568,0.547501977,24
7715,-1.770348202,-3.514988253,0.535194701,24
7716,-1.762787704,-3.556023015,0.542696561,24
7718,-2.494705485,-3.120874946,0.63399297,77
7720,-1.877784365,-4.200989502,0.740683236,253
7721,-1.40752208,-3.100234071,0.218294526,409
7723,-1.775259796,-3.532371285,0.525155439,24
7724,-2.012032497,-3.694197251,0.448188634,77
7725,-1.998748806,-3.841076856,-0.014610085,24
7726,-1.90076668,-4.116410706,0.209509255,60
7727,-1.751438808,-3.562500351,0.525141392,24
7729,-2.340213678,-2.983931325,0.059839933,43
7730,-2.162469933,-3.410448241,0.10945632,43
7733,-2.077706806,-4.275960827,0.560415432,43
7734,-3.063312728,-2.851452049,0.7912528,26
7736,-1.875495413,-4.397807436,0.076601239,62
7739,-2.316893489,-3.00703129,0.580020402,202
7741,-2.047804692,-4.272475332,0.774501323,110
7742,-2.637190521,-3.065067847,0.458752319,29
7747,-2.650054587,-3.031923862,0.533983726,46
7750,-1.942412997,-3.06863722,0.344547494,251
7751,-2.717469697,-2.899034057,-0.04054409,46
7752,-2.563972674,-3.250799683,0.62972371,46
7754,-1.675422115,-4.179192849,0.145306496,113
7758,-1.689991063,-3.575139935,0.64505904,256
7759,-2.118646044,-4.931695681,0.089597423,55
7760,-1.583238638,-3.312253838,0.625066173,175
7761,-2.405217721,-5.709995878,-0.402058068,38
7763,-1.605336506,-3.35682003,0.636256426,175
7765,-2.256162949,-3.179278459,0.417655292,24
7767,-1.874745074,-4.577590921,-0.021962791,55
7768,-1.29428339,-2.231743607,0.246609225,685
7769,-1.461445373,-2.949711766,0.457813712,327
7774,-1.738086184,-3.517151972,0.63253293,84
7777,-1.729299025,-3.990355597,0.493638876,199
7779,-1.6987488,-3.339186153,0.509078191,127
7781,-1.514044424,-3.834269083,0.238710313,160
7785,-2.280095406,-3.031394955,0.73358888,124
7794,-2.241079798,-3.186731243,0.386174888,54
7795,-1.703910255,-2.717513663,0.307457836,384
7796,-5.353479687,-5.16836385,-0.265771424,67
7798,-2.04842693,-3.319543408,0.634347347,56
7802,-1.70011814,-2.465397785,0.217510571,506
7804,-2.247769435,-3.15625698,0.714670394,148
7805,-2.050491977,-3.240445796,0.301429154,148
7806,-1.520275078,-3.299208117,0.52178053,172
7808,-1.599729021,-3.331579998,0.636546375,160
7809,-1.76069225,-2.337980643,0.366489125,878
7810,-1.582192261,-2.409140889,0.274804932,780
7813,-1.704534138,-3.685057104,0.281482045,38
7815,-2.320264167,-3.374083269,0.02551971,24
7819,-1.540941299,-3.493497635,0.591983409,24
7821,-5.527404347,-5.28371181,-4.13068282,38
7822,-1.501142458,-2.330544122,0.204190644,670
7823,-2.059590951,-2.060358409,0.183275874,487
7824,-1.806079949,-2.076594778,0.163465546,472
7828,-1.909274967,-3.201985279,0.378757947,83
7829,-1.900763878,-4.377397307,0.71576619,85
7830,-1.802011327,-4.277407744,-0.038089227,25
7831,-1.891205085,-4.006196099,0.443325236,25
7833,-2.050013951,-3.041927121,0.488532554,180
7835,-2.305446785,-3.283643055,0.773340379,51
7836,-1.815353707,-2.425654126,0.474855508,747
7838,-1.70932484,-4.088855037,0.455128014,115
7839,-1.501906257,-2.592464404,0.426066976,307
7844,-2.02825102,-3.144492816,0.597160323,180
7845,-1.617433802,-3.702898676,0.678545358,192
7847,-2.389051885,-2.951717917,-0.050401813,67
7848,-2.153336432,-3.463997258,0.342805686,22
7849,-1.619428329,-2.499160066,0.403764549,373
7850,-1.886987965,-3.254816741,0.281273584,193
7851,-1.860767344,-3.580297455,0.468889042,22
7852,-1.484640434,-3.258005102,0.612794548,115
7855,-2.797566683,-2.883626299,0.876132223,20
7856,-1.94299613,-3.898899198,0.74619908,20
7857,-2.193431671,-3.097858847,0.699272287,98
7861,-2.060767996,-4.634836715,0.906277712,62
7862,-1.462311201,-2.643519632,0.205295857,367
7864,-2.220141092,-3.056947251,0.619271396,122
7865,-1.558612131,-3.551729172,0.565570828,34
7871,-1.820252841,-4.369433148,0.29364149,35
7872,-1.616698476,-4.046017301,0.268388378,85
7873,-1.737738539,-4.175095377,0.207711914,21
7874,-1.603401073,-3.99461575,0.147020535,49
7875,-1.987305327,-3.292811718,0.733041251,20
7878,-1.933047678,-4.482087822,0.603844473,21
7880,-2.185978564,-3.376306841,0.098769774,35
7884,-1.655211615,-4.143157416,0.299526537,73
7887,-1.634285476,-4.133886068,0.229290589,20
7891,-1.82080999,-4.36958492,0.510477679,45
7892,-2.150784604,-3.095862351,0.562663687,93
7895,-1.79222953,-4.135257651,0.642022214,69
7896,-2.153853435,-3.226448424,0.654193176,33
7897,-1.795619369,-3.048084687,0.164545662,69
7898,-2.143972087,-2.076308768,0.392463056,992
7899,-1.449189555,-3.445385038,0.173365997,220
7901,-1.524672619,-4.062172619,0.115357678,45
7906,-1.629388078,-3.537238012,0.53956464,217
7907,-1.580204277,-4.066569289,0.082318444,18
7908,-1.858828404,-4.08727137,0.79990966,29
7914,-1.565560337,-3.176751796,0.455736971,146
7915,-1.744561029,-2.795781528,0.065800244,245
7917,-2.134637591,-3.06908892,0.248476097,77
7918,-1.657944606,-4.372690416,0.131722944,18
7919,-1.974024585,-2.055545301,0.021781268,411
7877,-1.583161651,-3.489102337,0.562149518,18
7924,-1.600565783,-3.479586771,0.538056995,41
7928,-2.319935191,-3.068587592,0.792045371,18
7931,-1.528669399,-3.982802234,0.253027611,29
7933,-1.574304207,-3.923604736,0.249993318,53
7934,-2.249531381,-3.237442331,0.761523584,29
7935,-1.695233231,-4.120472346,0.349637276,41
7937,-2.070703557,-2.965437256,0.23022048,119
7940,-1.524284354,-3.0400028,0.53138216,176
7941,-1.931622258,-3.31576382,0.23257875,41
7942,-1.446556709,-2.657511378,0.423095205,221
7945,-1.657408651,-3.767999386,0.270047767,67
7946,-1.701818809,-3.053780888,0.222672778,29
7950,-1.657153319,-2.321091672,0.283424517,276
7952,-1.612334069,-2.405744478,0.127621373,484
7953,-2.568543245,-1.9167047,0.000167401,356
7954,-1.51065028,-3.792753275,0.201341704,29
7955,-2.204684839,-1.941152007,-0.081546613,356
7956,-2.387902722,-2.283127967,-0.495962974,569
7961,-1.636842078,-3.893339334,0.247044414,29
7965,-1.700091459,-2.162589676,0.240982726,432
7966,-1.706729211,-3.616930746,0.538624917,41
7967,-1.363841912,-2.718560924,0.216154462,301
7972,-1.739457369,-3.554004855,0.623917923,41
7975,-1.633196228,-3.373021631,0.618700052,18
7977,-1.479491267,-2.953862114,0.441429081,183
7980,-1.729213943,-3.435642603,0.128561572,56
7981,-1.680876336,-3.469649619,0.640050621,140
7983,-1.924061231,-1.997237243,0.117252819,309
7985,-1.747276335,-4.006956624,0.420387928,18
7986,-2.063428031,-3.089745282,0.599969408,58
7987,-1.426767252,-3.19961338,0.185584004,171
7988,-1.471296787,-2.679646931,0.17355378,251
7991,-2.045885306,-3.096572988,0.657960809,46
7994,-2.078280652,-3.124141923,0.704435435,46
7995,-1.673346978,-3.987273545,0.219425018,18
7998,-1.721252675,-2.151828843,-0.078255528,421
8003,-1.9218876,-3.13269459,0.293322586,74
8004,-1.580600583,-2.80770492,0.434501868,147
8007,-1.510481183,-2.353586841,0.124231836,613
8008,-1.485298855,-2.829743843,0.305147539,195
8009,-1.438254536,-2.971598054,0.428182481,144
8010,-1.97937415,-3.274883355,0.190197531,18
8012,-1.553522215,-2.796781455,0.523874134,117
8013,-1.803935276,-3.810573788,0.743849308,18
8014,-1.696086298,-3.061714681,0.367822841,18
8015,-1.610134739,-3.943833259,0.023751561,18
8016,-1.527429988,-3.077394297,0.558409361,87
8017,-1.824206999,-2.012164377,0.068647803,267
8018,-1.555537277,-2.814192163,0.540895398,117
8019,-1.612195595,-3.088451049,0.566746357,73
8021,-1.457114405,-3.053443066,0.5409077,101
8025,-2.265939575,-2.944627286,0.766363905,20
8026,-1.622626639,-3.216922156,0.457363661,20
8029,-2.081171826,-3.044811465,0.536736182,20
8032,-2.099608828,-3.02802722,0.596034061,20
8041,-1.776645209,-2.356637583,0.069976555,146
8042,-1.545833992,-2.77404869,0.516964488,105
8043,-1.539057149,-2.77193786,0.484900225,105
8045,-1.589779298,-3.362745265,0.476786012,89
8049,-1.558356082,-3.675805692,0.32667864,89
8052,-1.531658629,-3.188045957,0.559109685,32
8053,-2.161839263,-2.987454295,0.697839102,34
8054,-1.625516736,-2.937849893,0.234588878,62
8055,-1.468174904,-2.646314982,0.438447617,133
8056,-1.507202209,-3.627794432,0.228152668,90
8063,-2.009433068,-2.104706534,0.485446646,841
8065,-1.659654996,-3.152563846,0.373154867,90
8068,-1.471372155,-3.653448483,0.096887105,49
8069,-1.685766398,-2.524029041,0.037649303,120
8071,-1.650408928,-2.742500019,0.057517555,118
8077,-2.518674592,-2.288704314,0.154458331,995
8078,-2.472367664,-1.999484917,0.394037142,967
8082,-1.880733036,-2.960417296,0.472012006,63
8083,-1.956140374,-1.973621649,0.157294246,215
8084,-1.435497052,-2.923189048,0.470914559,63
8085,-1.902976586,-2.97296035,0.572770787,65
8086,-1.739511114,-2.549459963,0.301336229,150
8087,-1.646920603,-3.352659073,0.61673957,65
8088,-2.061225064,-2.961439065,0.586462199,22
8089,-1.887313002,-2.256795884,-0.093366633,106
8090,-1.896273004,-2.884554076,0.50489994,78
8091,-1.496516738,-3.09382307,0.438364477,92
8092,-1.66098067,-2.536973848,0.341523004,92
8095,-1.579593099,-3.248533178,0.551935537,80
8097,-1.29525361,-2.385209655,0.15644436,354
8098,-1.54362708,-3.321130333,0.443199014,63
8100,-1.60392566,-2.295132611,0.08539652,215
8101,-1.605568274,-3.697033092,0.50530977,22
8102,-1.688894128,-2.806244288,-0.004143419,106
8103,-2.102005914,-2.414214152,0.234822064,749
8104,-1.535364716,-3.348135405,0.138499909,49
8107,-1.476670317,-2.175677655,0.22723079,277
8108,-1.759369417,-2.43445033,-0.07776811,92
8109,-1.557750902,-3.54234557,0.550144721,49
8110,-1.926093789,-2.915384757,0.261993888,35
8112,-1.639008568,-2.52714359,0.323242911,169
8113,-1.590301317,-3.201469126,0.382899108,66
8116,-1.59612799,-2.907296593,0.25404557,103
8118,-1.77482389,-2.264437123,0.237296876,647
8119,-1.637833338,-3.485433571,0.642316039,35
8121,-1.547684291,-3.448964733,0.355705611,37
8122,-1.458976241,-3.477956499,0.16821973,64
8123,-1.752009387,-2.266341525,-0.108473449,479
8124,-1.880377487,-2.287368255,0.132611059,76
8125,-1.380076991,-2.505388558,0.292551394,202
8126,-1.809858761,-3.053379434,0.295879132,35
8128,-1.484222673,-2.752119011,0.061142468,155
8129,-1.409970658,-2.549204353,0.107961351,225
8131,-1.747886236,-3.100289777,0.2424101,22
8132,-1.758813139,-2.439115357,-0.137905552,50
8133,-1.651843315,-2.794972232,-0.038712692,64
8134,-1.950711964,-2.881838531,0.56650171,36
8135,-1.697880744,-2.479837716,-0.023175483,38
8136,-1.655578222,-2.652406585,-0.047247437,75
8139,-1.788469255,-2.21624785,-0.039943737,468
8141,-1.500582588,-2.726943773,0.500823216,20
8142,-1.66772121,-2.692895827,-0.075694691,33
8146,-1.475996053,-2.996247258,0.402186103,29
8153,-1.655039898,-2.813728124,0.515368377,31
8155,-1.299553336,-2.382434666,0.42440432,140
8157,-1.479421025,-3.199333809,0.355802659,18
8158,-1.510042282,-2.856793149,0.010256992,75
8160,-1.911546565,-2.395380709,0.421815222,471
8161,-1.482015477,-2.635160897,0.394092283,108
8167,-1.714509307,-3.715337094,0.56857077,18
8169,-1.827470129,-3.853677341,0.691888134,18
8170,-1.430266721,-2.881813736,0.500373743,18
8171,-1.355590991,-2.416856784,0.094269327,256
8173,-1.300662411,-2.540976243,0.186618692,155
8175,-1.597435235,-2.891404693,-0.059439694,31
8181,-2.974202654,-2.38217447,0.043989687,958
8182,-1.993648803,-2.098399177,-0.01101286,223
8185,-1.363673627,-3.184925007,0.151674091,30
8186,-1.527322651,-2.650305069,0.516337786,19
8194,-1.517165837,-2.547753973,0.033999411,128
8195,-1.828785836,-2.804742106,0.272463471,19
8205,-1.427497059,-2.732879761,0.431699165,19
8208,-1.535164094,-2.884477733,0.006894854,41
8209,-1.47872567,-3.22360766,0.393538436,30
8211,-1.715829218,-2.528613712,-0.081919429,19
8212,-1.344507287,-2.352078821,0.102950896,459
8213,-1.635621683,-2.777481018,-0.091604608,19
8214,-1.448223061,-2.801213405,-0.018237125,111
8218,-3.009874373,-2.339180883,0.53469625,977
8223,-1.41094719,-3.062567697,0.264193908,26
8228,-1.589432749,-2.268930126,0.031752108,425
8230,-1.748313461,-2.62799235,0.162196335,26
8232,-1.447809563,-3.120771972,0.33086682,16
8233,-1.42998863,-2.42193685,0.366382571,102
8235,-1.252928553,-2.460906682,0.373163357,256
8236,-1.735351201,-2.173215226,0.482209234,70
8238,-1.405400044,-2.848279011,0.387793615,48
8239,-1.496557043,-2.589034574,0.455663277,85
8242,-1.420183508,-3.145889889,0.296317471,16
8243,-1.527810182,-2.93826997,0.53493097,37
8244,-1.397009487,-2.546921182,0.046992939,140
8245,-1.695892284,-3.35454359,0.566048489,79
8248,-1.794934581,-2.125821678,0.327662906,140
8250,-1.595215577,-2.528478141,0.3695197,70
8257,-1.406581517,-2.733929565,0.147936752,70
8260,-1.662958774,-2.620048919,0.106740276,117
8262,-1.482121718,-2.660884335,0.372771628,59
8263,-1.38526254,-3.122373079,0.207580661,16
8264,-1.722112371,-2.194386029,0.131565377,531
8265,-1.468939535,-3.212397393,0.430775007,16
8266,-1.44152923,-2.985614964,0.518565831,37
8267,-1.459190588,-3.132714082,0.484302703,26
8268,-1.442095401,-2.920999178,0.527247565,37
8269,-1.350348802,-3.176780203,-0.071709722,16
8271,-1.839645488,-2.617876985,0.23174589,16
8273,-1.600008102,-2.393030358,-0.031815703,178
8274,-1.858191539,-2.586477197,0.548378767,37
8275,-1.939868557,-2.166260379,0.324531764,167
8276,-2.088985236,-2.039849954,0.444385118,711
8280,-1.523504028,-2.397045408,0.394559305,26
8281,-1.623264726,-2.23651657,0.128606455,520
8282,-1.909694401,-2.098110158,-0.316175153,270
8283,-2.092981597,-2.191876915,0.562057166,106
8284,-2.103287667,-1.86005906,-0.287597161,91
8286,-1.827564929,-2.568697195,0.247328776,48
8287,-2.018143181,-1.913254653,-0.116669953,91
8288,-1.806455231,-2.649406677,0.521477236,26
8292,-1.769216434,-2.102265924,0.358300846,91
8293,-1.454953127,-2.458156366,0.449587696,26
8294,-1.887335329,-2.333162237,0.125694763,551
8295,-1.486465246,-2.857065603,-0.071522312,48
8296,-1.774885383,-2.652196946,0.044910163,26
8298,-1.319384352,-2.185602534,0.338298235,167
8299,-1.640211797,-2.629066733,-0.018899026,37
8300,-1.537256903,-2.72242059,0.504530837,37
8302,-2.034751965,-2.030642027,0.486976203,63
8303,-1.550833525,-2.839772417,0.53209286,26
8304,-1.45074332,-2.692557091,0.335870522,48
8305,-2.005461498,-1.933297845,0.080096902,80
8306,-1.83630946,-2.426882737,0.391073516,315
8308,-1.658685618,-2.307292408,-0.175262502,392
8311,-1.430499667,-2.962328909,-0.045765578,37
8312,-1.495098888,-2.572246079,0.311116928,63
8313,-1.986901535,-2.54904597,0.597049804,16
8316,-1.863435747,-2.016818282,0.243028405,52
8320,-1.59175112,-2.454225738,0.380209763,26
8321,-1.399068697,-2.206624058,0.368445301,223
8322,-1.277182389,-2.194121096,0.364164082,145
8323,-1.412814435,-2.744200933,0.504076126,16
8324,-1.624537757,-2.352892157,0.114448074,208
8327,-1.673208159,-2.460300292,0.303114692,69
8328,-1.619920313,-2.361693886,0.363174042,16
8329,-1.556391696,-2.3910526,0.2974399,26
8330,-1.573993977,-2.343706809,0.316606949,16
8333,-1.947442974,-1.922631296,0.074944487,41
8336,-1.59646331,-2.508015418,0.30942723,47
8338,-1.503700234,-3.061144641,0.316304031,16
8339,-1.82920174,-2.288869243,0.514258435,142
8341,-1.808729016,-2.078007875,0.402395856,16
8342,-1.810676528,-2.426585891,0.443162943,62
8343,-1.37952742,-2.770091245,0.248567445,30
8344,-1.644869404,-2.1553532,0.368346034,85
8346,-1.815691141,-2.028812182,0.208893974,16
8347,-1.439089466,-2.294408024,0.33872498,47
8349,-1.416339766,-2.201238708,0.395212467,161
8350,-1.404376128,-2.292724501,0.342025417,30
8355,-2.149922236,-2.059117643,-0.482486741,131
8361,-1.567258646,-2.254487675,0.155753776,463
8362,-2.041811408,-2.038060602,-0.191501954,93
8364,-1.514333684,-2.270799947,0.149148407,463
8365,-1.834898853,-2.156528627,-0.363773717,242
8366,-1.325529936,-2.510927133,0.401493434,51
8367,-1.483785148,-2.702238311,0.01672219,20
8368,-1.912678922,-2.285689994,-0.415634053,328
8370,-1.288473783,-2.384012737,0.33196943,137
8371,-1.703786026,-2.426857664,0.249967212,80
8373,-1.577650761,-2.321001563,0.234078358,483
8376,-2.049954408,-1.894934078,-0.327375679,24
8380,-2.093676067,-2.101519849,0.537684204,645
8382,-1.521024512,-2.446082339,-0.068064451,80
8384,-2.502000796,-1.954908272,-0.674921768,118
8386,-1.797483032,-2.475094214,0.513205932,65
8388,-1.478417264,-2.178591713,0.282472657,84
8389,-3.02746592,-2.415767413,0.508268352,888
8390,-2.711973969,-2.259009938,0.342402573,817
8391,-2.860879741,-2.040833295,0.460612066,836
8393,-1.13637698,-2.425177688,0.192655701,229
8396,-1.381166024,-2.790098274,0.353188888,46
8398,-1.438639655,-2.295644392,0.126407234,421
8402,-1.37571277,-2.240200057,0.324419991,147
8403,-1.49297705,-2.749945338,0.509706109,46
8404,-1.153567484,-2.595178921,-0.023158519,130
8407,-2.934429195,-2.462478559,0.232759741,918
8408,-1.282624527,-2.675147292,0.359759197,50
8409,-1.18842041,-2.49048222,0.274797817,109
8410,-3.100402215,-2.201566872,0.486645205,873
8411,-1.407959525,-2.254637285,0.307092275,69
8412,-1.631150446,-2.300441326,-0.128656065,50
8414,-1.831352809,-2.210678904,0.520993095,527
8416,-1.418246201,-2.286973938,0.162292358,422
8417,-1.360580042,-2.690132623,0.458699641,69
8418,-1.330281566,-2.402703886,0.394754709,130
8420,-1.132702288,-2.381267433,0.115167813,199
8426,-1.076788677,-2.412790493,0.122549464,288
8427,-1.953192631,-2.148537766,0.521975048,571
8428,-1.37417215,-2.224124882,0.306414502,50
8429,-1.245082097,-2.722557086,0.270964609,32
8433,-3.226950452,-2.300068733,0.465021708,899
8437,-1.538051347,-2.434956633,0.277048061,88
8438,-3.083778687,-2.485733874,0.499502451,883
8439,-1.120504854,-2.475027212,0.276569497,209
8440,-1.231785528,-2.514420938,0.397570196,90
8446,-1.187164694,-2.334471894,0.207839904,145
8374,-1.307332946,-2.69494864,0.460584286,69
8448,-1.114045897,-2.701873643,-0.058349802,71
8449,-1.562914928,-2.364876923,0.227812664,434
8451,-1.24449978,-2.582771845,-0.084034821,69
8452,-3.096067436,-2.262644568,0.53321544,850
8453,-2.905849958,-2.626987672,0.565517408,835
8456,-1.158571303,-2.691715857,-0.134139778,69
8459,-1.223034564,-2.648216897,0.441575359,94
8460,-2.746717262,-1.990922806,0.46988455,762
8461,-2.785722171,-2.06660939,0.378766979,785
8463,-1.243990724,-2.402487462,0.102090216,109
8468,-1.146182112,-2.448213577,0.217950295,90
8469,-2.724094279,-3.222647607,0.295337191,938
8472,-1.07649597,-2.767602302,-0.026519862,32
8473,-3.296923812,-2.500171042,0.465144879,972
8474,-2.9624138,-2.457168095,0.294018949,904
8475,-2.348445259,-1.975635191,0.518955594,651
8477,-3.241283598,-2.340208988,0.551865193,889
8479,-1.098922416,-2.548954236,0.233070107,75
8480,-1.113037219,-2.391255862,0.432783428,267
8483,-1.085212511,-2.520708088,0.142701638,129
8484,-1.073944023,-2.635708448,0.344835145,107
8486,-1.154050767,-2.740081053,0.456316043,75
8488,-1.082914597,-2.445121426,0.069685156,267
8489,-1.622834411,-2.324253822,0.326043187,435
8491,-1.961161311,-2.295146302,0.295385999,380
8492,-1.196511937,-2.434082062,0.002503222,142
8494,-1.691841673,-2.229875554,0.504119866,435
8495,-1.699440813,-2.420529218,0.216178634,56
8499,-1.158706214,-2.638775717,0.402630647,71
8500,-0.975914407,-2.534099204,0.028691417,211
8502,-3.18251298,-2.309072745,0.554271877,842
8504,-1.071362807,-2.479119633,0.228923596,152
8505,-1.292467021,-2.446087556,0.416609614,32
8506,-1.684662114,-2.252668246,0.531533621,433
8507,-0.974521946,-2.698638547,-0.224521764,152
8508,-1.84698263,-2.195841675,0.534333469,492
8511,-1.755359327,-2.307070466,-0.409298346,189
8512,-1.856840539,-2.29764252,0.183759602,361
8513,-2.47806624,-3.328352106,0.024961121,926
8514,-1.019070797,-2.685956028,0.322633387,71
8517,-3.256269974,-2.283193885,0.514242996,847
8518,-1.327649983,-2.181847301,0.160328609,85
8523,-1.2921519,-2.154178668,0.153229282,85
8525,-1.314298606,-2.163984134,0.209743585,85
8526,-1.679034236,-2.217531145,0.123079914,321
8527,-2.709815836,-2.061251752,0.571458753,681
8528,-1.096157908,-2.481814087,-0.028895787,223
8529,-1.034727042,-2.47426921,0.063653736,161
8531,-1.98803564,-2.050927586,-0.431603221,46
8532,-1.206710833,-2.257300153,0.44241193,238
8533,-0.979738395,-2.455581962,0.15959388,120
8535,-0.979027407,-2.537546673,0.174282637,104
8538,-1.244200521,-2.417160312,-0.0574731,200
8539,-1.017796025,-2.440928607,0.268634784,163
8542,-1.244586478,-2.35301045,0.123169095,219
8543,-1.408237288,-2.109615808,0.087656214,62
8545,-2.414060949,-1.946889096,0.472072037,559
8546,-1.337060626,-2.147973409,0.167698381,62
8548,-0.993050528,-2.701081982,0.279618978,48
8549,-1.384676987,-2.331692186,0.208910771,313
8550,-1.158850145,-2.507733266,0.234864673,40
8551,-2.240668466,-2.261257937,-0.798123922,104
8553,-1.321972859,-2.278259945,0.20080225,75
8554,-2.669518872,-2.107854478,0.317822325,695
8555,-0.976814809,-2.420764984,0.158694481,183
8556,-1.146888533,-2.429983422,0.327369,141
8557,-1.291579478,-2.217341087,0.478093878,280
8560,-1.039461345,-2.315923784,0.29891056,185
8562,-0.985574826,-2.544046614,-0.081493308,185
8563,-1.26981197,-2.201518486,0.437913934,263
8565,-3.25530991,-2.331746609,0.559980549,822
8566,-1.296070563,-2.273020077,0.38778445,185
8568,-1.339378003,-2.299957592,0.457817959,185
8569,-1.369551698,-2.1082548,0.145347942,20
8571,-1.044071929,-2.493906581,0.156704465,47
8573,-2.928186876,-2.162745784,0.565509914,673
8579,-2.064009145,-2.095471549,0.488609198,423
8580,-0.968181607,-2.532663153,0.22299293,77
8582,-1.130224495,-2.632738511,-0.167492616,20
8586,-1.915953041,-2.350895053,0.317781671,242
8589,-2.012485624,-2.154695806,0.586310758,437
8590,-1.792838301,-2.285415052,0.366611655,20
8593,-1.312771679,-2.493197064,-0.281145642,64
8594,-1.774817425,-2.323710811,0.25725344,242
8596,-1.896250189,-2.204446931,0.551883693,365
8597,-1.045889591,-2.585408142,0.343297705,64
8601,-1.82443103,-2.350029734,0.305709919,242
8603,-1.423059455,-2.217236919,0.300972048,20
8607,-2.048228086,-2.168496557,0.602457456,420
8610,-2.836624318,-2.126949593,0.558437196,649
8611,-2.511805904,-2.054466928,0.604692489,540
8612,-1.323143822,-2.316757207,0.469818528,131
8614,-2.872736476,-2.149969906,0.588219542,628
8617,-2.997556453,-2.63519673,0.649810775,739
8619,-2.291534332,-2.027447999,0.5696292,499
8624,-2.750698749,-2.08689913,0.607273827,575
8629,-1.113761063,-2.557959503,-0.078812534,24
8630,-3.266089705,-2.501076933,0.474774333,810
8634,-1.749127954,-2.252826811,0.561364515,324
8635,-1.83179549,-2.240650497,0.604672115,371
8636,-1.118605931,-2.549944084,0.377855711,24
8641,-1.013853891,-2.464720176,0.459276852,103
8646,-0.991073058,-2.390340478,0.250829612,147
8648,-1.043306545,-2.412162731,0.21958164,30
8652,-0.999836225,-2.581515079,-0.1712161,69
8653,-1.234043802,-2.262174592,0.458716875,126
8654,-2.55975546,-2.363590367,0.475291738,401
8655,-1.880103129,-2.262502755,0.624896975,332
8656,-1.070328473,-2.36291517,0.236660496,49
8657,-0.959929306,-2.395375155,0.251408103,88
8658,-1.130206842,-2.410238953,0.328949236,32
8659,-0.953539358,-2.387638953,0.22142096,129
8660,-2.370706844,-2.515800649,0.662811764,220
8661,-2.904293312,-2.078943311,0.487536092,569
8662,-1.426474815,-2.193288115,0.228175937,33
8665,-2.552603227,-2.505825222,0.697620615,220
8666,-1.47379906,-2.187630408,0.192880062,33
8669,-1.307125673,-2.279189701,0.499518896,183
8670,-1.123273996,-2.475040653,-0.078155133,70
8671,-0.914265969,-2.604804759,-0.166806511,48
8672,-0.776421407,-2.57056756,-0.045330274,48
8673,-1.191137495,-2.240500129,0.437015055,128
8674,-1.614400635,-2.324739245,0.322447281,290
8675,-0.941524067,-2.431249233,0.373550551,48
8676,-1.643224619,-2.350539084,0.669212118,235
8677,-1.1451115,-2.403964371,0.114951475,48
8679,-1.787486954,-2.199934477,0.490824422,235
8680,-3.211773239,-2.373211878,0.635678832,685
8681,-3.294388438,-2.374553045,0.568751567,700
8684,-0.934587812,-2.365894911,0.297898935,28
8686,-1.939629598,-2.066116699,0.487436705,316
8688,-1.278612205,-2.28232854,0.487437964,140
8689,-1.195907956,-2.31275381,0.29884702,105
8690,-1.947718693,-2.187865808,0.567160777,293
8691,-1.213359017,-2.227189857,0.466366165,84
8692,-1.262323003,-2.32394806,0.605266063,86
8693,-1.034832407,-2.377729706,0.367577335,28
8695,-0.977236931,-2.348118933,0.298401418,28
8696,-1.111515804,-2.412208993,0.460257145,28
8698,-1.58950527,-2.07831268,0.425735488,92
8703,-1.963170209,-2.339086512,0.710044464,67
8704,-2.923686478,-2.190402478,0.602533528,528
8707,-1.975437091,-2.049840654,0.408129737,304
8708,-1.20299225,-2.38853997,0.637577734,69
8710,-1.705780519,-2.33526161,0.675095561,176
8712,-2.898261479,-2.180291189,0.617810006,486
8715,-0.955085313,-2.492287249,0.057061604,31
8716,-1.269006676,-2.314274312,0.575242669,68
8717,-1.503327634,-2.129710256,0.520162549,70
8720,-2.362132899,-2.502936409,0.566274818,122
8721,-3.002621044,-2.742367057,0.241843103,521
8723,-2.673000255,-2.024477644,0.511634321,409
8725,-2.567418498,-2.38404947,0.56647871,285
8726,-1.033000667,-2.421303086,0.16025743,31
8727,-2.663970484,-2.064458377,0.607649725,409
8729,-2.682895666,-2.090428784,0.53149832,405
8730,-1.702213101,-2.116270974,0.53664842,68
8731,-1.968266243,-2.211903645,0.223859949,101
8733,-1.255993009,-2.262906142,0.457793062,85
8734,-2.553575365,-2.039673597,0.596051725,356
8735,-1.816932461,-2.158636104,0.458469439,214
8736,-1.368318733,-2.31600894,0.526307897,101
8737,-1.177874835,-2.388375953,0.113630975,31
8741,-1.469563004,-2.329001049,0.605226768,120
8742,-1.619777418,-2.064602366,0.432633334,54
8743,-1.12462211,-2.394196933,0.151131741,31
8744,-1.515912366,-2.271878094,0.542163323,120
8746,-1.466281037,-2.301865967,0.204127453,85
8747,-1.313249752,-2.315743623,0.627005146,50
8748,-1.553745633,-2.021949773,0.317464286,30
8753,-1.486168601,-2.143627261,0.518808766,49
8754,-1.77286368,-2.147375585,0.13309499,33
8755,-1.786670162,-2.226095653,0.524326848,128
8758,-2.599759316,-2.068627846,0.636242359,336
8760,-1.284925985,-2.267329144,0.421474895,38
8763,-1.89244799,-2.233445974,0.658931336,218
8767,-1.886348842,-2.153530275,0.493654511,169
8769,-1.169396087,-2.362307575,0.277453597,22
8770,-2.907253438,-2.91347153,0.702965192,502
8781,-2.606319751,-2.565464276,0.61239118,58
8783,-1.674588215,-2.300727419,0.379407808,93
8785,-1.377250207,-2.288769251,0.332363969,22
8788,-2.130327732,-2.060739982,0.496749471,201
8789,-2.384181005,-2.50857371,0.759297897,58
8790,-2.31353657,-2.414739888,0.739685185,22
8791,-1.978013085,-2.232382947,0.638325998,174
8794,-3.153513234,-2.214284881,0.465201724,472
8795,-1.476213703,-2.363906615,0.671539357,37
8800,-1.891971366,-2.192215121,0.535581711,150
8806,-2.548526942,-2.013676692,0.563860684,276
8807,-2.3113874,-2.092931391,0.639710462,231
8808,-2.528174564,-1.938501097,0.466169103,331
8812,-1.499822077,-2.315207296,0.606229607,24
8813,-2.599696289,-2.039824931,0.526311713,207
8816,-2.180339615,-2.336744397,0.284255932,44
8819,-1.803855179,-2.315840903,0.687554612,100
8820,-2.020727744,-2.247405305,0.672926552,100
8822,-1.766974192,-2.343233896,0.699920759,82
8823,-1.881799363,-2.295557203,0.677521744,100
8824,-2.135037435,-2.111476433,0.530559386,121
8826,-2.369056032,-2.478100708,0.241290704,121
8827,-2.044590505,-2.238129997,0.670161463,100
8828,-1.926002055,-2.282534398,0.678278409,100
8829,-2.123098792,-2.03275022,0.46301927,172
8831,-2.431407118,-2.364541149,0.273127853,216
8833,-2.505355341,-2.106236251,0.471511775,238
8834,-2.47449514,-2.550878876,0.842653852,29
8837,-2.655242876,-2.528636141,0.460486098,100
8839,-1.628151122,-2.344246034,0.326076973,44
8840,-1.910601204,-2.30131691,0.701657793,62
8841,-1.338595245,-2.418353816,0.296511341,28
8845,-1.567726883,-2.246751813,0.496739387,46
8849,-2.227213641,-1.979025439,0.508686204,218
8852,-2.569661106,-2.041940593,0.498826527,172
8853,-1.78035228,-2.171256691,0.419641963,127
8855,-3.790645283,-2.478789572,0.322847359,453
8861,-2.183949422,-2.20310278,0.488855554,63
8862,-2.282826906,-2.040520998,0.424256309,86
8863,-2.100726199,-2.108830095,0.531757215,84
8864,-1.853717628,-2.243931959,0.591620696,86
8866,-2.103352344,-2.001675144,0.532163793,179
8868,-2.27092606,-2.399561641,0.359734953,29
8869,-3.222162207,-2.067869434,0.350776887,318
8871,-2.27721794,-2.313989065,0.08866431,45
8873,-1.680346378,-2.370656687,0.213585055,45
8875,-3.035850998,-2.396034804,0.272752208,466
8880,-1.700391415,-2.250523325,0.530703126,45
8884,-2.753107269,-2.630478078,0.761863455,88
8890,-2.783644801,-2.247868671,0.238117114,255
8891,-2.63319993,-2.108028426,0.258978412,298
8896,-2.23037318,-2.359974651,0.401138927,48
8898,-2.787099804,-2.578018204,0.662378294,72
8899,-1.564290502,-2.386817306,0.206040583,28
8900,-2.693288781,-2.562729296,0.632699893,99
8901,-2.444791938,-2.479107486,0.229503739,48
8902,-1.634408339,-2.380270238,0.132649345,48
8906,-2.819831189,-2.674231522,0.12768161,491
8907,-2.243942999,-2.071975029,0.41063503,50
8908,-1.641097043,-2.324083122,0.291381345,28
8909,-2.729946908,-2.160149374,0.227765069,305
8910,-1.752036182,-2.28458984,0.324726575,28
8911,-2.486606687,-2.251301584,0.374132313,121
8915,-3.094490334,-2.045193583,0.377427254,282
8919,-3.369929092,-2.402758771,0.550443178,474
8921,-2.635532867,-2.479502812,0.523813119,80
8924,-2.514169161,-2.080382531,0.540115522,102
8927,-2.392868779,-2.379146814,0.162291095,57
8931,-2.574243407,-2.220514081,0.427293493,104
8935,-2.922735643,-2.595822176,0.142558898,452
8936,-2.705927717,-2.193613639,0.223039026,300
8938,-2.024336501,-2.06953104,0.489363184,56
8940,-2.064670094,-2.060960041,0.483961812,58
8941,-1.855777606,-2.15945146,0.510435301,34
8944,-2.557656149,-2.063097599,0.544231067,80
8946,-2.391965063,-2.112578914,0.099931742,57
8948,-2.443013418,-2.112073252,0.152555202,57
8950,-2.651229848,-2.083764409,0.635588751,179
8957,-2.288735985,-2.06540313,0.622005735,126
8958,-2.079509703,-2.055498401,0.328443454,103
8963,-1.984754358,-2.196388187,0.637374271,35
8965,-4.483520635,-3.620033886,0.172028563,637
8966,-2.829652255,-2.277208669,0.134707508,295
8967,-2.103363691,-2.099886395,0.168384521,151
8973,-1.948473591,-2.208788589,0.645095691,35
8974,-2.650525101,-2.823113776,0.054109054,322
8975,-2.573659244,-2.222506713,0.173513616,57
8977,-2.500236018,-3.010056582,-0.129972133,449
8979,-1.826496995,-2.176445617,0.187159343,57
8982,-2.595788573,-2.235559163,0.394836611,155
8983,-2.512946121,-2.197401168,0.167085208,181
8984,-2.671758162,-2.30813127,0.030640146,243
8986,-2.524165595,-2.375447774,0.529112131,32
8988,-2.988205933,-2.122739577,0.466922495,251
8990,-2.285080273,-2.039854204,0.58726538,77
8993,-3.92752422,-2.931945596,0.508714471,455
8994,-2.161207954,-1.954793558,0.473887566,55
8997,-2.182037934,-2.074725221,0.331654195,32
8999,-2.572448867,-2.219284897,0.091679929,100
9001,-2.534528709,-1.974171667,0.379816503,32
9002,-2.527950566,-2.08977071,0.640490678,151
9005,-3.140800447,-2.223092146,0.485909718,284
9012,-3.136924237,-2.063863046,0.320011499,194
9014,-2.951353983,-2.713872101,-0.15040436,355
9016,-2.087818552,-2.008504995,0.594396974,55
9017,-3.878115325,-2.602921536,0.347967066,326
9020,-4.039944189,-4.237853117,0.018221825,729
9022,-2.087828465,-2.013881154,0.6230941,34
9023,-3.320499529,-2.196795134,0.368478696,247
9025,-2.885477248,-2.086720014,0.460844261,191
9028,-2.485449655,-2.09670808,0.381009649,107
9029,-2.43491575,-2.057246389,0.615485274,105
9031,-4.229360071,-3.874916958,0.327528866,649
9032,-2.677871068,-2.870379255,-0.248079036,381
9033,-2.526093443,-2.254383917,0.375610672,78
9035,-2.582846768,-2.093934835,0.633339873,154
9037,-4.107932813,-3.898211262,0.048562527,675
9040,-2.335533377,-1.975560453,0.501144268,55
9041,-3.18535159,-2.399071446,0.656301674,320
9042,-2.185466894,-1.986231538,0.516287304,34
9043,-2.321133001,-2.107141114,0.105394706,34
9045,-2.316316988,-1.945472093,0.459743193,103
9046,-2.951098121,-2.142600816,0.52035314,214
9048,-3.028223402,-2.256097735,0.611941966,242
9053,-2.409030472,-2.051425819,0.596994028,87
9055,-2.529982939,-1.97626896,0.502708475,85
9056,-2.472012343,-1.947746659,0.473410673,109
9057,-4.105486214,-3.069029999,0.229038145,428
9059,-3.876042088,-2.664017614,0.414023919,284
9062,-2.857122188,-1.936537086,0.376002505,85
9068,-2.96998326,-2.138858442,0.114496167,152
9070,-2.580754789,-2.084815308,0.083570386,36
9071,-3.325433554,-2.194524871,0.500157749,134
9072,-3.039446737,-2.370224921,0.059362769,175
9073,-3.995870949,-2.712796319,0.490888263,254
9074,-2.658826495,-2.251288126,0.269452269,58
9076,-4.005409861,-2.991998538,0.538192603,398
9077,-3.909894798,-2.588935502,0.403341522,254
9078,-2.089932428,-2.082573793,0.23575281,60
9079,-3.878327147,-2.497993262,0.333632032,254
9080,-2.902997829,-1.925282414,0.383641526,85
9081,-2.829013331,-2.172869289,0.076601172,132
9085,-2.724675026,-2.404884818,0.510715634,39
9086,-2.648039014,-1.983998373,0.514979795,66
9092,-2.157397019,-2.134637788,0.108461287,38
9093,-2.717837159,-2.311425651,0.454635056,39
9096,-2.842443543,-2.625273019,0.565217174,39
9097,-2.90238753,-2.674533879,0.637611139,63
9098,-3.045386887,-2.695654733,0.675821163,88
9099,-2.827810974,-2.559188748,0.713585334,38
9101,-3.840747844,-4.104644558,0.196350076,702
9102,-2.48711669,-2.084365805,0.643432635,38
9103,-3.271246168,-2.310837981,0.54079889,267
9104,-2.516872636,-2.136945234,0.059482528,65
9106,-3.860767635,-3.886745738,0.160930253,650
9108,-3.056374215,-2.04911615,0.330889912,106
9109,-2.529647337,-1.992648986,0.397326034,67
9112,-3.310871431,-2.768307257,-3.2935e-05,282
9113,-2.905946242,-2.106302158,0.518936872,99
9118,-4.225884378,-3.851711282,0.213611844,555
9119,-2.39843847,-1.983224803,0.504746187,36
9123,-3.314036121,-2.358263812,0.540867317,266
9125,-2.985740006,-2.655792364,0.735300839,37
9127,-3.26292156,-2.197404401,0.367250154,153
9128,-2.253198152,-2.148741732,0.092095214,37
9131,-2.543148868,-2.228481945,0.028287689,120
9133,-3.157004885,-2.060103206,0.388602385,78
9134,-2.869177704,-2.693604635,-0.179222105,239
9135,-3.088656794,-2.288928113,0.567797716,180
9136,-2.619911497,-2.196662296,0.045208691,80
9137,-2.90215853,-2.046622239,0.120314569,39
9142,-3.10144822,-2.21149499,0.482138694,139
9143,-2.687164912,-2.944972293,-0.104612592,227
9145,-2.762632484,-2.282993856,0.050693299,126
9152,-3.214329021,-2.320320904,0.57558742,197
9153,-2.943980486,-2.207018915,0.615394062,91
9155,-2.799090657,-2.647328518,-0.097502742,183
9157,-2.815515583,-2.324984973,-0.033554145,70
9158,-3.130606943,-2.095686252,0.233296773,51
9159,-2.498993182,-2.210387373,0.057766687,91
9161,-3.723690014,-2.336657466,0.189626886,141
9162,-2.915033011,-2.414434374,0.583116686,32
9163,-2.289188719,-2.197248394,0.045497445,53
9164,-2.999048971,-2.235929279,0.574612407,108
9167,-3.405104678,-4.987495579,0.159860985,774
9169,-2.892419108,-2.517089402,0.544290604,32
9170,-3.330380035,-2.103222962,0.26057512,33
9171,-2.777485534,-2.392379215,0.314972092,53
9172,-2.781365679,-2.354192469,0.141099709,33
9173,-2.602372242,-3.199636241,-0.146231711,280
9177,-4.064479932,-4.432737435,0.138910179,586
9180,-3.810667278,-4.290637131,0.282633474,625
9184,-2.718732965,-2.093975341,0.593634041,30
9186,-3.503450864,-4.380983521,0.166921716,719
9189,-2.827090956,-2.165642959,0.623356736,52
9194,-3.21996548,-2.19033603,0.367763108,104
9195,-2.897917354,-2.766338143,0.550783896,221
9196,-2.930158225,-2.105416443,0.481532244,88
9197,-3.244299991,-2.748685136,0.022030415,205
9199,-3.852454264,-2.874469234,0.382455245,305
9201,-2.616549642,-2.161328426,0.616135621,52
9206,-2.660941211,-2.104536509,0.576581096,52
9210,-3.335268545,-2.355712535,0.522029164,205
9211,-2.691113932,-2.66389142,-0.044381692,117
9220,-2.960058579,-2.462947099,0.131014469,29
9221,-2.703364962,-2.089999229,0.376071472,48
9226,-2.743608272,-2.575547775,0.057731249,50
9229,-2.999174143,-2.572391859,0.545213192,31
9230,-3.03494439,-2.726074391,-0.116106996,169
9236,-2.652463619,-2.520649332,0.17727395,28
9250,-3.377209397,-5.155596527,0.359143376,708
9256,-2.809880387,-2.143337821,0.318530661,26
9258,-3.323540545,-2.430253753,0.513486993,194
9259,-4.026596444,-2.981348992,0.18369632,261
9262,-3.270882971,-2.291807317,0.490160795,131
9266,-3.830886681,-2.64301508,0.152072246,161
9269,-3.798400375,-2.435584496,0.261039334,103
9271,-3.985303835,-2.779371164,0.260704646,216
9272,-2.865425409,-2.156141347,0.575818878,27
9276,-4.036773779,-2.882375075,0.304497875,231
9278,-3.318602899,-4.718187604,-0.015544715,697
9279,-3.680198705,-2.595189383,0.195314625,161
9281,-4.127945945,-3.061758924,0.464161366,231
9282,-3.705830991,-2.475163863,0.067229051,117
9293,-3.219414275,-5.376202578,0.115720373,744
9294,-3.961924311,-2.749954753,0.224964528,197
9300,-3.254987937,-2.286232316,0.483717435,56
9303,-3.025408956,-2.255935384,0.410183857,24
9308,-2.907434967,-2.675902204,0.216204414,54
9310,-2.903023257,-2.486898629,0.015444742,127
9311,-3.794674693,-2.337153472,0.157584829,56
9312,-3.643560868,-2.490965443,0.066982647,98
9319,-3.172939214,-5.298859499,0.507922869,722
9320,-3.841545223,-3.749647585,0.724467189,395
9321,-2.846162678,-3.052823467,-0.293399525,193
9323,-2.854805858,-2.220427557,0.234348777,24
9326,-2.807370219,-2.607372052,0.209532502,24
9328,-3.096954448,-3.060973646,0.183018784,195
9334,-3.183026286,-2.650961235,-0.123292628,80
9337,-3.011919753,-5.472782713,0.860649233,726
9338,-3.110762091,-2.609259,0.443627223,23
9340,-3.83268067,-3.498675622,0.759089033,339
9345,-3.078885718,-2.671577039,-0.16369738,80
9347,-3.054266183,-2.278887441,0.601916608,22
9349,-2.794722204,-2.467332874,-0.118435063,36
9352,-3.072842911,-3.998204377,-0.057972969,557
9353,-3.970832244,-3.988560124,0.065395163,479
9354,-3.032125272,-2.354748778,0.564914512,66
9355,-3.770111476,-2.361245626,0.210392404,38
9356,-3.439322968,-4.613473341,0.672113715,605
9357,-3.762745554,-2.342082262,0.077234195,38
9377,-3.033091347,-2.190451597,0.577802875,21
9378,-2.708971667,-5.470020931,0.431050455,775
9384,-3.032472703,-5.4695548,0.093985067,753
9386,-3.122113461,-2.303918742,0.563360668,33
9390,-3.219699198,-2.757880245,0.099435166,107
9391,-3.92984951,-4.390562325,0.090592366,527
9395,-2.942870852,-3.177190457,-0.10022968,259
9396,-3.823703126,-2.681241189,0.061908899,107
9399,-3.138910432,-2.724738493,0.370292906,33
9401,-4.217151568,-4.611588897,-0.105258782,514
9404,-3.263667958,-2.306390841,0.507122971,77
9410,-3.232137734,-2.360864904,0.6113903,21
9412,-3.112841646,-2.864399462,0.469151816,49
9413,-2.915701113,-2.642598847,-0.211366283,49
9416,-3.448385528,-2.260779393,0.564867936,21
9420,-3.046353603,-3.096071493,0.271682856,142
9426,-2.939211956,-4.952352888,0.131397792,715
9430,-2.973901594,-5.605172322,0.540106544,715
9435,-2.759907964,-5.6242165,1.029074235,726
9444,-3.21235357,-4.265575971,0.303414352,616
9445,-2.832560706,-2.781665016,0.173041506,76
9446,-3.974158496,-2.916141448,0.421059717,161
9449,-3.87782226,-3.035546935,0.371509775,244
9451,-3.741224058,-3.04869304,0.626728545,246
9452,-3.113224268,-2.935637696,0.55865678,51
9453,-3.059797764,-3.077503282,0.664678445,35
9455,-3.12976415,-2.402409316,0.302117151,95
9457,-3.82321436,-2.846208612,0.366925024,179
9458,-3.846979478,-3.542015382,0.242492513,406
9464,-2.965229847,-2.587842373,0.099046281,112
9466,-2.915874032,-2.413887858,0.090701571,64
9474,-3.877264984,-2.553093264,0.383892361,22
9475,-2.884825454,-2.851238482,0.157905554,79
9477,-2.965745145,-2.949116816,0.118531625,49
9481,-3.296749667,-2.365060074,0.513846164,51
9483,-3.689012005,-4.375264796,0.130644276,582
9487,-3.669971843,-2.681987079,0.213430403,132
9488,-3.410102308,-3.400624571,0.259569155,282
9493,-3.293969303,-2.405072943,0.57580908,50
9495,-3.251556411,-2.442511181,0.676279961,65
9496,-2.691737572,-3.337899394,0.664600036,22
9498,-3.533692315,-2.690659937,0.551303507,135
9500,-3.740815067,-3.013102647,0.290700221,232
9502,-3.127696122,-2.837213639,0.613915111,50
9505,-3.136986398,-2.836176427,0.326730956,50
9507,-3.239515472,-2.58887964,0.039838628,22
9510,-4.088698751,-2.899461136,0.451354111,22
9515,-3.726522028,-3.021393221,0.637419,216
9517,-2.687460371,-4.575355214,0.12502618,719
9518,-3.264993049,-2.366076255,0.492163615,67
9520,-2.654705328,-5.044703026,0.058625621,730
9522,-3.134910141,-2.706366057,0.30048949,23
9526,-2.768274983,-5.686089698,0.708707061,708
9529,-2.654286157,-5.039451223,1.016061186,664
9531,-3.823440157,-2.713708412,0.35980981,121
9533,-3.881955978,-2.921821116,0.409036749,151
9534,-3.62508068,-2.891084784,0.305579322,168
9541,-2.648392019,-3.112599493,0.77293975,85
9552,-2.830716845,-2.897807111,0.03453555,34
9553,-3.277181161,-2.365154968,0.622049316,34
9554,-3.104220032,-3.127908281,0.223542858,85
9557,-3.368206597,-2.390272405,0.654550985,54
9567,-4.085621839,-2.867968848,0.319190301,76
9568,-4.093313247,-2.848544289,0.263215175,76
9569,-4.064080395,-2.884558696,0.393709036,74
9571,-3.219583182,-2.367702517,0.584407527,22
9573,-3.367615623,-2.467251397,0.544694652,37
9578,-3.34393041,-2.356083293,0.661632789,37
9580,-3.64252266,-2.663862923,0.543122098,54
9581,-3.787222696,-3.351907191,0.770617755,212
9583,-3.274018232,-2.362207284,0.60388096,22
9584,-3.688656697,-3.823153718,0.197130966,402
9587,-2.709141577,-3.614818468,0.854921578,74
9591,-3.025975744,-3.361786829,0.674615909,91
9592,-3.376785751,-2.504045437,0.570645995,54
9597,-3.67276289,-3.089180157,0.769613457,188
9600,-2.476542415,-5.491202401,0.565064932,711
9601,-3.110544268,-2.761815795,0.640886745,22
9604,-3.349673309,-2.404626071,0.52746643,22
9606,-2.987379454,-2.985587835,0.142041979,74
9610,-2.746862227,-3.489556824,0.740283705,24
9611,-2.144356037,-3.595124486,0.632179447,40
9614,-2.411820344,-3.605693321,0.924619772,60
9617,-4.084700245,-2.784402903,0.190622897,58
9618,-3.336212895,-2.502521412,0.607974507,24
9619,-3.386634468,-2.547287015,0.601049731,77
9621,-3.727728971,-3.182152345,0.789262518,157
9623,-3.357401276,-2.477392742,0.582301333,24
9624,-3.400312719,-2.513770046,0.537631899,58
9625,-3.809618834,-3.328297833,0.683294371,224
9626,-4.07219594,-2.980412961,0.424240757,77
9627,-3.186258231,-5.354338984,0.741933651,576
9628,-4.103978251,-3.09990357,0.276747042,107
9630,-2.106041798,-4.70967792,0.307318599,759
9631,-2.669877504,-3.515275981,0.672592099,77
9632,-2.288666433,-4.936068021,0.138264759,759
9633,-3.077941846,-3.243510713,0.565968333,26
9635,-3.383822462,-2.529858915,0.564920668,45
9636,-3.127569458,-2.852790506,0.322227689,45
9637,-3.366064467,-3.861034858,0.394772987,412
9644,-3.453274458,-2.722269635,0.710123302,43
9650,-3.954429548,-2.809773092,0.259531968,62
9651,-4.080926012,-2.816854136,0.225147923,47
9656,-3.914413031,-2.758541131,0.131874177,29
9659,-3.364891916,-2.557775265,0.618321405,28
9662,-3.67748106,-2.872817054,0.595074836,126
9665,-3.551194072,-2.876622175,0.700074827,93
9666,-3.382397232,-2.545576419,0.593602192,28
9667,-3.209581259,-2.898052838,-0.093370655,28
9669,-4.113792241,-2.93584832,0.425302533,28
9671,-3.745864028,-2.694063828,0.198400828,28
9674,-3.885403412,-2.882130633,0.175375935,61
9676,-3.217695705,-2.900457954,-0.007299172,29
9677,-4.112982805,-2.945567302,0.496356825,29
9678,-2.516451703,-3.009977146,-0.248352837,29
9680,-2.614334347,-3.025030238,-0.030235718,29
9681,-3.192299079,-4.261637141,-0.033292481,446
9682,-3.663701835,-2.912165054,0.632603867,128
9686,-4.147159991,-4.164865254,-0.013213462,308
9687,-3.498219156,-2.615545861,0.557677087,38
9688,-3.775297118,-3.294695719,0.728022593,170
9694,-3.562168634,-2.833846305,0.648815216,72
9699,-4.081357144,-2.941631895,0.341033855,24
9702,-3.407100031,-2.541132411,0.556847817,24
9720,-3.537196523,-2.888292172,0.757705017,72
9722,-3.668166536,-2.846967559,0.59858513,88
9727,-3.784433624,-2.968727701,0.553574739,38
9738,-3.763325236,-2.898287162,0.262730994,57
9742,-2.782580569,-4.233228492,0.86929363,540
9749,-2.126175493,-5.191474591,0.3806141,705
9752,-3.592169296,-2.987434212,0.766670378,72
9756,-3.612278563,-2.749652245,0.56805626,74
9757,-3.745914098,-3.096233027,0.690553347,117
9763,-2.258226664,-3.510164029,0.300937567,24
9770,-4.075620453,-2.97049243,0.086962295,24
9771,-3.943902979,-3.628293262,0.420571184,203
9772,-3.130523278,-3.202827032,0.150475889,103
9773,-3.508372222,-2.714692437,0.540302502,72
9776,-2.382155348,-3.190235066,-0.209713141,72
9779,-2.982045838,-3.146681415,0.189478164,57
9780,-1.818120179,-4.465689481,0.603791468,760
9782,-2.111316302,-3.241196172,-0.283609521,55
9783,-3.516696171,-2.863386592,0.759207787,72
9786,-2.25649525,-3.086837842,-0.402544716,24
9788,-2.867403716,-3.239658381,0.012382053,74
9789,-2.482815714,-3.664151033,0.873084507,24
9790,-2.508263186,-3.828551395,0.613519798,38
9795,-2.892124999,-3.134012789,0.038795557,24
9800,-3.268306668,-3.20186843,0.249302251,103
9803,-3.194432419,-3.443385129,0.158852195,153
9808,-2.98170692,-3.28653138,0.424694645,40
9818,-1.977416297,-5.130053833,0.667950621,701
9820,-3.521643474,-2.617610832,0.639445072,24
9822,-3.764738978,-3.206577379,0.713440989,140
9824,-1.697675496,-4.268709462,0.728935394,756
9828,-3.828052615,-3.289311601,0.494256252,164
9829,-3.670575375,-2.989580797,0.713111725,90
9837,-2.245040066,-3.172460385,-0.367721363,42
9843,-3.583513422,-3.464328767,0.372104151,173
9844,-3.645418519,-2.872118243,0.572489395,27
9848,-2.891361751,-3.086447922,0.125709114,73
9849,-3.554274563,-2.746742413,0.612545113,26
9854,-4.351655192,-3.45293734,0.304763221,26
9855,-3.463796367,-2.730381929,0.64781248,42
9859,-3.477424304,-3.002314271,0.45075354,26
9868,-2.746362579,-3.120989108,-0.05296403,42
9869,-2.017513098,-4.299959442,0.383644827,697
9870,-4.186237829,-3.132516639,0.115298407,26
9872,-3.768306111,-3.069025091,0.34157281,75
9878,-3.217277776,-3.072632091,0.107983666,42
9885,-3.605093268,-2.700163758,0.589197848,25
9899,-3.577235259,-2.862331744,0.757008813,39
9900,-4.293424926,-3.524276985,0.410932081,68
9907,-2.714403738,-3.44065229,0.443638642,25
9908,-3.323647079,-3.124305847,0.19068501,41
9912,-3.843030294,-3.0403887,0.319857885,56
9923,-3.868807115,-3.28555014,0.61557681,160
9926,-4.443023334,-3.570192523,-0.028402379,50
9927,-4.134427654,-3.312527889,0.210203436,62
9928,-4.222788936,-3.789652946,0.060733766,160
9930,-1.603145424,-3.865106282,0.744095016,737
9932,-4.116018476,-3.736052611,0.431989531,124
9933,-1.2033873,-2.969762721,0.506453742,902
9936,-4.220559952,-3.535862045,0.155214722,112
9940,-4.560175692,-3.745807278,-0.041949311,62
9945,-4.162250674,-3.528996693,0.500359589,86
9948,-3.985040612,-3.271953243,0.628340493,23
9950,-3.877790804,-3.021010282,0.263742429,22
9951,-4.095479541,-3.492807184,0.74285432,23
9953,-4.159545399,-3.47174836,0.385030922,172
9967,-3.639020509,-2.875561913,0.655678971,22
9972,-3.61450689,-2.882313425,0.696829659,23
9976,-4.289366426,-3.55933484,0.719909119,50
9979,-3.508127003,-4.262462822,0.116909109,363
9981,-3.99637392,-3.262496279,0.238615311,74
9982,-3.865318808,-3.042687546,0.586538638,23
9987,-3.304226767,-3.309177,0.325187038,45
9999,-4.529721816,-3.570922599,-0.006293969,21
10001,-3.905123297,-3.233881003,0.539532644,117
10003,-3.788131337,-3.165403072,0.697680584,82
10005,-4.51738626,-3.670526627,0.214331538,95
10006,-4.400881492,-4.008071966,0.046654447,107
10016,-3.753927355,-2.951191948,0.657951425,33
10017,-1.248119853,-3.240120617,0.595332229,861
10019,-1.64925868,-3.597806806,0.668204247,720
10027,-4.188267001,-3.239975576,0.195189902,20
10030,-3.92082227,-3.174807548,0.57705138,95
10035,-4.283840613,-3.700728409,0.899265184,21
10036,-3.490570171,-3.449291221,0.28003053,69
10040,-0.959684035,-2.572804694,0.6188695,937
10043,-3.865274621,-3.015962686,0.596201752,41
10044,-3.104517362,-3.24772486,0.208162297,29
10045,-3.424803838,-4.846188241,0.016531165,407
10046,-4.06512411,-4.363988245,0.060828808,219
10050,-3.222535856,-5.115321653,-0.027964261,473
10059,-3.720653861,-3.196116439,0.76106644,29
10060,-3.923316494,-3.173337894,0.560123803,79
10067,-4.528006038,-3.783110778,0.224756115,18
10069,-3.745421841,-3.074889867,0.741757598,29
10073,-4.955406153,-4.175279773,-0.357138073,53
10074,-1.848339374,-4.250438139,0.440597655,660
10075,-3.826308676,-3.190424798,0.614545763,53
10079,-3.810680188,-3.337865778,0.793542804,18
10081,-4.453671513,-3.708932249,0.466378574,18
10082,-3.890242249,-3.17870091,0.314547716,29
10088,-2.756547541,-3.995077001,0.758317353,461
10089,-3.939944269,-3.140493679,0.532311896,79
10092,-2.228585892,-4.707416607,0.180399513,560
10094,-3.368001146,-3.705920341,0.759294183,307
10095,-3.77148965,-3.211059826,0.716799932,18
10097,-3.672141704,-3.186008929,0.772378691,18
10098,-3.976633863,-3.71881376,0.574869179,115
10099,-2.25835182,-5.116195704,0.219208964,560
10100,-4.164416837,-3.60430857,0.582211481,77
10103,-4.063333188,-3.357660089,0.538953424,67
10104,-4.044508609,-3.646258159,0.532565342,91
10105,-4.087255658,-3.712568544,0.549845125,79
10108,-3.705473167,-3.413329949,0.411954022,43
10110,-4.088876442,-3.213014476,0.644099391,43
10113,-4.121311142,-3.311436074,0.272375509,41
10116,-4.300749901,-4.000505322,0.752728065,54
10133,-4.069018302,-3.260394809,0.598347854,127
10138,-4.029719741,-3.411006269,0.234949754,67
10140,-3.832298969,-3.221535188,0.6125038,18
10142,-2.018697114,-5.043937182,0.856736337,570
10144,-2.803094857,-5.324901034,0.06319066,493
10151,-4.182976647,-3.097664837,0.569062256,55
10152,-3.920996482,-3.390714505,0.248351435,55
10154,-3.346563794,-3.398977505,0.2907422,29
10155,-3.780022214,-3.162604277,0.678936569,18
10158,-4.388865003,-3.881476687,0.321378512,65
10161,-4.135240061,-3.554573463,0.548603155,55
10162,-4.648758953,-4.071107202,-0.07636877,55
10164,-4.048566928,-4.072747978,0.023355494,157
10166,-3.821523933,-3.128451244,0.623028955,18
10167,-3.939116276,-4.220721805,0.019922717,196
10168,-4.545709149,-3.73565755,0.244354348,43
10170,-4.419533465,-3.785036453,0.338609033,55
10176,-2.23473858,-5.388250144,0.758833322,514
10177,-4.575853827,-3.918242397,0.214927841,43
10182,-3.263995715,-4.422008618,-0.047272594,305
10187,-4.204643814,-3.166610392,0.584829791,43
10188,-3.881919147,-3.904038399,0.592552298,55
10193,-3.797503267,-3.388467537,0.060905071,28
10196,-4.037197564,-3.460482907,0.25726844,64
10198,-4.636056375,-3.756740118,0.186976324,16
10201,-4.737942675,-4.015627698,0.217593796,16
10202,-4.247018667,-3.460027459,0.196913905,16
10204,-4.673686993,-4.099337309,0.012164705,28
10205,-4.139278849,-3.040095599,0.613145162,28
10209,-3.886689853,-3.454649194,0.20757473,76
10213,-4.005286363,-3.142206685,0.565434559,29
10214,-2.549626863,-5.282755862,0.274669448,466
10217,-3.087856839,-5.457504759,0.278423356,389
10227,-3.850361538,-3.399778167,0.230057905,65
10232,-4.377781262,-3.515020234,0.45072268,18
10235,-3.979887966,-3.364989893,0.46502047,18
10236,-3.554866366,-4.060800958,0.831641974,170
10238,-3.366737883,-3.494724305,0.28533954,41
10240,-3.138596982,-3.532235116,0.114910308,41
10241,-3.282454655,-3.596157202,0.171443525,29
10246,-4.176121739,-3.758731465,0.461291557,29
10247,-3.960612171,-3.993702205,0.330410557,118
10253,-4.17456235,-3.284683699,0.574084825,29
10254,-3.512203134,-3.607784239,0.166964348,29
10255,-2.709258924,-4.647270189,0.816410984,443
10257,-2.402314912,-4.80200046,0.911427764,432
10259,-3.086816911,-4.228027034,-0.143267012,234
10261,-3.806426199,-4.002565912,0.233110351,145
10262,-1.842267256,-4.855062056,0.39336333,575
10265,-3.262391757,-3.437962244,0.015238568,29
10269,-3.457821657,-3.567820851,0.074987102,18
10274,-3.304642035,-4.05163839,0.036605899,199
10278,-4.287008056,-3.874723642,0.387321074,18
10280,-2.963647937,-3.945812539,0.823977516,354
10281,-3.432198679,-3.597410077,0.23422497,18
10285,-1.193486755,-2.920009944,0.554778847,783
10286,-4.055306907,-3.447874864,0.318485221,29
10301,-3.258816478,-3.701770726,0.793192734,221
10305,-3.562450554,-3.53440051,0.427848745,65
10309,-3.774653131,-3.547815912,0.25934913,82
10313,-3.910038371,-4.181963306,0.451036833,108
10315,-3.386701946,-3.660844933,0.72803413,221
10318,-2.526432888,-4.099045575,0.644568656,441
10327,-3.96340622,-3.816854078,0.491304302,41
10331,-4.185740342,-3.800114954,0.171728676,53
10336,-1.006966507,-2.726672918,0.366007875,814
10338,-3.738693318,-3.225094462,0.543314189,41
10339,-3.349909011,-3.674720688,0.756106626,209
10341,-3.349296983,-5.108567671,0.932298951,242
10342,-3.391943409,-3.661978441,0.695114831,209
10357,-3.814746538,-3.317035466,0.711156192,41
10371,-3.221104483,-3.858554142,-0.020351259,122
10378,-2.583932592,-4.10633451,0.589138604,406
10379,-2.689232952,-3.34681548,-0.167940443,84
10380,-2.789626955,-3.920680163,0.83255249,329
10382,-2.833298341,-3.644663837,-0.088814296,97
10384,-3.329143451,-3.518545394,0.347493919,58
10385,-2.856305685,-3.970639878,-0.141739194,164
10386,-2.736606561,-3.852047305,-0.249306569,136
10387,-3.121936823,-5.152078928,-0.31609478,318
10388,-3.547094702,-4.304256179,0.76417675,136
10389,-3.626979266,-3.33306984,0.668765588,84
10390,-2.709513749,-3.459058965,-0.085134328,84
10392,-2.658711918,-3.580781446,-0.132301988,136
10393,-3.61762238,-3.397499285,0.666146544,29
10398,-1.188930116,-2.854033954,0.475689385,758
10405,-2.832816009,-5.507751389,0.211335521,384
10411,-4.008321475,-3.363772242,0.580433653,18
10419,-3.553178518,-4.356738319,0.312775885,208
10420,-3.787932795,-4.474072785,0.036614558,208
10421,-3.579214793,-3.187467958,0.471970994,18
10422,-3.684578075,-3.303160052,0.634077436,59
10423,-3.486346929,-3.408304284,0.578869471,98
10425,-3.590077539,-3.387913318,0.770420363,85
10426,-3.603499469,-3.321286523,0.654732602,72
10427,-3.613013523,-3.327980489,0.629371652,72
10430,-2.696128005,-3.921184389,-0.109234079,174
10432,-1.512676034,-3.521473521,0.316999849,660
10435,-2.753172381,-3.515245655,-0.180394837,85
10439,-3.665716213,-3.458899712,0.653258606,98
10441,-3.905883465,-4.055784658,0.520942278,31
10442,-3.56563937,-3.313495907,0.596185113,72
10446,-3.926421326,-3.729070834,0.162236897,46
10448,-2.978484175,-3.342280315,0.170848915,19
10450,-2.15705424,-5.357578559,0.537122639,437
10451,-2.786759633,-3.276535768,0.038480971,34
10452,-4.0008326,-3.870238033,0.463087747,34
10453,-1.587267089,-3.949884568,0.481412085,595
10455,-3.351907423,-4.987071318,0.263179123,239
10456,-2.697178185,-3.186132288,-0.023554163,34
10457,-3.303861852,-3.796750393,0.729952133,217
10458,-3.596807825,-4.12778387,0.361304828,140
10462,-1.868581286,-4.579867945,0.756399849,503
10467,-3.420160965,-3.602986632,0.085155119,47
10468,-3.757645006,-3.275335034,0.731021677,32
10473,-2.634837932,-3.259982279,-0.152553844,20
10475,-3.136868866,-4.173958175,0.093039198,147
10476,-3.04194292,-3.860633901,-0.088908569,84
10477,-3.752910286,-4.292753554,0.417966985,97
10479,-0.960756294,-2.506259213,0.448776209,790
10481,-2.634244623,-3.77022277,-0.255338525,112
10483,-3.244924131,-3.936570934,0.022619675,84
10487,-3.275099256,-3.65212744,0.605790447,145
10488,-3.570609825,-3.265377354,0.558457953,20
10489,-3.312725472,-3.65563768,0.714118098,145
10490,-2.809561273,-4.138673171,0.860671529,266
10493,-3.493440405,-4.033564746,0.848779478,101
10494,-2.993086697,-3.618113614,0.154511235,45
10504,-1.008931243,-2.485353167,0.556829732,763
10505,-2.010846068,-3.970438305,0.290939124,431
10506,-2.448590311,-4.608114009,0.177489363,365
10507,-2.514470574,-5.191726999,0.121664852,387
10508,-2.578783253,-3.551182098,-0.069420842,45
10509,-3.135045704,-5.352610547,-0.041650936,299
10512,-3.882782234,-4.036554624,0.112357284,32
10513,-2.796003417,-3.390815872,0.078025944,32
10514,-2.336288946,-4.393391239,0.334428151,374
10515,-2.341117728,-4.128561977,0.479231704,374
10516,-2.649056762,-4.629578092,0.228195834,319
10519,-3.269543147,-5.318766342,0.353672838,218
10521,-2.962741065,-4.10466025,-0.064341377,108
10522,-3.178074577,-4.052079193,0.888830623,130
10524,-3.158730108,-4.327744632,0.079673592,152
10525,-3.181088624,-4.145906469,0.897687665,130
10526,-4.05246385,-4.466456789,0.267433603,20
10529,-2.230619732,-4.087476617,0.336072703,348
10532,-3.487226776,-3.698229845,0.827008609,73
10533,-3.454557003,-3.579679843,0.662239057,73
10535,-3.44664461,-4.483304739,0.94394919,62
10537,-3.61220022,-3.595814394,0.633689295,45
10540,-3.276792844,-4.283644988,0.928173629,62
10544,-3.289449211,-4.541652886,-0.023732332,137
10546,-3.442992853,-4.307956245,0.941007595,49
10547,-2.890334679,-5.539288052,0.384336463,258
10548,-2.811425609,-3.796528405,-0.003035182,32
10550,-2.832438452,-5.03148173,-0.044620502,291
10551,-3.43352226,-3.787573309,0.854401163,47
10552,-3.526863983,-3.59968735,0.820225051,32
10555,-2.885567063,-3.791546417,0.41038271,179
10558,-2.523266083,-3.983905648,0.286410779,256
10559,-4.081879504,-4.589715575,0.055074649,20
10565,-2.847878391,-4.048725323,-0.101419634,69
10567,-3.430660773,-3.946378634,0.879488706,36
10568,-3.239021798,-5.31257847,0.868767051,146
10570,-3.038261012,-5.511588297,0.68465991,201
10571,-3.405232524,-3.521307039,0.527604409,32
10573,-3.151377733,-5.237885831,1.001439907,133
10579,-3.260823704,-5.33210153,0.605757138,155
10582,-3.039780295,-4.147109597,0.003956588,56
10583,-3.389151447,-3.913213889,0.418823277,23
10584,-2.723150806,-3.908981975,-0.191579624,34
10585,-1.096988287,-2.818961244,0.353279891,650
10586,-3.04229417,-4.050321026,0.167583474,56
10596,-3.318932016,-5.027886614,-0.088197013,158
10602,-3.206621323,-4.472512758,0.039561505,92
10604,-3.411159434,-4.662086129,0.772054409,48
10606,-2.477424806,-4.344683281,0.326019556,257
10607,-3.723789056,-4.381586847,0.270169455,70
10609,-3.809471257,-4.27460267,0.245773702,48
10610,-2.485840526,-3.861944171,-0.324883589,26
10611,-2.363768945,-4.241437119,0.438849651,279
10615,-2.853241631,-5.714877544,0.859245356,191
10621,-3.273715695,-4.905044926,0.218664757,114
10624,-2.619064042,-3.808342954,0.953675749,37
10629,-3.103808068,-5.148937793,-0.083509562,202
10630,-3.416242381,-4.694898193,0.574490924,59
10631,-2.744886896,-3.998097568,-0.165302529,26
10634,-2.074409591,-3.817669581,-0.668067483,16
10635,-3.136813362,-4.088058544,0.243512768,26
10636,-3.459271448,-5.092281898,0.309355621,103
10637,-2.9756425,-4.192702368,-0.23579201,26
10639,-2.652217321,-4.021254131,0.342338404,202
10640,-3.698904437,-4.608487587,0.473301293,59
10641,-2.566731595,-5.554184197,0.723875677,235
10643,-2.025512264,-4.993413901,0.52971924,323
10645,-3.290367545,-5.08321181,1.058134314,70
10647,-2.930513344,-5.254223071,1.032049132,136
10648,-3.983426004,-4.421991424,0.188999799,16
10651,-2.539447113,-4.471527555,0.213346843,235
10652,-3.291350282,-3.784159207,0.683108782,81
10654,-3.061738128,-5.530731464,0.416783569,158
10657,-3.349025651,-3.660501751,0.706826402,46
10659,-2.727674485,-4.807027844,0.007886624,202
10662,-2.504648718,-5.374041896,0.41854528,224
10663,-3.072142234,-5.117702857,1.042368363,81
10666,-2.995095297,-4.360898356,0.069983662,81
10669,-2.314925792,-3.981195165,0.284848324,213
10672,-3.118444785,-5.329994457,0.890155641,92
10673,-2.421085702,-5.100563971,0.891240003,191
10674,-2.827902447,-5.61883071,0.531406415,169
10676,-2.92355079,-3.711615464,0.310639477,59
10678,-2.885135627,-4.146761028,-0.113654521,26
10679,-2.757233532,-4.088022371,-0.273751552,16
10680,-2.993854763,-4.193809112,-0.07997724,16
10681,-2.81811299,-3.712013763,0.384889063,92
10683,-2.676107531,-4.045494193,-0.261665015,26
10684,-3.179250809,-3.705147016,0.679949421,48
10685,-3.15101999,-5.338904023,0.62147819,92
10687,-2.981977333,-4.286093375,-0.05348501,37
10692,-2.781845897,-4.096777681,-0.108520464,37
10693,-0.936035013,-2.297508156,0.527131659,662
10694,-3.098283777,-3.694706794,0.590087846,37
10695,-2.793914726,-3.938312822,0.714739887,136
10696,-0.717197394,-2.323558342,0.483176859,719
10697,-2.894348938,-5.681571733,0.664854443,136
10698,-2.956157715,-5.430731372,0.249187738,147
10699,-0.652204037,-2.375097026,0.52232617,719
10700,-3.191332538,-3.716379521,0.716793668,37
10701,-2.766703612,-3.94385397,0.758689472,136
10702,-3.151819692,-3.823423759,0.746694018,37
10703,-2.905700919,-3.65073164,0.410829299,37
10704,-3.318857616,-5.004645826,0.052046389,81
10706,-2.476817421,-3.841615814,-0.305294864,16
10708,-2.823518604,-3.645528426,0.165260329,26
10711,-3.353883929,-5.212491693,0.785821578,37
10712,-3.283683131,-5.279262703,0.484326397,48
10713,-3.192450177,-5.321834368,0.268725787,81
10714,-3.22224267,-4.929301808,-0.163575781,59
10715,-3.067126532,-4.325669947,0.036921782,16
10716,-2.821928153,-4.297099775,0.897312951,81
10717,-2.76560955,-4.598324467,0.945040281,81
10723,-2.641628654,-5.599647598,0.882733743,136
10726,-2.646625581,-5.548039384,0.606427036,147
10727,-2.67931785,-5.068182193,0.270667597,147
10729,-2.910369309,-4.369994795,-0.034637777,26
10730,-3.166683723,-3.746217198,0.68706029,16
10731,-2.992894636,-5.04479228,-0.122044763,114
10732,-3.127200688,-5.486551326,0.136510984,92
10736,-2.872148082,-4.453667029,0.16451497,103
10737,-2.736580908,-4.287566353,0.308715124,125
10738,-2.983343191,-4.911177571,1.063833224,16
10742,-2.879699391,-4.829521863,1.040324843,16
10747,-2.932857021,-4.640052106,0.886590947,16
10752,-2.852010407,-4.91006662,-0.082586122,114
10755,-0.787554488,-2.590087886,0.244905068,559
10756,-2.674037585,-3.721072663,0.365616316,59
10757,-2.705665194,-3.771452916,0.509265,70
10758,-2.742228547,-3.878035893,0.669204151,81
10760,-2.70191331,-3.721340647,0.441506501,59
10762,-2.342380362,-3.831920971,0.290128668,114
10763,-2.376927282,-5.50532191,0.687777106,147
10764,-1.296340342,-2.947267587,0.460868496,417
10767,-3.146614607,-5.362654365,0.389739583,37
10768,-0.861110556,-2.581737145,0.616099535,559
10769,-2.927340713,-3.827097166,0.848256883,37
10770,-2.690922799,-5.406736962,0.304793441,125
10771,-2.972441726,-3.793298149,0.836727909,37
10774,-2.923769845,-5.426256831,0.10058054,114
10777,-0.713786774,-2.474122129,0.529564183,565
10787,-2.623655298,-4.622633445,0.305996707,103
10788,-2.848654546,-3.753319753,0.383479053,16
10791,-3.049335259,-5.330519821,0.03299645,92
10796,-3.26757261,-5.279949278,0.029792913,26
10797,-2.854055621,-4.314486514,0.260379444,59
10798,-2.148569061,-4.651138167,0.264190583,213
10801,-2.631841442,-5.605806529,1.013819271,81
10802,-2.725768059,-5.327209255,1.082197831,37
10803,-3.072374524,-5.529377091,0.551524395,26
10813,-2.117592654,-5.328124435,0.664496359,158
10814,-3.000102649,-4.226310043,0.265688843,16
10816,-2.425868065,-4.727565314,0.818904085,81
10822,-2.954588325,-4.566202593,0.071159651,37
10823,-1.858726516,-4.694083143,0.678710538,224
10826,-2.939999241,-5.478501166,0.923278346,26
10827,-2.051153844,-5.04421275,0.302511426,191
10828,-1.353875855,-3.147203001,0.362973112,382
10829,-2.69501592,-3.809791455,0.294704719,16
10830,-2.589519063,-3.88192541,0.284755417,37
10831,-2.650228281,-5.098735826,0.142164727,81
10834,-2.676076443,-3.77863999,0.363160138,26
10835,-2.440108131,-4.051421525,0.311301488,81
10836,-2.49306955,-5.46387452,1.023079963,70
10838,-2.466958209,-5.133119304,0.801922151,70
10839,-2.331208428,-5.383013844,0.540845016,114
10840,-2.777274812,-3.974892079,0.346133621,26
10841,-2.617823603,-4.476100123,0.347961801,70
10842,-1.725875588,-4.393544112,0.806184183,224
10844,-1.778884136,-4.278091444,0.66484034,224
10845,-2.664376912,-4.264462009,0.3180176,70
10846,-2.87274599,-3.874616886,0.661510465,16
10847,-3.263169743,-5.034192113,-0.055834073,16
10848,-0.852572738,-2.533219689,0.611474168,504
10849,-2.826865093,-4.932306268,0.150075841,81
10850,-2.705863418,-5.025664461,-0.0468936,70
10851,-3.021427636,-5.593571306,0.275724379,26
10852,-2.94949601,-5.619632459,0.749502481,16
10853,-2.372776272,-5.321873863,1.062243058,70
10854,-2.190361684,-4.54282713,0.318475586,136
10855,-1.72290317,-4.236725202,0.595144419,224
10856,-1.232404256,-2.946556973,0.421786585,398
10858,-2.445367762,-4.028718135,0.681433765,103
10859,-1.642167306,-3.640664786,0.700585568,246
10865,-2.888903194,-5.339012901,0.024439238,48
10866,-2.784406762,-5.586747964,0.916352042,16
10867,-2.777309649,-5.502602651,0.335433509,48
10868,-2.686093199,-5.632737464,0.731183114,57
10869,-2.423927601,-5.468773156,0.295996768,81
10873,-1.891416199,-4.899931376,0.912447031,147
10877,-2.380606122,-3.866838862,0.365472542,37
10879,-2.61469491,-5.4594638,0.37707609,59
10880,-1.95111182,-4.682725345,0.604712971,169
10881,-1.794619656,-4.473653065,0.866880056,191
10882,-2.738536721,-5.316385362,0.235779456,37
10886,-2.379378687,-3.844363964,0.432153668,26
10887,-2.074949517,-5.251983482,0.757894244,114
10890,-1.963906054,-4.948508712,0.751567199,136
10891,-1.764482469,-3.766874188,0.218504029,158
10892,-1.719358634,-4.047759439,0.394977849,213
10893,-3.002547448,-4.988244687,0.064960274,26
10894,-2.63856288,-4.843627175,0.028297052,37
10895,-2.428273597,-4.872455864,0.8214328,26
10896,-2.064589433,-5.115542822,0.967405008,92
10897,-1.867836824,-4.722128838,0.512055208,169
10900,-2.42055125,-4.046093741,0.809782175,37
10901,-1.131121404,-2.887763026,0.623395424,367
10902,-2.477973024,-3.961767657,0.657574414,37
10904,-2.54530216,-4.019115943,0.744277066,37
10906,-2.325914402,-3.818229043,0.344433877,16
10908,-2.535260332,-4.020106305,0.703486355,37
10910,-2.508435785,-5.325822991,0.784528409,16
10912,-2.45066124,-5.283686185,0.904069726,16
10915,-2.395965169,-5.198311336,0.139755288,92
10916,-2.012482022,-4.492531153,0.383851867,136
10917,-2.539346959,-4.633786377,0.117158714,37
10919,-2.395208402,-4.979873793,0.932630483,16
10920,-2.35078862,-4.016902214,0.297772388,26
10922,-2.506717722,-4.110777302,0.799718557,26
10923,-1.635107795,-3.957027223,0.790779192,202
10927,-2.231808586,-5.143756445,0.455985354,59
10929,-2.568986168,-5.287380732,0.162929939,48
10933,-2.21469434,-5.191289055,0.295247746,92
10934,-2.589268365,-4.553041519,0.25473669,16
10935,-2.123978537,-5.003446626,0.250601954,103
10939,-2.000364849,-3.919809889,0.360508384,92
10943,-2.456887882,-4.465468727,0.246471513,26
10944,-2.5506818,-4.357977814,0.287613723,16
10945,-1.696228962,-4.13024021,0.688150827,191
10948,-2.278825907,-5.308928171,0.622321772,37
10951,-1.907669733,-3.784102125,0.341422233,81
10952,-1.631809522,-3.611344706,0.167610111,125
10953,-2.4319328,-5.043676257,0.07661255,59
10954,-1.636549979,-3.633860645,0.191273583,136
10955,-2.179413185,-5.229169779,0.91341903,26
10956,-2.054444966,-5.19982364,0.60198813,81
10957,-2.30680704,-4.784830016,0.115133057,81
10958,-2.518192412,-4.999434839,-0.026396417,16
10959,-2.076491938,-4.399890678,0.297158102,92
10960,-2.039567295,-5.047603604,0.439402605,92
10962,-1.951330686,-3.913932794,0.248647663,81
10965,-2.059842731,-4.526020995,0.436626111,103
10966,-2.14366508,-5.189134682,0.998888553,26
10967,-1.785544398,-4.519270285,0.80833855,136
10968,-2.113974442,-3.788907624,0.206601421,16
10971,-2.268784246,-5.36359647,1.029873439,26
10972,-0.601542138,-2.400270699,0.276323006,532
10975,-2.250431164,-5.430810767,0.946268812,26
10976,-2.218845704,-5.29215983,1.089519635,26
10977,-2.525885488,-4.983986217,0.143827109,48
10978,-1.476516767,-3.260576013,0.561243852,244
10979,-1.954301582,-4.952026152,1.001818123,70
10982,-2.150436482,-5.293653342,0.822188476,37
10983,-2.30569816,-4.013657943,0.566719992,37
10985,-2.083021458,-5.203105413,0.8791059,48
10986,-2.327228457,-5.509950167,0.872270721,16
10989,-1.719221486,-4.411420572,0.891181669,125
10991,-2.085476697,-5.24504563,0.509414338,70
10992,-1.862411119,-3.748814999,0.155695265,37
10993,-2.25772145,-5.487251407,0.461873602,37
10995,-1.675660138,-4.104004095,0.451263139,182
10998,-1.304895896,-3.089920172,0.587336651,286
11000,-1.827812231,-4.597717453,0.372086375,125
11003,-2.373763267,-4.185967633,0.533265096,26
11010,-1.081590058,-2.852070722,0.486029174,287
11011,-1.216978709,-3.018117442,0.619205509,275
11012,-2.257033033,-4.085847732,0.772936829,37
11013,-2.149396684,-4.622694611,0.123097256,59
11014,-2.332819557,-4.039692632,0.688727999,16
11015,-2.265949673,-4.767579054,0.093595556,26
11020,-2.390298206,-4.13971844,0.556156034,16
11021,-0.78514932,-2.447900163,0.664093214,439
11022,-1.632846999,-3.873902363,0.686080932,158
11023,-1.522246375,-3.676909567,0.33292658,235
11026,-2.350590853,-4.30878371,0.377576382,16
11035,-2.220187208,-5.042920695,0.152548072,59
11036,-1.776682379,-4.055956453,0.566399068,125
11039,-1.872396164,-3.728981843,0.308260993,48
11042,-2.040243,-4.673631383,0.969501991,16
11043,-1.799832503,-4.503380626,0.680833747,103
11045,-2.039930034,-4.442330971,0.349185664,70
11046,-2.002248743,-5.001882082,0.934038459,37
11050,-0.880811382,-2.224401527,0.583596852,463
11052,-2.223572749,-4.513662593,0.28292395,26
11056,-1.686669824,-4.184719838,0.778134575,114
11059,-2.004289286,-4.302531029,0.429981926,70
11064,-2.00715146,-5.139973848,0.769215219,37
11065,-2.039711533,-4.604938256,0.523148937,59
11067,-0.779870903,-2.379967727,0.611520775,435
11074,-2.217969282,-4.975715693,0.08755771,16
11078,-1.819509155,-4.065900041,0.489349911,103
11081,-1.898749879,-4.91693391,0.838346417,48
11083,-1.80767111,-4.201644132,0.567896972,103
11087,-1.376659136,-3.307956639,0.206829667,226
11089,-1.287894759,-3.258066407,0.430758609,265
11091,-1.231604275,-3.183143759,0.565019114,277
11093,-1.549822251,-3.423899573,0.309293212,176
11094,-0.854397957,-2.187770246,0.504751771,475
11095,-2.026536055,-4.014683982,0.279787199,26
11098,-1.765956403,-3.717266741,0.426580099,114
11099,-1.957595618,-3.765949591,0.455172072,26
11102,-2.196002096,-4.415445285,0.263417796,16
11103,-2.050209702,-4.14329716,0.354492162,48
11106,-2.174490019,-5.307235726,0.413059985,16
11107,-1.975242109,-4.799787682,0.676706986,48
11109,-0.741459865,-2.436806234,0.555756866,424
11113,-1.684119711,-3.762521924,0.723256473,37
11114,-1.657053691,-3.382088624,0.498834996,150
11116,-1.157614829,-2.944085674,0.299194606,266
11117,-2.047301696,-4.263364931,0.309426832,48
11120,-1.355958711,-3.545251015,0.471072556,242
11122,-1.002123557,-2.099957399,0.666403094,439
11123,-1.829235933,-3.708988891,0.200761218,16
11125,-2.129964677,-5.107854175,0.31937917,16
11132,-2.161709379,-4.475131922,0.14597391,16
11134,-1.874576017,-4.83911392,0.968226723,26
11135,-1.612640872,-4.024617001,0.65179305,114
11136,-1.93926726,-3.89778937,0.73081201,37
11137,-2.007169065,-4.967649536,0.599169432,16
11141,-1.980860503,-4.574780559,0.505322713,26
11143,-1.849652434,-3.82190649,0.154443122,16
11144,-1.311141483,-3.257513872,0.357529383,257
11145,-0.699582089,-2.419687416,0.40670188,447
11146,-1.684809967,-3.705853311,0.257952553,92
11147,-0.855161566,-2.476646281,0.496523625,336
11154,-2.117288572,-4.463501047,0.310640342,16
11156,-1.692821526,-4.297013857,0.62973179,92
11161,-1.197270888,-2.584316444,0.575846461,290
11162,-1.265185473,-3.265133902,0.566053009,244
11166,-1.232887442,-3.086626117,0.48810229,246
11169,-1.595278017,-3.429474136,0.578664467,105
11172,-1.83726739,-4.699238521,0.611638813,37
11175,-2.125105049,-4.606254713,0.181085205,16
11177,-1.97547013,-4.825463664,0.804879688,16
11186,-1.265502815,-3.05304561,0.591215447,209
11187,-1.210622959,-3.02047846,0.119838285,158
11188,-1.543727261,-3.427632124,0.162636532,37
11189,-0.943146836,-2.723124253,0.188355504,257
11190,-0.634928808,-2.345196113,0.192120356,380
11192,0.157090495,-2.8026876,-0.515065842,719
11193,-1.668675362,-3.596347537,0.173687573,16
11196,-1.833547772,-3.902306403,0.754405013,26
11205,-1.00874771,-2.807932481,0.184018277,246
11211,-0.949179421,-2.75696775,0.352591568,301
11212,-1.011294575,-2.666905821,0.565820201,301
11213,-1.089085004,-2.978466649,0.158262337,257
11216,-1.001512112,-2.929482236,0.151503599,268
11218,-1.225644292,-3.19492687,0.624370091,222
11219,-1.342931842,-3.23362425,0.228840096,171
11220,-1.619420734,-3.423219026,0.55908998,81
11221,-1.297612691,-3.257023888,0.401213059,224
11222,-1.25603144,-2.995912769,0.424860649,222
11224,-1.840108191,-3.991376066,0.553535363,26
11225,-1.105123848,-2.882591405,0.1194037,160
11230,-1.939103353,-4.741500107,0.128386351,16
11232,-0.58254761,-2.212391723,0.221018335,420
11240,-1.758605801,-4.450281278,0.83307649,26
11246,-1.596363346,-3.400341953,0.460329656,70
11247,-1.848830254,-4.382345854,0.544389014,26
11248,-1.293585888,-3.298326973,0.442340222,211
11251,-1.765012373,-4.540253121,0.925770172,16
11254,-1.901300499,-4.037536802,0.31847042,16
11257,-1.711701798,-3.69978096,0.710017023,26
11261,-1.820887407,-4.026746411,0.187281798,59
11263,-1.788836908,-4.056034273,0.317058527,48
11268,-1.785364014,-4.159974867,0.321535989,48
11273,-1.501639032,-3.408852152,0.264365125,162
11275,-1.793167075,-4.030410756,0.25537479,48
11279,-1.225749362,-2.735558727,0.505232768,235
11282,-1.875139728,-4.209903791,0.406542641,16
11286,-1.789974932,-4.681635394,0.420775895,16
11287,-1.653248393,-3.521232131,0.422635037,48
11288,-0.828601294,-2.579152782,0.254083277,323
11290,-1.48841906,-3.435675907,0.150573507,26
11291,0.106350176,-2.15391399,-0.257115688,805
11295,-1.846047616,-4.481779334,0.193641988,16
11307,-1.231206227,-3.136148528,0.172138634,202
11309,-0.670122919,-2.384345443,0.311171813,400
11310,-1.672875093,-3.685196946,0.578859642,48
11311,-1.63198281,-4.063285523,0.78262114,48
11312,-1.006317065,-2.670123603,0.533205724,268
11313,-1.3496205,-3.525228672,0.341327376,85
11314,-1.026896221,-2.857783286,0.206617144,224
11323,-0.787075884,-2.460128788,0.18799006,235
11326,-1.940515453,-4.165665069,0.160616145,16
11336,-1.276289904,-3.044933665,0.121636054,62
11338,-1.297652039,-3.148757563,0.338829174,180
11339,-1.134992886,-3.00113483,0.633819632,191
11341,-1.706436492,-3.78125125,0.227567255,37
11345,-1.782167023,-4.282602034,0.370121255,16
11357,-1.671447351,-4.182028762,0.834246322,16
11358,-1.613246881,-4.083032237,0.627987075,39
11372,-1.762829051,-3.941078771,0.133318928,39
11373,-1.635228128,-3.533260885,0.675672176,26
11374,-1.015535292,-2.769640766,0.581957488,244
11376,-0.795848012,-2.419530532,0.407488359,235
11379,-1.498043643,-3.355571385,0.340784694,26
11380,-1.739873234,-3.789727077,0.275540116,26
11382,-1.550962386,-3.676326179,0.487379742,52
11383,-1.545900525,-3.463138282,0.676826218,28
11384,-1.66791761,-4.079605116,0.734081388,16
11389,-1.787313586,-4.245923953,0.168401634,16
11391,-1.631412576,-4.146823732,0.556867073,28
11393,-1.555452803,-3.701637548,0.437341627,79
11397,-1.585865086,-3.774649375,0.716752776,40
11398,-1.610662329,-3.911966878,0.527838737,28
11401,-0.766099851,-2.556757957,0.233809073,262
11402,-0.727553857,-2.343820322,0.501778187,248
11407,-1.524086927,-3.502084743,0.310209963,92
11411,-1.124998889,-3.001001387,0.140953406,144
11412,-1.673664129,-3.490514212,0.533157452,16
11413,-1.250094627,-2.9419886,0.456531238,156
11417,-1.694831674,-4.10212722,0.39774335,18
11418,0.221655533,-2.24263914,-0.447740953,699
11419,0.143675739,-2.686349694,-0.521886953,642
11423,-1.496941704,-3.798009154,0.539635922,68
11426,-0.747441276,-2.4011544,0.155919764,202
11427,-1.651326838,-3.868690315,0.357554405,41
11436,-0.689568678,-2.594737677,0.606225786,237
11437,-1.281088215,-3.114448591,0.120629896,56
11439,-1.2716363,-3.046411694,0.39308495,133
11441,-1.504458996,-3.681260834,0.383391509,69
11442,-0.557548023,-2.619164203,0.710671148,146
11443,-1.667654347,-3.907460783,0.276668131,29
11448,-0.708094922,-2.468593641,0.530951928,190
11450,-1.619954329,-3.6644402,0.274164689,56
11454,-0.655497664,-2.438415696,0.593790933,201
11455,-1.523181927,-3.437378255,0.228933258,29
11456,-1.280377152,-3.037779892,0.365397994,97
11458,-1.563615292,-3.563894072,0.15072087,29
11461,-0.598026199,-2.474892861,0.656274141,190
11464,-1.28736668,-3.181245148,0.128615603,70
11466,-1.327613613,-3.191811391,0.12126211,44
11467,-1.347642027,-3.260708093,0.117968582,57
11471,-1.438444181,-3.440270584,0.270019765,97
11472,-1.165709503,-3.045973659,0.154832524,145
11474,-1.254368317,-3.048074593,0.635238701,134
11475,-1.340580397,-3.190843625,0.11063218,31
11478,-1.397881366,-3.689211798,0.616274034,70
11483,-1.229484901,-3.20123652,0.667888395,121
11485,-1.478263792,-3.584924233,0.521538955,44
11486,-1.2067833,-3.016346124,0.645082158,109
11487,-1.341604306,-3.181034247,0.43458021,97
11488,-1.108445532,-2.838533856,0.579366063,167
11489,-0.98647459,-2.860944466,0.497980389,123
11491,-0.713376974,-2.345543765,0.540923229,213
11492,-0.850738099,-2.522155554,0.408804385,156
11493,-1.430574468,-3.13971156,0.400654305,44
11496,-0.702209241,-2.307602828,0.206237844,177
11499,-1.474143768,-3.465953284,0.077712519,32
11500,-1.103932566,-2.828938184,0.063912155,32
11501,-0.790188746,-2.231968004,0.484302287,201
11502,-1.286846514,-3.053721908,0.552946284,71
11505,-1.016960717,-2.713930897,0.059548407,45
11506,-1.539975349,-3.556119377,0.061235557,20
11513,-1.449656539,-3.388404815,0.096804311,20
11520,-0.200787425,-2.330254031,-0.010401249,606
11527,-0.810148516,-2.870621,0.67223939,109
11529,-1.378172114,-3.877528125,0.746692885,32
11530,-1.250699481,-2.879050314,0.208300609,32
11532,-1.282121844,-3.269616252,0.686548081,84
11534,-0.862560145,-2.721716101,0.682304127,109
11535,-1.405868948,-3.807890397,0.682449989,32
11537,0.775243532,-1.607873065,0.005717658,1010
11538,0.055648368,-2.096396298,-0.253246526,650
11539,-0.867328183,-2.670408843,0.134235337,131
11548,-1.284033077,-2.890173318,0.494992089,71
11551,-1.329760242,-2.992074253,0.47633957,59
11556,-1.389787751,-3.316890435,0.658640862,20
11557,0.729344833,-1.699890733,0.174826354,932
11560,-0.886643988,-2.584962957,0.053752588,32
11562,-1.162496672,-2.933180195,0.3356434,105
11566,-0.803178188,-2.615228594,0.694127957,116
11567,0.911638555,-1.642006332,0.085185101,969
11573,-0.742189064,-2.703858871,0.581493384,83
11574,-0.796574699,-2.700541857,0.527215577,83
11576,-0.057243581,-2.353675786,0.153930981,567
11577,-1.101694483,-2.995933993,0.487235681,34
11578,-0.026899928,-2.145197694,-0.048584272,624
11581,0.089306405,-2.426765818,-0.479873741,565
11582,-1.353850437,-3.412767528,0.023962595,33
11584,-1.261468082,-3.250405222,0.71205853,45
11586,-1.326838691,-3.63001123,0.759334801,21
11587,-1.121215248,-2.958753234,0.668041997,45
11590,-0.947349641,-2.685378843,0.370799012,103
11591,-0.917499404,-2.593545163,0.348219643,81
11593,-1.345679112,-3.03733655,0.490371705,33
11594,-0.623665034,-2.029127729,0.694196389,249
11596,-0.565102607,-2.517516544,0.576500374,197
11597,-0.60149394,-2.38748396,0.209911263,284
11598,0.079916544,-2.167454365,0.064497503,611
11599,-1.023741402,-2.684680604,0.434506087,114
11600,0.70456259,-1.523588562,-0.076134312,986
11603,-0.654296972,-2.235945931,0.16851586,109
11604,-1.206473782,-3.064089401,0.674417851,29
11606,-0.863559095,-2.482705904,0.530578652,147
11608,-1.336960619,-3.486477409,0.514481186,18
11610,-1.233648781,-3.178611252,0.106792472,18
11614,-0.96029882,-2.795633554,0.458199371,29
11615,-0.880862546,-2.727094274,0.484707235,54
11620,-1.006176479,-2.738866425,0.316638806,108
11622,-0.679822028,-2.241276989,0.253504298,97
11627,-1.218629249,-3.115378085,0.20725827,31
11628,-0.500111695,-2.511316146,0.664591487,169
11632,-0.29006144,-2.557268152,-0.094455852,306
11634,-1.053003983,-2.766337016,0.571961517,53
11637,-1.085770039,-2.882999177,0.491739997,75
11639,-0.910576569,-2.695042306,0.164582643,64
11640,-1.070873525,-2.906716899,0.156099944,53
11642,-0.73215423,-2.422785173,0.63555305,75
11643,-0.698496805,-2.725601414,0.646049021,42
11645,-1.01240557,-2.691049376,0.393413261,63
11646,-0.773540462,-2.746564617,0.586002032,30
11647,0.079771727,-2.094334895,0.183037674,571
11649,-0.836585994,-2.665751899,0.446471642,30
11651,0.77372154,-1.528990561,-0.024321007,947
11652,-0.75323688,-2.559158044,0.693176435,125
11654,-1.134646562,-3.032207397,0.107082441,16
11657,-1.107018092,-2.853438322,0.600445795,26
11664,-0.730785879,-2.613519674,-0.008602742,26
11666,-0.848828949,-2.504649674,0.314320863,81
11668,-0.84873296,-2.716679758,0.5130899,26
11669,-0.667890773,-1.999875616,0.459573088,194
11670,-1.070382029,-2.784597145,0.604611928,26
11674,-0.850037729,-2.347829124,0.234580265,16
11685,0.709097302,-1.4962698,-0.247359999,936
11686,-1.015113924,-2.799911438,0.307284098,37
11691,-1.024429384,-2.747911679,0.429698544,59
11692,-1.073374443,-2.871946554,0.437953102,16
11694,-1.203715274,-2.880985737,0.583155515,16
11699,-1.220864477,-2.824065028,0.609367946,16
11701,-1.040112696,-2.735415266,0.469761779,59
11702,-1.13339196,-2.790960154,0.63360963,16
11704,-0.663783443,-2.613275183,0.648394841,83
11706,-0.835666342,-2.750280117,0.540215478,16
11709,-0.755475969,-2.187010405,0.479015593,72
11716,-1.108686003,-2.952276672,0.515762711,16
11717,-1.105099693,-2.816943703,0.319582788,37
11720,-0.410660937,-2.302580026,0.30579246,344
11725,-0.675051669,-2.318666591,0.06787321,16
11726,-0.690273045,-2.196037887,0.316319765,37
11728,-0.617822865,-2.650501086,0.711340839,61
11729,-0.883299733,-2.540073799,0.678775492,75
11730,-1.150433897,-2.646496302,0.509651719,26
11731,-0.809626083,-2.580498,0.689655639,16
11732,-0.326046065,-2.230987501,0.750090357,180
11733,-0.408062602,-2.054316896,0.500925186,246
11735,0.794328074,-1.342510977,0.101779272,1029
11737,-1.0111261,-2.826961862,0.692819523,16
11738,-1.075159976,-2.768033964,0.678397916,16
11739,-0.910858419,-2.790738391,0.69864462,16
11743,-0.844788366,-2.381731362,0.434839228,37
11744,0.596153125,-1.472849935,0.072386829,855
11747,-0.670819577,-2.21242049,0.488186109,92
11750,0.009220239,-2.049977212,0.114380035,523
11751,-0.841405621,-2.318611183,0.701996737,92
11752,-0.339210334,-2.391285553,0.323226528,333
11753,-0.658375919,-2.171220541,0.383210696,92
11754,-0.715015642,-2.205261996,0.598254615,92
11756,-0.835644909,-2.70118034,0.511374384,16
11759,-0.669362657,-2.19132223,0.253235594,26
11762,-0.626083882,-2.180049656,0.157446498,26
11763,-0.832268712,-2.3234773,0.645087572,116
11765,-1.010109636,-2.782282522,0.618248698,16
11767,-0.733850477,-2.358897062,0.152871856,16
11768,0.85505177,-1.265144246,-0.128772516,1018
11773,-1.005950485,-2.611314467,0.66247659,37
11775,-0.527025039,-2.498546932,0.600144339,98
11776,-0.605085937,-2.543947218,0.709732517,16
11778,-0.607764872,-2.089714681,0.707293832,150
11779,-0.74479,-2.543598439,0.488306824,26
11780,-0.613243107,-2.504238073,0.649338332,50
11782,0.191639626,-2.547059621,-0.524535243,477
11787,0.600974057,-1.760723454,0.186499223,750
11788,-0.755227988,-2.343197351,0.598608143,37
11791,-0.745440288,-2.602914877,0.571851039,16
11796,-0.481698585,-2.37592815,0.120128801,296
11797,-0.681544646,-2.153918511,0.270381839,16
11800,0.867235031,-1.137681656,0.167895792,1048
11804,-1.017363489,-2.776401312,0.380837156,16
11805,-0.771746743,-2.235075613,0.446860982,39
11808,1.095974685,-3.077071967,0.080853257,39
11810,-1.096296431,-2.34108516,0.622567386,16
11812,-0.861516506,-2.572801756,0.652653322,53
11816,-0.873078497,-2.637867048,0.327468348,42
11817,-0.552945495,-2.288039413,0.187143271,315
11819,-0.813540022,-2.699055748,0.766615679,16
11820,-0.332426792,-2.33558439,0.763997788,147
11821,-0.532450402,-2.145856286,0.190276214,254
11823,0.662787971,-1.305294027,-0.274812581,896
11824,-0.995761575,-2.580858857,0.691706189,16
11828,-0.763010756,-2.614291499,0.739125228,42
11831,-0.81681619,-2.239849556,0.487530785,145
11833,-0.687730679,-2.22665677,0.668689072,42
11834,-0.752240359,-2.330912829,0.432197684,158
11835,-0.970773832,-2.633502652,0.668085878,16
11839,-0.000215462,-2.018925255,0.159709219,490
11840,-0.53280327,-2.420814021,0.696581387,28
11841,1.051665055,-1.256673132,0.194823239,1008
11843,-0.600587173,-1.937573275,0.708096735,128
11844,-0.585515059,-2.545342893,0.692822719,28
11848,-0.678477303,-2.110167057,0.569302466,18
11851,-0.709353872,-2.315438826,0.253356694,31
11852,-0.316752729,-2.335286994,0.38108301,228
11853,-0.984963335,-2.524273664,0.644828313,18
11854,-0.306226947,-2.334378831,0.422693172,228
11857,0.808065557,-1.093030153,-0.096014189,1011
11859,-0.985759434,-2.465723813,0.554570822,18
11860,-0.567664954,-2.273153582,0.202640964,134
11862,-0.047274105,-1.883081812,-0.168427023,479
11863,-0.933454404,-2.556777443,0.369708596,31
11864,0.009845967,-2.474923309,0.103870091,422
11866,-0.533587306,-2.251701472,0.292693278,289
11867,-0.787610079,-2.60779928,0.757353257,18
11868,0.499136371,-2.035966686,0.006720038,613
11870,-0.623228549,-2.486471343,0.581265545,31
11871,-0.4430515,-2.160815138,0.047870785,247
11872,0.20555618,-1.852950042,-0.45904992,512
11874,0.116493205,-2.170292829,-0.49244604,443
11875,-0.458350807,-2.053720729,0.17367675,201
11878,-0.421814008,-2.361933244,0.764900406,105
11879,0.72180141,-1.102800079,-0.134148799,973
11884,-0.465463449,-2.270400071,-0.020902093,292
11889,0.518251048,-2.079954832,0.069318383,581
11894,0.065681737,-2.024450144,-0.326412805,467
11897,-0.084170645,-1.83051143,-0.150109712,454
11898,0.116088663,-2.292250151,-0.505348828,419
11902,-0.404611351,-1.867969707,0.054626957,177
11905,-0.212656281,-2.007578687,0.099784799,454
11907,-0.023071614,-1.923113036,-0.197348335,454
11909,-0.717280667,-1.957805134,0.638483913,92
11913,-0.627302221,-1.979905462,0.727186348,40
11917,0.158278868,-2.553282764,-0.180625343,397
11924,-0.622125522,-2.181802333,0.38956113,92
11925,0.481463549,-1.274987418,0.25212038,957
11926,-0.618700672,-1.935462727,0.765278017,43
11930,0.464100039,-1.506164104,0.004037083,830
11931,-0.673769587,-2.395248267,0.460563315,60
11933,-0.588104205,-2.218393546,0.110544714,264
11935,-0.585009719,-1.870862223,0.454058962,146
11937,0.960001689,-1.05257156,0.023560895,1000
11938,-0.571645569,-1.870772328,0.351251173,146
11940,0.251385512,-2.203888482,-0.03707042,484
11943,-0.693697083,-2.025840771,0.487234905,77
11944,-0.254386406,-2.453986463,0.279836094,249
11947,1.055124177,-0.442394761,0.074285289,1130
11948,-0.278487726,-2.5399922,0.789321163,77
11949,0.368314778,-1.35213625,0.144021724,771
11960,-0.823173069,-2.009725031,0.619165437,43
11963,-0.739763937,-2.474373343,0.247693661,28
11967,-0.468068747,-1.775532785,0.744133586,96
11969,-0.467375855,-1.93002053,0.164122715,157
11972,-0.475617938,-2.047570534,-0.01095972,218
11976,-0.775381058,-1.930884223,0.692174875,61
11983,-0.136759859,-2.335043598,0.426997886,146
11986,-0.496211956,-1.939191713,0.461531862,28
11988,-0.381068906,-2.360417062,0.291159544,248
11994,-0.644223206,-1.908760567,0.670125927,61
11997,-0.683747438,-2.090084513,0.737252142,28
12001,0.631392199,-0.857888223,-0.105068966,953
12004,-0.517333794,-1.858162696,0.254160165,129
12007,-0.411075698,-1.747908984,0.050523861,129
12008,-0.500591858,-2.110913642,0.107486576,96
12015,-0.42136493,-1.850315414,0.096361462,140
12017,-0.617252225,-2.331006304,0.186926767,61
12020,-0.525185588,-2.193857133,0.566125143,44
12022,-0.972095111,-2.023050401,0.674707107,44
12023,-0.44828968,-2.363100558,0.069326515,201
12024,-0.400403061,-2.11877661,0.474507411,127
12025,-0.540163209,-2.315377431,0.40361646,44
12026,-0.658497954,-2.263768059,0.394385755,44
12029,-0.456524041,-1.605229815,0.071431783,96
12030,-0.484525337,-1.986317781,0.112043445,83
12031,-0.442873331,-1.73798782,0.124174046,112
12032,-0.749253197,-2.265923867,0.717648033,28
12033,1.030260876,-0.161912357,0.380982606,1122
12038,-0.424683071,-1.629413279,0.047523032,112
12039,0.867135442,0.525792703,0.111632522,1271
12042,-0.651887823,-1.785649752,0.483224827,83
12044,1.070740228,0.194891379,0.325943016,1180
12046,-0.082251846,-2.351132207,0.520229154,112
12047,0.015800616,-1.877007868,-0.309259612,389
12048,-0.416845268,-2.58087257,0.590548406,46
12051,-0.451182178,-2.421033027,0.536569549,28
12052,-0.537428849,-2.226525479,0.448888688,28
12053,-0.377250984,-2.087759989,0.517671726,110
12054,-0.799480524,-1.996298115,0.613650719,28
12055,-0.798582507,-2.266966409,0.405788421,28
12058,-0.570994597,-2.184490755,0.186626374,28
12062,-0.575718726,-2.132120836,0.316658028,167
12063,-0.803783679,-1.916681223,0.476342784,28
12064,0.082398611,-1.89752745,-0.45584576,372
12068,-0.378969319,-1.840953032,-0.042629716,95
12070,-0.476661585,-2.338295961,0.107593307,167
12072,0.755630197,-0.450161598,0.095892291,1038
12073,-0.35197962,-2.437285387,0.207559112,197
12074,-0.618878487,-2.40358522,0.157917595,28
12075,1.153849659,-3.304613275,0.809476727,29
12076,0.926011352,-1.064537279,0.134905653,919
12077,-0.444899929,-2.310034511,0.279537489,197
12087,-0.039915086,-2.391736288,0.14132706,295
12089,-0.418700287,-2.089905226,0.409203977,82
12092,0.553505408,1.215731657,0.438770055,1625
12094,-0.355951381,-2.178016496,0.50781437,54
12096,0.997981648,-1.182589896,0.342578614,851
12097,-0.377538046,-2.119966717,0.513796631,54
12099,-0.519643846,-2.386740044,0.051195594,173
12100,-0.015882322,-2.062913916,-0.144845876,333
12101,-0.527359335,-1.909438064,0.613043293,27
12102,-0.093614012,-2.519472904,0.384731449,56
12103,-0.466329407,-2.143349557,0.310224219,82
12104,-0.062010627,-2.429753902,0.485767447,56
12105,-0.346186335,-2.16462937,0.398549864,97
12106,0.024157859,-2.163976875,0.00697401,333
12109,0.29795792,-2.100732343,-0.352657443,413
12110,-0.127491016,-2.418520614,0.259663638,82
12111,0.112254957,-2.6545119,-0.352549713,276
12112,-0.103037195,-2.561358588,0.32373632,73
12114,0.066796107,-2.48179961,-0.28199571,287
12115,-0.276799952,-2.41724616,0.282327179,42
12116,0.053534452,-2.7489095,0.152060173,190
12118,-0.582622885,-2.195950913,0.191791749,128
12121,-0.525404201,-2.168549687,0.13013793,25
12122,-0.504481106,-2.27172244,0.095509788,25
12126,-0.508801184,-2.223243889,0.090945565,24
12128,-0.591113979,-2.109586945,0.310762871,128
12129,-0.438165262,-1.782889383,0.013565516,56
12132,0.028920411,-2.43527444,0.188679069,276
12140,-0.3854967,-2.28735059,-0.063043422,107
12146,-0.096131879,-2.344450904,0.657126243,20
12147,-0.398573242,-2.154099385,0.341903174,76
12148,-0.123471835,-2.395187883,0.420247761,35
12149,-0.44559821,-1.963642317,0.05598113,20
12150,-0.606795282,-2.128048892,0.28500671,107
12152,-0.35835296,-2.208630175,0.311579565,21
12153,0.301816705,-2.215286546,-0.381339643,341
12155,-0.06894616,-2.330991914,0.580645898,33
12159,-0.62132614,-2.125084083,0.2686742,107
12162,-0.461257986,-1.760463913,0.613693162,21
12163,-0.00395921,-2.520188573,0.53347909,35
12164,-0.205926968,-2.497061332,0.059136196,266
12165,0.02739757,-2.70885613,0.404915793,46
12166,0.555537884,-1.339291566,0.035286135,688
12167,-0.095823027,-2.531199864,0.568887372,21
12168,-0.040903081,-2.894935129,-0.472810786,20
12173,0.034202009,-2.857368765,-0.534064506,217
12182,-0.396818351,-1.557889529,-0.094260722,19
12187,0.561814373,-1.668695639,0.01464291,602
12189,-0.013255361,-2.176540374,-0.025523646,296
12190,0.281723304,-2.819017073,-0.340897616,239
12191,-0.184334045,-1.947222106,0.083864531,296
12193,0.761998628,0.576805619,0.279667145,1163
12197,-0.40838369,-2.116429991,0.407390555,30
12198,-0.63774942,-2.123038679,0.206574312,76
12201,0.019854924,-2.646110284,-0.514347048,202
12203,-0.373003549,-2.154101047,-0.125835236,61
12204,-0.451698193,-2.131419481,0.346189953,16
12208,0.445973152,-2.775166573,-0.173708939,235
12209,0.115340028,-2.751224579,0.215095317,138
12211,-0.021195673,-2.557754551,-0.472846229,191
12212,-0.221663256,-2.895876035,-0.280410247,65
12216,-0.421806531,-2.089205244,-0.106895273,65
12218,-0.2256022,-1.979475736,0.066122472,270
12219,-0.313051062,-2.136114785,-0.168995481,20
12221,0.007845083,-2.743751316,-0.546762371,180
12222,-0.340031524,-2.259914358,0.377393119,50
12223,-0.345843749,-2.324703831,0.348849896,65
12225,-0.38600746,-2.28781069,0.414081347,20
12230,0.152054965,-1.179506794,-0.363506291,419
12231,-0.562528855,-2.132807569,0.022500778,97
12232,0.737494613,-0.764715531,0.054351153,866
12233,0.048566975,-1.599156616,-0.418741841,302
12234,0.004478567,-2.397989743,-0.512836417,189
12236,-0.02009436,-2.319072618,-0.500712438,189
12237,-0.504677883,-2.024903269,-0.010617684,67
12238,0.003931569,-1.805660818,-0.325309605,257
12240,-0.553687732,-2.138894106,-0.050720273,97
12241,-0.400471519,-2.00734994,-0.181641195,52
12242,0.304257301,-2.739652232,0.254703079,156
12243,-0.4082842,-2.399094618,0.184888334,52
12247,-0.035908002,-1.686215172,-0.52329884,244
12248,-0.430178003,-1.88507509,-0.191238268,52
12249,-0.069761781,-2.908256302,-0.407468455,178
12252,-0.520980422,-1.975866521,0.014482152,67
12253,-0.31359486,-1.768080369,-0.352136246,164
12256,-0.009818074,-2.499823134,-0.532515118,164
12257,-0.172033524,-1.642134669,0.026275232,288
12260,-0.036695911,-2.245347217,-0.515081247,175
12262,-0.066964324,-2.134046845,-0.504782056,175
12263,-0.087212388,-2.044656578,-0.502734446,175
12264,-0.435621058,-1.590018816,-0.321919352,24
12266,0.044301093,-2.140543034,-0.513546899,182
12268,0.335960614,0.758622963,0.400345192,1262
12269,-0.085767156,-1.538816792,-0.388762686,228
12270,-0.147727739,-2.470815644,0.343719594,38
12271,-0.584403259,-2.004361779,0.246754025,24
12273,-0.102341433,-1.937035626,-0.529370707,160
12275,-0.095210228,-2.577640552,0.131464237,87
12277,-0.67300591,-2.198311005,0.139111485,68
12278,0.225333618,-1.438856684,0.236660092,588
12279,0.165248479,-2.670609885,0.423208784,38
12285,-0.638814585,-2.137184875,0.067969708,72
12286,0.678033251,-1.454440706,-0.418278649,543
12288,-0.120813403,-2.61314223,-0.513625108,97
12289,-0.115708815,-2.393098965,-0.513544313,108
12290,-0.095061902,-2.080906083,-0.613074465,119
12293,-0.152852899,-1.828666468,-0.684937103,84
12294,-0.194969029,-2.299788282,-0.53293923,82
12297,-0.048421084,-2.828361477,-0.583703221,82
12298,-0.041703425,-1.217760208,-0.950572312,104
12300,-0.179703677,-2.371916494,-0.545145225,82
12301,-0.369682031,-2.029101296,0.070806861,104
12302,-0.138011658,-2.533542328,-0.533863813,82
12304,-0.494331992,-2.749374547,-0.094792615,24
12306,0.182876902,-2.161586601,-0.436144046,183
12311,-0.108806106,-2.689432445,-0.512426877,82
12312,0.286754006,-1.813214439,0.037773877,384
12314,-0.053310335,-2.295947325,-0.128892816,159
12315,-0.360813034,-1.489615214,-0.557324691,40
12316,-0.588096758,-2.352322206,0.095045451,40
12318,-0.299232541,-2.144484016,-0.556279385,56
12319,-0.229809513,-2.48060381,-0.509309134,54
12321,-0.289197722,-2.213607358,-0.528679155,56
12324,-0.328353905,-1.346133522,-0.832052033,24
12326,-0.146540163,-1.555907723,-0.992358973,56
12327,-0.325395866,-1.456299339,-0.86752247,54
12330,-0.282196285,-1.498916989,-0.644451204,54
12334,0.301085855,-1.73614365,-0.352197189,263
12336,-0.087824919,-2.197165831,-0.550880938,68
12337,-0.235904669,-2.605460269,-0.51589923,20
12338,0.669988321,-0.983933524,-0.0777532,679
12341,0.823081433,1.304183839,0.449400397,1426
12344,-0.128930168,-2.909992756,-0.576540211,20
12345,0.246950329,-1.242745089,-0.346428896,328
12346,-0.648346616,-2.220882945,0.172966189,20
12347,0.448147459,-1.97896582,0.179630667,283
12348,-0.130236075,-1.724720629,0.190013665,79
12351,0.477226619,-0.994043627,-0.177409934,597
12352,-0.139924511,-2.020351329,-0.554328061,52
12359,-0.266325101,-1.956464279,-0.674866,19
12362,-0.01097665,-2.159066779,-0.114850823,131
12367,-0.25939913,-2.943756594,-0.307296415,30
12368,-0.264099356,-2.263728996,-0.528152916,19
12370,0.347680768,-1.813564473,-0.364487899,247
12373,-0.350869554,-2.957521547,-0.273396094,18
12374,-0.161543021,-1.740644913,-0.525857619,63
12376,-0.120113123,-2.45164764,-0.502158396,26
12379,-0.033487973,-2.959564829,-0.565864883,16
12380,0.263072748,-2.534405363,0.256312357,59
12381,-0.05220573,-2.205438607,0.165540588,81
12382,0.687999821,-1.60880065,-0.385793454,433
12384,-0.20447163,-2.260126399,0.137973501,37
12385,0.79067798,-1.084173982,0.067179487,677
12386,-0.22921635,-2.034670786,-0.623564346,16
12388,0.511321821,-2.003922329,0.119953588,252
12389,0.618974156,1.254856968,0.31633964,1291
12391,0.055513013,-2.870049411,-0.468288638,48
12392,-0.090213349,-2.304639161,-0.562320871,16
12393,0.155135298,-1.462899676,-0.324996388,221
12394,-0.071240758,-1.709906285,-0.795858205,26
12396,0.111921369,-2.085773712,-0.366275284,105
12397,0.783833814,-1.568695242,0.058124564,465
12398,0.31035403,-2.266930827,0.01406069,134
12399,0.203700088,-2.163127717,-0.361285765,167
12400,0.19528108,-2.185284755,-0.127094399,139
12402,0.018286215,-1.198123483,-0.434183483,191
12406,-0.046119696,-1.663235821,-0.346299873,94
12407,0.191466286,-2.330393334,-0.538188171,59
12410,-0.184935306,-1.959789667,0.186764413,16
12414,0.994940654,-1.641693504,0.154908832,428
12416,-0.159487474,-1.860363383,0.199805409,16
12417,-0.013618832,-2.383152554,0.180877031,26
12419,0.650842575,-1.627595667,-0.169881526,428
12420,0.973788119,-1.149765801,0.194533925,604
12424,-0.209802347,-1.702757612,0.078224236,117
12425,0.016303898,-1.731623185,-0.534882251,59
12426,0.061594424,-1.8408763,-0.444031443,72
12427,0.762020086,-1.742187713,0.06914373,359
12428,0.742964459,-1.824462579,0.317302166,72
12430,0.683059686,-1.409783028,0.198041362,432
12436,0.149085698,-2.47489182,-0.497087092,26
12438,-0.060619887,-1.986053708,0.19546969,61
12439,0.395409378,0.898167639,0.414615017,1148
12442,-0.175758332,-1.980303431,0.032248213,61
12447,-0.231060662,-1.951541563,0.145882805,61
12448,0.125047123,-2.00212091,-0.466036234,61
12450,-0.203517345,-1.872921152,0.175638593,50
12451,0.323556875,-2.253447362,0.08974577,79
12452,-0.027555473,-1.516056126,-0.665606223,26
12453,-0.01325402,-1.859869918,-0.248849364,50
12457,0.032574424,-1.777223805,-0.433727352,50
12461,-0.276601111,-1.931931358,0.065907072,50
12467,0.06003272,-1.812604394,-0.539294359,37
12468,0.687284466,-1.577476358,-0.048675378,415
12472,0.167355937,-2.341393891,0.246035779,26
12473,0.218630581,-2.355106818,0.211785795,26
12475,0.088544651,-2.22235268,0.219130336,16
12476,0.258015533,-1.602711354,0.208254824,309
12477,0.262366962,-2.276547651,0.130272068,53
12478,-0.112951005,-1.816002526,-0.116540305,39
12479,0.228466945,-2.357633966,0.170176798,26
12480,-0.021636679,-2.257536749,0.182750886,26
12483,0.355211863,-2.302703468,0.294040292,16
12485,0.221411915,-1.753680255,-0.387390123,119
12486,0.384177756,-2.516728829,0.041296923,26
12487,0.175730192,-2.177005147,0.160472999,39
12489,-0.230304884,-1.952247277,0.12590831,39
12493,0.255663806,-2.375388112,-0.5627802,16
12496,0.229850667,-2.353216318,-0.360197347,57
12497,0.333641665,-2.121135076,0.059990174,73
12499,-0.184343738,-1.599623807,0.011350194,73
12500,0.120672078,-1.29836919,0.213760692,300
12501,0.822948181,-1.439025835,-0.346162646,434
12502,0.058349825,-2.177240514,-0.273289276,16
12514,-0.282673483,-1.897988314,0.156388437,18
12515,0.314574248,-0.903194729,-0.345554738,377
12516,-0.251122046,-1.892963726,0.168596773,18
12520,0.25045316,-2.189736796,-0.08468745,62
12521,-0.08251951,-1.999609268,0.162766211,18
12522,0.06525402,-2.05639061,0.196250175,18
12526,-0.196257413,-1.518974832,-0.007449279,50
12536,0.346934043,-1.082767143,0.404732694,537
12537,-0.089657307,-1.286659632,-0.51885576,22
12538,0.670412471,-1.49913162,-0.1221034,383
12540,0.741583371,-1.360260968,-0.309561521,398
12541,-0.157026175,-1.458942856,0.128834608,37
12543,0.117119687,-1.118042048,-0.369640163,152
12545,0.021965127,-1.564775937,-0.470838334,22
12550,-0.028839271,-1.183212994,-0.362211693,106
12551,0.864450024,-0.925500307,-0.064011635,569
12554,-0.129491409,-1.094497572,-0.538112808,22
12555,0.303307835,-1.66916866,-0.30621327,112
12556,0.476408737,-1.118747465,-0.236771998,384
12557,0.274325129,-1.825372161,-0.426353949,58
12559,0.202617054,-1.58853923,-0.325394027,92
12560,0.076736822,-1.48208781,-0.363790284,58
12561,0.773892041,-1.132113749,-0.023086427,525
12562,0.349072795,-1.951099781,-0.477736645,58
12564,0.365425415,-2.200016662,-0.547058352,24
12565,0.792411837,-2.105676835,-0.937437734,24
12566,0.979261502,-1.649587345,0.301972799,295
12567,-0.027636063,-1.394274226,-0.391096058,40
12568,0.456018985,-1.186721294,-0.378911441,310
12569,0.082520279,-1.315888967,0.228195843,250
12570,1.239867792,-0.666960465,0.330534257,632
12571,0.40175274,-2.110651837,-0.575356659,40
12573,0.971609053,-1.657322484,0.230999131,295
12574,0.117313707,-1.595159978,-0.356994829,58
12575,0.48964149,-1.235582282,-0.304562191,323
12577,0.336805356,-1.963891158,-0.201150428,140
12578,0.620277762,-1.375464217,-0.469122884,310
12582,0.44593029,-1.343491769,-0.404918856,284
12586,0.410251059,0.681070291,0.30030495,922
12587,0.719455228,-1.701208503,-0.387915066,304
12589,0.11346386,-1.183312627,0.25480831,248
12590,0.09204296,-1.269025057,0.236806483,248
12592,0.198103014,-1.257989881,0.170826652,312
12594,1.072024547,-0.865228639,0.011048565,601
12595,0.242318795,-1.63307399,-0.328263812,94
12596,0.561275019,-1.823326649,0.250852521,181
12597,-0.072141701,-0.928242204,-0.5418759,40
12600,0.611888004,-1.394457232,0.199228391,295
12601,0.439251055,-0.947607527,0.42851163,539
12602,6.602674596,-2.391534164,1.192739142,310
12604,-0.131286546,-1.417653405,-0.183044617,24
12605,0.124853578,-1.663972683,-0.403132191,40
12606,0.544880133,-1.825758956,0.020664882,200
12607,0.23662349,-1.437030329,0.21544423,338
12608,0.572527839,-1.80399078,-0.235943115,216
12609,0.396516113,-0.946614114,-0.524802575,280
12610,0.752018261,-0.923265637,-0.018644726,524
12611,0.646250226,-1.239421618,-0.213953038,401
12615,0.605868065,-1.167535404,0.184237768,510
12618,-0.258849724,-1.838303708,0.139604393,60
12627,0.689444084,-1.529927089,-0.455453481,279
12628,0.436774135,-1.07272031,-0.240643884,353
12629,0.439164556,-1.417474579,0.242214387,217
12630,0.761262527,-1.470143711,0.257549967,264
12631,0.929619154,-0.956701019,-0.043901716,524
12632,0.813164849,-1.05826731,0.284137315,494
12633,-0.023372183,-0.846296042,-0.488971678,63
12635,0.547150225,-1.910340287,-0.358669668,130
12636,0.71421115,-1.712437652,-0.079893905,242
12639,0.693736805,-1.433650446,0.228168177,292
12640,0.705375218,-1.792718846,-0.21363635,242
12641,0.142019199,-1.017057367,-0.042603587,256
12642,-0.029125314,-1.20509121,-0.013462891,90
12643,0.16218716,-1.075410903,-0.025241477,247
12644,0.299072924,-2.051518454,-0.123859382,46
12645,-0.079011897,-1.369635366,0.158132772,64
12647,0.175727164,-1.116067735,-0.009160887,247
12653,-0.086536143,-1.511490821,0.102074954,66
12655,0.074746218,-1.371995548,-0.378908825,28
12656,0.0635805,-1.056931552,-0.292508704,90
12657,0.37558679,-2.055142104,-0.015532283,44
12658,0.437047112,-1.890313159,-0.361621528,64
12659,0.45361926,-1.447974989,0.335008397,168
12662,0.191579639,-1.365154242,0.345298541,114
12663,0.005775894,-0.700389051,-0.485029489,29
12664,0.007354991,-0.686892136,-0.369365028,28
12668,0.532303647,-1.155438869,-0.230878642,334
12669,0.584294641,-0.809963521,-0.030211479,474
12670,0.295951512,-1.586394175,0.277904873,167
12673,1.059081591,-1.294687604,0.118260477,419
12676,0.278289184,-1.653303373,0.299270615,151
12677,0.434298525,-1.880013406,-0.433970846,28
12678,0.233778301,-1.293743152,0.139864862,245
12680,0.97687305,-1.406058467,0.059706781,386
12682,1.04677794,0.389559085,0.158051812,736
12684,1.533296423,-1.416716646,0.4471926,225
12688,0.728172146,-1.46133541,0.128090474,238
12689,0.115237636,-1.17269268,0.229377864,165
12690,0.330952754,-1.765601419,-0.27380869,28
12691,0.603275638,-1.823524513,0.138804372,113
12692,0.347170653,-1.164869981,-0.40418508,199
12694,0.826544783,-1.429297744,-0.216639126,313
12695,0.442984238,-0.957152492,-0.160596679,353
12698,0.424603468,-1.851908069,0.334548984,35
12699,0.335672606,-1.253257727,0.082945521,233
12701,0.750509543,-1.554112829,0.082867752,190
12708,0.507014657,-1.951532022,0.074212468,34
12709,0.645591997,-1.61906336,0.427152912,95
12710,0.406910205,-1.275871009,-0.423319086,179
12711,0.217416565,-0.992495741,-0.186083002,199
12712,0.370358861,-1.6777722,0.074915383,127
12722,0.575208425,-0.997265672,-0.048276045,368
12723,0.911872383,-1.229700965,0.069507675,382
12730,0.709952821,-1.709113979,-0.503405502,145
12734,0.521445122,-1.378575451,0.133798718,167
12735,0.56506058,-1.449135139,0.331031186,104
12736,0.487307782,-1.798565926,0.315704757,51
12740,0.735030871,1.009246072,0.040523676,849
12741,0.44628971,-1.790429077,-0.115093477,66
12743,1.403752355,-0.125262311,-0.576930487,160
12745,0.932853839,-1.079845501,-0.097031453,160
12747,0.658519209,-1.638605961,-0.281939233,145
12748,0.77255913,1.303996197,0.17909905,1035
12749,0.663147464,0.035953819,0.104582021,561
12750,0.606124983,1.390225431,0.273367676,981
12751,0.046305526,-1.311374862,0.234192238,30
12752,0.121665578,-0.055332039,-0.992434322,48
12754,0.158397815,0.178510799,-1.001285512,48
12755,0.125442823,-0.910770721,-0.326516943,123
12756,0.629688605,-1.667353805,0.437280124,48
12758,0.252833889,-0.973486532,-0.449902843,113
12761,0.099008904,-1.031441989,0.154868157,139
12763,0.272098199,-1.202128891,0.276911168,213
12764,0.985652484,-0.911958158,0.254604008,384
12766,0.025978101,-1.098938717,0.17796001,100
12767,0.520091646,-1.281096183,-0.304635388,152
12768,0.190420238,-0.87890149,-0.181012026,104
12769,0.292162781,-1.135491181,-0.396530228,82
12770,0.569566331,-1.493705674,-0.476671521,93
12773,0.018039879,-1.197381846,0.182269074,82
12774,0.020862383,-1.070494902,-0.07064018,59
12775,0.153530816,-0.986054923,-0.361269,82
12776,0.782875517,-1.796734455,-0.53768326,82
12777,0.411823495,0.839118693,0.43411948,781
12778,0.163747423,-1.322230517,-0.015836621,26
12781,0.188273229,-1.288607314,0.244273565,41
12783,1.167366763,-0.416700041,0.253408895,377
12786,1.083863421,-0.093006206,0.423484667,488
12787,0.305903698,-1.242151659,0.196066123,115
12788,0.136997874,-0.991450343,-0.238060888,50
12791,0.987260425,-0.452549524,0.069082604,416
12794,0.385745484,-1.228551282,-0.449810934,31
12802,0.30013103,-1.185821091,-0.124779159,26
12815,0.167398816,-1.229301572,0.208410577,30
12816,0.231672797,-1.03366751,0.238579754,30
12821,0.187482833,-1.259283797,0.104478667,24
12822,0.824681673,-1.482392864,-0.074318544,119
12823,0.737406479,-1.308800054,-0.223212341,138
12824,0.26556066,-1.158124951,0.202000651,30
12829,1.03009253,-0.188797386,0.130121108,431
12831,0.122821598,-1.141830431,-0.026909335,16
12836,0.247976385,-1.256844554,0.08853366,16
12839,0.492087755,-1.411510507,-0.107035358,30
12843,0.703727078,-1.601562346,-0.020741189,47
12844,0.25412246,-1.062314564,0.322512948,63
12848,0.474521755,0.890781781,0.586818875,796
12849,0.403987115,-0.847066856,-0.091803475,193
12853,0.295488288,-1.225164729,0.409652097,155
12857,0.542193704,-0.83184256,-0.124899974,219
12858,0.475577998,-1.408299794,0.00312657,47
12866,0.325655067,-0.983522802,-0.309303669,50
12868,0.447409785,-1.133020753,-0.36928194,20
12870,0.055746313,-1.355373991,0.245786687,50
12871,0.189525433,-1.007024423,0.024933002,22
12874,0.366973254,-1.005156874,-0.351935602,22
12878,0.828271253,-0.04076038,0.102119306,394
12880,0.140047514,-0.895522508,-0.017481762,22
12890,0.22825577,-0.857399385,0.2599594,33
12892,0.543284381,-1.170093651,-0.128602148,101
12897,0.41096963,-1.254477069,0.140518927,22
12899,0.760541648,-0.104701619,0.14155379,365
12901,0.969355911,-1.125978361,0.238309389,179
12903,0.435493007,-1.505859724,0.058210142,38
12905,0.893521025,-1.273349667,0.436774183,38
12913,0.806318886,-0.189826889,0.405699316,24
12914,0.113902947,-1.03088385,0.21849216,24
12915,0.688383646,-1.035114993,0.178277112,179
12916,0.142903571,-1.020931893,0.219519197,24
12917,0.620072356,-1.342045799,0.20424874,38
12921,0.784547301,-1.462717124,0.105175674,38
12945,0.567806049,-1.209851091,-0.184675158,68
12946,0.779100023,0.534897859,0.458042193,501
12959,0.112803764,-0.659781373,-0.284315708,38
12962,0.719770173,0.014981466,0.09926192,350
12964,0.59566922,0.149548494,0.082819907,364
12967,-0.035716438,0.655525959,-1.206792282,24
12978,0.240438475,-0.83192959,-0.284553124,24
12985,1.198700859,-0.460885267,0.135812829,308
12986,0.528452792,-0.929177181,0.104607813,149
12988,0.253762731,1.05343566,0.109197523,638
12990,0.870175598,-1.093903915,0.210163378,164
12992,0.708404122,-1.149292165,0.173099815,123
12994,0.404909464,-1.230836332,0.20960722,24
12999,0.537876201,-1.075108965,0.249847474,135
13000,0.547830166,0.131976983,0.03432227,350
13002,0.441608438,-1.018235221,0.237238882,135
13003,0.334738679,-1.224156446,0.407736642,85
13006,1.306493305,-0.665516907,0.050142797,283
13008,1.144973182,-0.919755096,0.0950015,209
13010,0.537973892,-0.923267947,-0.077629326,120
13011,0.658255096,-0.811749127,-0.007991704,179
13013,0.616350067,-0.29995921,0.502135759,282
13014,0.317102929,1.433589347,0.282171596,678
13017,0.347813337,-1.098557169,0.431611392,68
13018,0.826581893,-1.134802254,0.132292284,149
13019,0.311187051,0.984289917,0.394734627,621
13020,0.386191999,-0.79129277,0.455722095,179
13022,0.428563241,0.832890345,0.531218438,612
13023,0.090332422,-1.37631088,0.31348609,24
13024,1.136805686,-0.125433883,0.530442893,320
13026,0.192690012,-1.011008738,0.248441123,68
13033,0.457891391,-1.160835902,0.43245781,68
13035,1.046441802,0.238874375,0.255206973,412
13036,0.821008754,-1.299508343,0.340666846,38
13037,0.312155183,-1.104575322,0.33639075,134
13040,1.134446172,-1.421750248,0.190591448,24
13041,0.37628302,-0.939891991,0.168858564,120
13044,0.798760509,-1.261414261,0.243231084,40
13045,0.20762886,-1.105078852,0.37034815,24
13046,0.279926213,-1.1985142,0.345426486,38
13047,0.72072821,-0.858728908,-0.028346791,179
13049,0.525048352,-0.753904843,0.021726486,179
12912,1.160309208,-0.399417647,0.324033922,278
13053,0.777522404,-1.17561808,-0.142130027,93
13060,0.721450737,-1.28411356,0.092206826,69
13061,0.163500846,1.223255565,0.328472579,586
13062,0.944924121,-1.439970432,0.10742077,24
13063,0.704354764,0.113861285,0.404171879,119
13064,0.806713011,-1.282438948,0.463235113,38
13066,0.485790954,-0.925040548,0.149074809,119
13067,0.455922506,-1.044978886,0.266968227,105
13068,1.106009602,-1.201054679,0.24451465,105
13071,1.061403644,-1.356569056,0.201985113,25
13072,0.464826376,-0.864753209,-0.073203516,105
13074,0.342499334,-0.792232054,0.345524381,148
13082,0.163811211,-1.008471771,0.276898807,32
13086,0.163250803,-0.988442241,0.243461505,32
13089,0.251819585,-0.778521147,0.160222583,94
13090,0.254145385,-0.848307773,-0.231805804,20
13092,0.183699459,-0.793744512,-0.133347284,32
13093,0.384936023,-0.615270598,0.481197839,143
13094,0.171878862,-0.997053106,0.32423936,32
13096,0.20388433,-1.376416176,0.352637099,20
13097,1.282732655,-0.536856919,0.219735161,244
13098,0.294641981,-0.945923038,0.095266379,48
13102,0.864735424,-1.431924341,0.016793137,46
13109,0.262365074,-1.13815039,0.405190991,33
13110,0.249452996,-0.928904277,0.056956851,20
13112,0.199905828,-0.889061446,0.074103411,20
13114,0.335799552,-0.884052264,-0.132173773,33
13115,0.638553578,-1.147907795,0.382774178,46
13116,0.271339157,-0.820424289,-0.074122713,33
13117,0.411634141,-0.918527129,0.462414915,59
13118,0.220104951,-0.849126991,-0.022234054,20
13119,0.465940861,-0.751619894,-0.021755774,114
13043,0.352753549,-0.919878656,0.171336244,81
13120,0.77363159,-1.01829091,-0.075777854,100
13122,0.763143465,-1.27837883,0.04525952,71
13123,0.399828631,-0.987371957,0.325267681,100
13124,1.182512318,-1.438537095,0.067166741,35
13126,0.167830047,-0.857032348,0.012413854,20
13129,0.92447305,-1.189937122,0.409914636,71
13130,0.499558536,-1.328261733,0.23370813,59
13140,0.799924466,-1.255651917,0.29786513,35
13141,0.620954873,-1.250565393,0.442962055,59
13142,0.334442897,-0.645776506,0.411977109,71
13143,0.386225358,-0.933747831,-0.170366898,21
13144,0.829236191,-1.225556456,-0.155253104,43
13145,1.254408265,-1.513016353,-0.124493719,19
13146,0.602833751,-1.13478166,-0.120567902,19
13150,1.010589865,-1.235617978,0.513756459,30
13154,1.006471393,-1.316786159,0.38030627,30
13170,0.164962318,1.148983755,0.050378987,543
13172,0.667529877,-1.034158399,-0.024221628,54
13173,0.802494729,0.579638219,0.373845398,404
13175,0.287982383,-1.09420034,0.339989359,69
13177,0.27846467,-0.722304542,0.052600276,40
13178,0.90822679,-1.288488421,0.315304618,28
13179,0.552310919,-0.584345735,0.191374943,114
13182,0.32285936,-0.72360867,0.029836075,54
13184,0.755102842,-0.296239244,0.573646451,202
13187,0.488844776,0.830326701,0.619201524,565
13189,0.796349854,-0.681210255,0.560286076,150
13191,0.384723911,-0.833370537,0.024060137,39
13192,0.502631013,-1.057959341,0.304488821,29
13193,0.481720152,-1.021180065,0.361397429,58
13198,0.767901706,-0.641410003,0.549102639,150
13199,0.279511728,-0.677456206,-0.038613156,43
13200,0.146119647,0.667874281,0.486859918,474
13201,0.883716711,-1.26096032,0.139742672,18
13204,0.350143156,-0.842423142,0.152901057,29
13205,0.212740472,-0.625697942,-0.083231916,18
13209,0.409232465,-0.95619596,0.280295437,31
13210,0.071907154,1.116044918,0.118641735,520
13211,0.923099399,0.714630817,0.575561303,31
13213,0.2642009,-0.892644935,0.274173474,31
13216,0.500458344,-1.070255482,0.32846592,18
13217,1.022144239,-1.136074455,0.298046126,18
13218,1.070541461,-0.214361763,0.486471843,203
13219,0.347003813,-0.80904356,0.068096967,27
13222,0.923282175,-0.64939794,0.009469436,124
13223,0.654419803,-1.163475027,0.109432851,34
13227,0.326401575,-0.9939697,0.451228766,20
13235,0.068684307,1.210999659,0.146479564,473
13236,0.24711881,0.144774918,-0.117437393,178
13238,0.490260394,-0.219358269,0.437710175,165
13243,0.968604984,-1.013380385,0.067777326,22
13244,0.921079814,-0.810151804,0.045392557,97
13245,0.48926449,1.260994493,-0.031256239,616
13250,0.919013988,-1.040637675,-0.077568263,35
13251,0.341626875,-0.637401696,-0.071944506,35
13252,0.283779485,-0.724595529,0.339411664,52
13254,0.250217692,0.18059745,0.011732434,164
13257,0.76002648,0.684364234,0.488702933,371
13264,0.503245094,-0.943004604,0.297760458,37
13268,0.819691832,-0.353611484,0.174826623,151
13271,0.51279381,-0.215510446,0.40740784,151
13284,0.244019557,0.221113031,0.077478903,150
13285,0.514791884,-0.58418628,0.530199757,24
13288,0.538584483,-0.598820132,0.481990112,24
13293,1.003208724,-0.849689532,0.444520773,24
13296,0.505012954,-0.621114901,0.541865096,69
13298,0.666300474,-0.330419167,0.464280235,137
13300,0.355319745,-0.551773773,-0.006965674,53
13306,0.645450512,-0.664273022,0.07990571,69
13308,0.323926012,0.41216226,0.445007357,341
13309,0.305478122,-0.644807763,0.168106326,24
13310,0.443897742,-0.689011352,0.02802975,24
13311,0.362588287,-0.629482152,0.030265571,24
13312,0.5002081,-0.715540258,0.02978957,24
13313,0.594635749,-0.808602778,0.085068705,24
13318,0.532409791,-0.223219215,0.064927257,126
13321,0.266434834,-0.54904885,-0.035340884,24
13322,0.3249233,1.020435947,0.294003478,456
13324,0.328108933,0.741259147,0.379867935,465
13325,0.498826117,-0.762833406,0.1405357,24
13326,0.463532109,-0.733186281,0.11299025,24
13328,1.280660769,-0.645342843,0.126848606,112
13331,0.339070141,-0.77242,0.277675163,24
13332,1.222026426,-0.459628588,0.191903977,146
13337,0.263093491,-0.293448627,0.300525566,68
13345,0.719746027,-0.393689923,0.360785377,122
13353,0.252963145,0.860737633,-0.006471271,340
13356,0.449918536,-0.147956416,-0.01862178,111
13358,0.428910941,-0.588237581,0.02003559,40
13362,1.08060209,1.449941141,0.345478447,696
13365,0.556788612,-0.399395903,0.524948756,97
13368,0.603981934,-0.516095972,0.507909438,70
13369,0.783693065,-0.253098577,0.438312207,135
13388,1.007413634,1.417872487,0.472521823,681
13390,0.859900608,-0.417485414,0.334408942,107
13391,0.654560195,-0.24343158,0.112471828,107
13394,0.574429195,-0.263276107,0.41595437,107
13396,1.096865252,-0.21827201,0.233486529,134
13397,0.918468585,0.076238477,0.173547207,207
13399,1.186214565,-0.5685332,0.089075704,96
13404,0.342277521,0.676057465,0.376828248,360
13406,0.261934005,-0.352692919,0.539840189,22
13407,0.282525048,-0.384515775,0.57998281,22
13408,0.241365839,-0.339165625,0.488314711,22
13410,0.222692597,-0.3303325,0.430034534,22
13414,0.482371192,-0.16506915,0.161236389,89
13417,0.691791342,-0.364575348,0.338525731,89
13423,0.637373611,-0.151038992,0.55550236,89
13424,0.588546445,-0.560636572,0.568778601,37
13425,0.462178461,-0.528074894,0.483542036,37
13426,0.727868625,-0.098416147,0.534058373,116
13429,0.554646069,-0.60007681,0.055546006,22
13431,0.275961514,-0.284551396,0.348577406,37
13432,0.50011457,-0.562844938,0.028435614,22
13438,1.305648621,-0.681870403,0.253157871,52
13439,0.435123177,0.056964104,0.103848382,116
13440,0.49017844,-0.502141364,0.306977892,52
13441,0.45801789,-0.519006055,0.161019166,52
13443,0.267647076,-0.417871388,-0.039412682,22
13444,0.585961606,-0.259321196,0.08513244,78
13445,0.3173124,-0.443183601,-0.03496935,22
13446,0.634607859,-0.594434375,0.124999437,37
13448,0.729120941,-0.627222656,0.114530082,37
13450,0.203439334,1.147659582,0.160764954,408
13451,1.147049061,-0.321027603,0.148814884,102
13452,0.919610347,-0.194115844,0.171659271,127
13454,0.52941635,-0.552615849,0.188513024,35
13455,0.55940243,-0.286982597,0.396411863,89
13457,1.054361018,0.100043235,0.541455388,159
13458,-0.026357886,1.024077159,0.199849212,339
13460,0.718012883,-0.357238241,0.292547237,75
13462,0.696539753,-0.261964909,0.095054387,75
13464,1.199628557,0.775675799,-0.521273941,88
13467,0.440682995,-0.19265043,0.279085628,75
13469,0.824386107,-0.090463794,0.485378361,102
13470,0.974623816,-0.400823581,0.337393496,75
13471,0.460625422,-0.223313923,0.472038571,75
13474,0.925358824,-0.390253991,0.104172465,75
13476,0.494104095,-0.144780339,0.549753815,62
13478,1.18299307,-0.795961099,0.187390274,22
13479,0.743495349,-0.281221613,0.114006547,75
13482,0.273483696,-0.260028019,0.399259698,22
13486,0.387141864,0.865991692,0.130976731,394
13487,0.356809547,-0.379103027,0.524048054,23
13490,0.447318281,0.883126564,0.282677134,361
13491,0.722326253,-0.289879576,0.574770581,62
13492,0.808475133,-0.647916615,0.099201767,22
13498,0.624378365,-0.250841553,0.032439246,45
13502,0.548731206,-0.537184703,0.315554833,21
13504,0.878907378,1.417058259,0.323044598,608
13505,0.58348412,-0.137897317,0.36960066,85
13512,0.81284312,-0.229736805,0.467230262,55
13513,0.60886301,-0.328807707,0.394166183,42
13515,0.474616313,0.003043693,0.024008983,55
13521,0.576109575,-0.173441661,0.31582704,55
13522,0.789791482,0.809149619,0.588433887,262
13524,0.439926636,0.773510555,0.41416119,361
13532,0.883206191,-0.418558487,0.083446293,31
13535,0.711681885,-0.53844988,0.319495743,18
13544,0.597165843,-0.461731396,0.537039775,30
13545,0.631968985,0.473886859,0.498238499,208
13548,0.663249745,-0.243263194,0.517652623,30
13549,0.54066259,-0.398001365,0.504638948,19
13553,0.349076808,1.319266041,0.317985,437
13554,0.323232467,-0.052339587,-0.0894781,19
13555,1.10224883,0.033985843,0.296624653,100
13556,1.135325169,-0.232000668,0.277468486,57
13557,0.809490374,-0.383641324,0.124303772,19
13558,1.218263033,-0.310638976,0.170803675,43
13560,1.074479251,-0.525380696,0.050275832,18
13568,0.651603945,-0.390472171,0.530800279,19
13569,0.79161787,0.576537369,0.321997081,221
13571,0.708406136,0.489288324,0.313332615,182
13576,1.101542359,-0.300667179,0.646437167,16
13579,0.988951565,0.334836421,0.076059458,167
13580,0.285518443,0.893760757,-0.016362445,246
13581,1.059197103,-0.106959639,0.387243936,57
13582,0.260233647,0.811874888,0.237067982,334
13583,0.713183159,0.508647824,0.484642572,193
13584,0.61072082,-0.240618614,0.16267439,16
13585,0.540493466,-0.258239876,0.426964727,16
13586,0.413556612,0.835192991,0.308327684,279
13587,0.638885102,0.875378112,0.549125894,268
13589,0.260536981,0.615046797,-0.008835164,151
13590,1.129279595,-0.39190482,0.385074915,16
13592,-0.0021381,1.134860099,0.061527027,290
13596,0.647638621,0.347486876,0.458771183,138
13597,0.869481756,-0.183083476,0.202583711,31
13598,1.069838219,0.210357463,0.395113467,104
13600,0.786313327,-0.186377237,0.115820386,18
13602,0.301412839,0.768182121,0.31038863,367
13606,0.166038985,0.872406999,0.65728432,18
13618,-0.044225209,1.139377456,0.044975105,210
13631,0.522922027,0.729635689,0.161744041,311
13634,0.346022733,0.726614503,0.345520797,300
13639,0.630420135,0.070361408,0.479110198,22
13640,0.405010784,0.751708119,0.22776108,307
13641,0.096607579,1.353143541,0.283591201,287
13643,0.728647508,0.825713334,0.566275879,199
13645,-0.9380144,4.828984845,-0.148092471,22
13648,0.403676367,0.728884129,0.291724873,298
13651,0.286703028,0.7041205,0.6354513,96
13654,0.254815275,0.756093457,0.043129243,144
13655,0.254784349,1.027825984,0.329135146,298
13659,0.174186152,1.059529098,0.326670189,328
13660,0.875155899,-0.056543141,0.091553961,22
13661,0.314578837,0.813509135,0.336017258,298
13662,0.494042699,1.531711991,-0.118410297,408
13663,1.297325143,1.587658116,0.435592336,540
13668,13.809024917,9.644480931,-14.014693521,309
13671,1.013891598,-0.125046707,0.241924118,22
13674,0.154517129,0.890316339,0.086245119,210
13675,0.564956144,0.16268918,0.35617901,49
13676,0.628454653,0.129183611,0.128658369,35
13677,0.359591069,0.397666085,0.036766303,63
13678,0.319469876,0.965856637,0.232861892,298
13682,0.771995363,-0.061048857,0.320910109,35
13685,0.170651637,0.866480282,0.211704666,210
13688,0.515374571,0.240235604,0.106581346,49
13689,0.050259139,1.207439853,0.615661174,115
13690,0.147400856,0.519937031,-0.064040657,22
13691,0.063301554,1.235161917,0.525149708,130
13692,0.130270218,0.495752295,-0.156123504,22
13694,-0.098617162,1.402598654,0.432058948,143
13698,0.154542311,0.767780506,0.238478798,117
13702,0.32614181,1.023280686,-0.05776732,262
13705,0.381006323,0.647987175,0.414672973,224
13707,0.082374438,1.382300087,0.189439336,273
13713,0.479619404,0.833755383,0.460439322,218
13718,-0.05937973,1.243741279,0.208160028,116
13724,0.284718784,0.668236342,0.543050634,101
13729,0.298636401,0.7873129,-0.052780756,116
13732,0.669408866,1.085691418,0.535049659,204
13735,0.010982086,1.172324537,0.532729619,116
13736,1.017891473,0.043128423,0.050568836,22
13741,0.305884639,1.068597862,0.42500684,35
13744,0.734059187,0.243551169,0.561209778,35
13747,0.400872941,0.391010661,0.581324243,22
13750,0.38577927,0.361203876,0.337244639,70
13751,0.316793252,0.91441474,0.332796907,270
13753,0.065369511,0.957915318,0.361587369,71
13755,0.125653836,0.850961411,0.645052776,56
13758,0.180366722,0.843552461,0.676729243,54
13759,0.616068585,0.503501437,0.522041922,54
13762,0.458156456,1.008172148,0.447883466,190
13763,-0.033939669,1.179094681,0.372989216,179
13765,0.214051949,0.990545188,0.453635435,201
13767,0.466356884,1.036438827,0.161541672,397
13768,0.832322101,0.348972503,0.0299524,56
13770,0.181807481,0.914412036,0.287217907,201
13772,0.165394829,1.839232208,0.59703609,234
13773,0.341538806,2.230609678,-0.353705947,201
13777,0.376198514,1.222275558,0.042947422,366
13778,0.255177309,1.366673162,0.319399424,234
13782,0.34825269,0.838114288,0.416319614,245
13783,0.687826968,0.359355167,0.564086094,37
13785,1.011685177,0.201643767,0.009403087,37
13786,0.56861026,0.682972858,0.261369801,143
13789,0.449142212,0.680906233,0.353046927,179
13792,0.11643097,0.684611516,0.20681517,40
13795,0.48391769,0.72942342,0.443161441,209
13799,0.113021279,1.114269104,0.514035856,154
13802,0.682970225,0.377830763,0.062622894,42
13804,0.627213376,0.55910592,0.019796123,75
13806,0.418324385,0.22200555,0.457620479,59
13809,0.098493452,1.09528397,0.40357641,187
13810,0.428199168,0.9625726,0.572172405,242
13811,0.333290067,0.855325379,0.231105406,242
13812,0.38122042,0.472508445,0.411812827,59
13815,0.298427952,0.954269804,0.486154535,227
13817,0.09828851,0.859266065,0.596519165,27
13818,0.766571348,0.435709115,0.0185456,42
13819,0.557880594,1.582245119,0.146737994,337
13820,0.484363117,0.668953296,0.471929376,58
13821,0.708390628,1.558906729,0.142020503,370
13823,0.459574041,0.4642136,0.044967641,27
13824,0.73530774,0.632421529,0.130890735,126
13825,0.240485457,0.548008444,0.222393602,60
13827,0.561970087,0.570144789,0.379342764,58
13828,0.523554817,0.44421738,0.042334203,26
13829,0.362988274,0.841346419,0.257993511,194
13830,0.299263116,0.876305517,0.277656965,227
13831,0.744042434,0.752018263,0.493973528,128
13836,0.701709917,0.802718154,0.513223528,107
13838,0.770155109,0.616317983,0.554452747,39
13840,0.509565911,0.772760029,0.42670429,131
13841,0.616085132,0.642615335,0.540939466,39
13842,0.213959398,1.038515331,0.322431992,175
13848,0.694304231,0.627887158,0.552460545,22
13851,2.570715802,3.329619719,-0.776321261,201
13853,0.540772779,0.692681808,0.174628064,91
13854,0.342151117,0.892636027,0.336600295,190
13856,0.353751746,0.991718709,0.355444825,190
13857,0.131155936,1.0710362,0.464256575,113
13860,0.215088166,0.6261161,0.251210315,23
13865,0.311415286,0.987108164,0.26412013,199
13866,0.496742223,0.840907567,0.455461202,62
13867,0.027548157,1.01600341,0.231692088,179
13868,0.039749416,1.222620605,0.193171866,157
13872,0.40318619,0.987027321,0.571370257,173
13873,0.223651415,1.165242312,0.416574495,118
13878,0.391507615,0.921618164,0.567159376,32
13881,-0.083766489,1.321008797,0.315924982,20
13883,0.0457085,1.229769067,0.463051924,20
13885,0.362793154,1.060874998,0.561295121,173
13887,0.729870817,0.522535185,0.244545341,20
13889,0.30887543,0.858213888,0.310450968,207
13893,0.404824152,0.788985523,0.057452374,59
13895,0.724925958,0.693315463,0.026226481,59
13896,0.608334026,0.728042924,-0.02142128,47
13898,0.346145526,0.919748032,0.56219844,20
13899,0.035145056,0.925542787,0.439519145,94
13900,0.238063912,0.882598751,0.419034161,32
13905,0.413532524,0.855602578,0.466172303,20
13906,0.394922911,0.915745917,0.508225059,32
13907,0.554317676,0.810528388,0.520937233,20
13910,0.280663935,0.970992732,0.134734208,160
13913,-0.135254756,1.26101708,0.157421243,81
13915,-0.145821348,1.298159165,0.089816818,92
13917,0.171130122,1.134901502,-0.029054115,136
13924,0.582371065,0.829045737,0.470709475,34
13926,0.306629738,1.304611823,0.337745983,92
13928,-0.395575213,1.913894221,0.22315405,57
13931,-0.283778578,1.478353892,-0.028588152,33
13935,-0.181838533,1.477343718,0.170679875,46
13936,-0.205709234,1.642832611,0.271996629,66
13937,-0.065071637,1.456856409,0.47319236,20
13938,-0.118648506,1.202202077,-0.213979998,33
13939,0.013950979,1.409278395,0.653338647,21
13941,0.085141149,0.93205571,0.036838269,46
13942,0.258661889,1.126010795,0.258706942,134
13943,-0.364555705,1.692673595,-0.01658337,57
13944,0.205966599,0.867383949,0.381329931,20
13951,0.185154951,0.890315116,0.499196358,63
13952,0.367964162,0.865195058,0.011223494,52
13955,-0.005687909,1.281329904,0.34572893,52
13957,0.290061825,0.995087423,0.518201878,61
13958,1.506570385,1.39647903,-0.638810371,129
13966,0.736211194,1.225698911,0.349549742,398
13970,0.222666616,1.00579775,0.54339797,48
13975,0.210717006,1.017052904,0.058015704,59
13984,-0.150026918,1.655069884,0.476103396,26
13985,0.326985353,0.950644765,0.452442287,16
13987,-0.490052458,1.739844523,-0.188949235,26
13993,-0.157804728,1.63059657,0.398613366,16
13994,-0.20473346,2.417734429,0.833719384,26
13996,0.455263296,1.128830017,0.586983977,92
13997,0.433371215,0.857063253,0.048443379,92
13999,0.427659566,0.849698739,0.117716868,59
14000,0.386366977,0.864439876,0.46979832,26
14004,-0.132355128,1.125027092,0.136749271,37
14008,-0.463805735,2.316712038,0.632303855,16
14011,0.263394319,0.86051845,0.176805599,92
14014,-0.493416501,1.70092006,-0.274035401,16
14015,0.020761984,0.973565769,0.353976217,16
14016,0.510694771,0.732543452,0.115092601,92
14017,0.484414411,0.801714959,0.055237801,92
14018,0.192885212,0.775562186,0.524448667,92
14019,0.069083276,1.062435818,0.408543289,16
14020,-0.660891319,3.849083016,1.081247011,16
14023,-0.407188908,3.328873206,0.737166836,26
14027,0.536108539,0.895681714,0.612024457,81
14028,0.462050843,0.854595128,0.584285548,180
14030,0.064127919,1.198184155,0.10728156,81
14032,0.599030476,0.708128408,0.359018621,16
14033,0.631167862,1.18937458,0.493533814,268
14040,0.599901408,0.950260797,0.352045165,455
14046,1.915337179,1.430404718,0.404042621,352
14047,0.282689838,0.797236761,0.49087816,16
14057,0.476846404,0.638278964,0.328768928,48
14060,0.479918559,0.716559741,0.536590976,59
14061,0.607454605,0.613848453,0.198609253,26
14067,-0.030985293,3.149574354,-0.016204385,16
14068,0.225394449,0.970028919,0.034757111,16
14073,0.508452744,0.957204366,0.466093394,147
14078,0.639633676,1.287866225,0.464642246,48
14081,0.579150091,0.936959248,0.444352083,433
14084,0.774561821,0.979269041,0.406095917,422
14085,0.093039318,0.591859938,0.532138715,87
14089,0.148079583,1.268445759,0.247120801,26
14090,0.48102015,0.71493998,0.429185813,48
14093,0.505537268,0.705546704,0.42855249,16
14096,0.217721844,1.111679417,0.115318129,48
14100,0.357908535,0.744422465,0.416457305,48
14101,0.081878096,0.574894874,0.519182302,81
14106,0.148487785,1.11225899,0.130070801,48
14115,0.126539022,0.74944502,0.520238918,37
14116,0.333817036,0.900465481,0.529077892,37
14120,0.174656928,1.182409263,0.202420681,26
14122,0.369876319,1.227207921,0.547972069,16
14124,0.237557797,1.150588442,0.202941238,37
14125,0.086112268,0.591167879,0.509859027,24
14126,0.145147723,0.655294032,0.531526963,46
14128,0.385702321,1.091224682,0.607545983,37
14129,0.294519167,1.309006055,0.43306842,37
14131,0.875539418,0.535544112,-0.033012906,37
14132,0.615644659,0.734478506,0.156918605,37
14133,0.468683809,1.545261687,0.488586288,16
14137,0.759294025,1.284606696,0.097009808,279
14138,6.817141147,7.517501652,-3.616383922,48
14141,0.080377734,0.583299128,0.524024192,35
14143,0.483061561,0.790265942,0.348052427,158
14144,0.56058276,1.065011498,0.506434793,202
14145,0.513695273,0.685730201,0.103538865,37
14146,0.145334848,1.308876422,0.049560204,37
14147,0.94627167,6.471577193,1.241795182,16
14148,0.777427567,1.25738179,0.420708747,234
14150,0.386497866,0.912003143,0.006178129,16
14153,0.430672479,1.102901436,0.644941995,26
14155,0.784784425,0.935397736,0.489154214,400
14158,0.674808474,0.617735752,0.230373214,35
14159,0.269588328,1.110274788,0.208089974,26
14167,0.548115124,0.695745789,0.152233838,26
14170,1.505759698,0.580321522,0.213457743,26
14172,0.650598345,0.929585518,0.198050514,297
14173,0.854498483,0.925731198,0.580861792,389
14174,0.446609918,0.608399995,0.309369345,16
14175,0.445937034,0.705321702,0.464140028,16
14176,0.207670442,0.985872414,0.445805912,16
14178,0.650019787,0.622291581,0.008383503,16
14181,0.196656902,0.87512235,0.561831087,16
14182,0.603979982,0.631720972,0.365459003,26
14184,0.198219811,0.977778837,0.368030646,16
14186,1.104012199,0.479651579,-0.093380832,16
14188,0.270059013,1.038255326,0.157701897,16
14190,0.289775924,1.031064517,0.027458789,16
14192,0.662236579,0.738443012,0.504864363,422
14195,0.693856104,0.898522166,0.484670267,389
14208,3.664832677,-0.404124361,-1.93718016,16
14212,0.648195666,0.941685247,0.367100372,378
14213,0.572155199,0.67427545,0.047461796,26
14224,0.552401135,0.633356041,0.521984723,48
14234,0.428591632,1.043232022,0.591211967,16
14238,0.416795581,1.051554242,0.554987119,37
14239,0.483743761,0.854344579,0.624889079,16
14243,5.512202657,2.342407802,-4.232417248,125
14245,0.473792133,1.277235185,0.320477214,92
14247,0.731305024,2.605001923,0.893870005,16
14253,0.522917874,1.971842307,0.627346789,26
14254,0.853176567,1.263803362,0.518700897,251
14257,0.765182082,1.219762465,0.284869106,277
14261,0.351879216,0.570333481,0.240177981,329
14263,1.066219995,1.560065551,0.387758207,213
14264,1.84624485,1.897791056,0.720444702,202
14267,0.580172531,1.149047117,-0.004861609,147
14268,0.639363296,1.090757638,0.256042538,251
14270,0.286657266,1.269813071,0.377065628,16
14272,0.376395107,1.265786516,0.485233458,16
14274,0.324276318,1.253190206,0.178930951,59
14276,0.507659055,1.034948065,-0.006735345,114
14277,0.498736879,1.211477532,0.028236175,125
14278,0.466082309,1.382432711,0.148590544,92
14280,2.603102997,7.427738604,-2.504069905,70
14281,0.479618549,1.065201835,0.306895356,114
14285,0.50158296,1.110004277,-0.027653692,114
14290,0.667267442,1.144794575,0.465223936,251
14292,0.667362513,1.525628384,0.060878033,125
14296,0.670259637,1.15522707,0.433290877,251
14297,0.829394337,1.726665335,-0.172746713,147
14299,1.605519593,5.191047464,-1.928514086,59
14306,0.868666843,1.376629948,0.215662765,251
14309,0.368462019,1.412727681,0.460316894,37
14311,0.595720732,1.037643553,0.280443342,290
14312,0.326264323,1.67393931,-0.088598079,48
14313,0.842867378,1.853661471,-0.413744528,136
14314,0.401103136,0.902344136,0.457130311,48
14318,0.947168387,0.324680331,-0.140058621,16
14319,0.64202898,1.32652416,0.57680617,92
14321,0.609060711,0.74748563,0.616500309,70
14322,0.612034729,1.655156032,0.19272581,81
14323,0.481809765,1.120007137,0.448746797,251
14325,0.587287822,1.409883026,0.401928315,59
14330,0.49623673,0.903377985,0.097036325,103
14332,0.145308518,0.838403748,0.454343987,147
14333,0.363829635,0.936383574,0.499192526,16
14334,0.60811811,1.610450303,0.65184537,48
14335,0.550525279,0.642578811,0.101846639,48
14336,0.345231731,1.057109473,-0.003781828,37
14337,0.32970291,1.100430028,0.535134911,70
14338,0.361087037,1.179358093,0.476246536,37
14339,0.448289282,0.928674594,0.317042903,59
14340,0.597266606,1.351797165,0.337984292,114
14342,0.852369894,1.881954836,-0.010113928,103
14343,0.461437523,0.880771199,0.188226609,103
14344,0.475592493,1.063598639,0.199840397,114
14345,0.24910083,1.723229255,-0.428392896,26
14347,0.482088009,0.705612626,0.529872363,26
14348,0.629154227,0.756270296,0.573731858,92
14349,0.290081627,1.296315043,0.072236862,48
14350,0.539986242,0.591055947,0.327671731,26
14351,0.442021223,0.893180192,0.545159405,59
14352,0.324997146,1.346801475,-0.102581672,59
14355,0.615073474,1.126338989,0.372338987,226
14356,0.377235286,1.022444947,0.377949518,59
14357,0.56099019,1.258086484,0.093224662,114
14361,0.47423445,1.11514779,0.136450385,114
14364,0.377704038,1.752164905,0.028652362,37
14365,0.458650411,1.045941216,0.254587132,114
14366,0.65244822,0.512640154,0.039005776,16
14368,0.387189628,0.958771449,0.342164575,59
14369,0.441172624,0.795583506,0.32271792,92
14371,0.485214898,0.630326812,0.27238049,48
14376,0.554845751,0.635908538,0.350663622,81
14377,0.533530223,1.236754685,0.180137501,103
14380,9.176288087,-2.538599789,-3.494267696,253
14382,0.61952096,1.377102279,0.178165626,114
14384,0.445780685,2.390782431,-0.138522799,16
14385,0.529529338,0.683600704,0.533219782,378
14386,0.432718082,1.118689654,0.500840864,37
14387,0.399933363,1.7162438,0.395820023,16
14390,0.342057334,1.19181823,0.519468951,48
14391,0.509484248,0.857518337,0.282020367,142
14392,0.465505915,1.168039471,0.399453419,169
14394,0.311796313,1.872646534,-0.079550609,16
14395,0.534045465,0.751476843,0.341051746,92
14396,1.132705048,0.641866708,0.053270094,37
14397,1.296380403,1.683006469,0.472843059,180
14399,0.679437838,1.025830504,-0.001799704,204
14400,0.630300529,0.959785479,-0.059057561,125
14401,0.769416133,1.565261552,0.608280901,70
14403,0.397261145,1.734910711,0.259073996,16
14409,0.747297571,1.091177187,-0.071565703,180
14410,0.476885074,1.147677467,0.515372949,48
14412,0.501130734,0.972221211,0.050737112,81
14413,0.259055013,0.52076886,0.479183532,462
14414,0.94868173,1.905167788,0.428976309,70
14415,0.429928455,1.32737761,0.562687795,37
14419,0.412587085,1.090148913,0.019267107,59
14421,0.370177836,0.93175386,0.071451612,26
14422,0.404880621,1.490709069,0.330244486,26
14423,0.299669845,0.603385233,0.457086488,435
14424,0.414687863,0.526912062,0.314271559,422
14425,0.436678585,1.066176106,0.480622925,16
14430,0.648927118,1.939456833,0.54308041,16
14431,0.372510009,1.259183832,0.378578225,16
14433,0.941232166,0.555039823,-0.330416625,81
14438,1.031951313,0.0752426,-0.261039628,26
14440,0.47599541,0.607253228,0.565529595,367
14444,0.700645228,0.473353051,0.411588342,16
14446,0.856415292,0.912463963,0.361212854,37
14447,0.54951135,1.006898362,0.60279114,26
14448,0.683046526,1.952959895,0.343584439,16
14449,0.562688509,0.801490717,0.478677064,59
14455,0.614137455,0.990699844,0.114213331,207
14456,1.561239772,0.315308124,-0.114376319,248
14460,0.50505005,1.265389313,0.529200075,16
14463,0.876238784,1.347027928,-0.064113749,158
14464,0.891671956,0.591912472,-0.175234765,59
14466,1.108618336,0.308187028,0.551956549,26
14468,0.517523019,1.047292909,0.176360362,81
14470,0.548947654,0.791987051,0.103283566,92
14471,0.48033759,0.873154913,0.068039217,16
14474,0.343343526,0.481885881,0.631475097,472
14478,0.613275726,1.213999928,0.303805257,70
14479,0.525454397,0.760683703,0.115944535,37
14480,0.508498572,0.753867691,0.243006889,268
14481,0.828930249,1.452724885,0.354979038,136
14488,2.821680998,6.405525903,-2.903980288,16
14489,0.61827871,1.064717084,0.334985889,160
14493,0.623372556,1.076386438,0.081288733,103
14494,0.565191847,0.564219028,0.300816005,16
14495,0.295732256,0.832261942,0.333377486,48
14497,1.298020228,1.571465062,0.51963464,136
14498,0.636177038,1.446100787,-0.078574894,48
14499,0.645460258,0.99403217,0.523857982,81
14508,0.791657016,1.386754035,0.183821019,163
14513,0.769094598,1.499360811,0.369535939,37
14516,0.916819918,0.732476623,0.225447045,16
14517,1.910877235,-0.31023428,-0.476831302,176
14520,0.577030302,0.709234345,-0.021212579,26
14521,0.521457542,0.946368758,0.348954493,202
14523,0.842473688,1.375787438,0.277605032,125
14524,-0.115029856,0.480230816,0.509674559,567
14526,-0.747628299,0.036405875,0.650502742,681
14531,-0.639967188,0.147762094,0.604094369,667
14532,-0.045818754,0.445332111,0.667193504,567
14533,-0.65924863,0.127445202,0.679330427,669
14537,0.84287403,1.537985612,0.526452012,16
14544,0.533658892,0.907112244,0.532664682,16
14548,0.47282923,0.845888963,0.192527987,39
14549,2.04060045,-0.085665014,-0.497304597,26
14551,2.315772039,-0.7482979,-0.384411909,165
14554,0.542767814,0.508507708,0.142703837,37
14560,0.287131904,0.775133504,0.453607026,16
14570,0.577979396,0.903921254,0.552468927,16
14571,0.540774289,0.981747314,0.37619533,141
14572,0.567420233,1.206306621,0.152615032,16
14577,0.557393622,0.803800534,0.321375358,81
14578,0.606542261,1.054187772,0.287236235,141
14583,0.515600417,0.93664225,0.24659214,81
14584,0.215050648,0.81918491,0.367509421,24
14586,0.332905265,0.534771173,0.319325938,323
14595,-0.058427884,0.415488797,0.69494256,545
14600,0.504877808,0.949639634,0.302619052,130
14601,0.512896754,0.888736477,0.312792824,26
14604,0.572149382,0.991090733,0.369265579,130
14607,0.521899395,0.916907671,0.352684338,26
14608,0.527525786,0.740603553,0.512184164,279
14610,0.68918451,1.182515182,0.475706894,116
14611,0.581599878,0.634282484,0.275151824,26
14612,-0.932462449,-0.138022379,0.673841135,672
14613,0.519859375,0.626833529,0.251947596,37
14615,0.023767929,0.438695674,0.434114736,490
14616,0.622935001,0.316386761,-0.120338088,37
14618,0.731789582,1.373424101,0.259442906,119
14619,0.183110987,0.43566339,0.647753178,453
14625,0.489165476,1.101924008,0.22092874,16
14626,0.565416675,0.832257015,0.435070704,81
14628,0.542858108,0.987206439,0.12948347,16
14631,0.58702526,0.851517613,-0.049653065,16
14632,0.515488873,1.161939316,0.305697429,48
14635,-0.672959377,0.091279175,0.779708573,636
14636,-0.88013019,-0.095013407,0.75480879,660
14637,0.717335065,1.047454927,0.459180344,59
14639,0.56193579,0.963047769,0.330540392,119
14641,0.611734045,1.107846858,0.534493721,16
14646,-0.205257622,0.491843708,0.651938015,505
14647,0.580511457,0.439607727,0.000726134,16
14648,-0.195775468,0.466475592,0.583020542,503
14649,0.846680928,0.425695224,0.617761708,26
14654,0.585222229,1.161175483,0.209555757,37
14655,0.580916533,1.258337737,0.034565988,16
14659,0.546934491,0.712508507,0.059877995,108
14667,0.572579851,1.129499367,0.332429213,94
14668,0.52841783,0.835757462,0.17865855,147
14671,0.759775568,1.15839863,0.528973689,59
14672,0.587247742,0.932209001,0.076640084,108
14673,0.67079207,1.156425758,0.403229152,108
14675,0.778182046,1.293096687,0.492252047,108
14676,0.636053814,0.958053776,0.145235244,108
14679,0.494837619,1.10499695,0.413223689,94
14686,0.497641097,1.275553562,0.320316991,108
14691,-0.586409293,0.158604191,0.704324082,597
14692,0.232834803,0.421475412,0.338087686,325
14693,0.559943237,0.988835513,0.445420659,97
14694,0.531168213,0.947123067,0.318228093,48
14697,0.269339709,1.170166062,0.496248167,97
14698,-1.875323524,-1.217870841,0.766752119,853
14703,-1.81858215,-1.468083311,0.699149168,979
14708,0.650848179,1.328244169,0.57094585,59
14709,1.010879378,1.577795011,0.237227285,48
14710,0.819708315,1.432708164,0.254395365,57
14711,0.688652517,1.029422431,0.064837494,86
14712,0.690461254,1.152260172,-0.003471667,37
14715,0.695309256,1.212317482,0.128691972,59
14716,0.597719745,0.86527659,0.037387234,48
14717,0.524095471,1.116170794,0.39198898,72
14718,0.851559889,1.446200228,0.30024819,57
14719,0.584707619,1.036209051,0.317973358,86
14722,0.562613835,1.044808156,0.230775474,86
14723,0.551493094,1.121492008,0.349779701,68
14725,0.88848785,1.116099551,0.627149239,86
14728,0.510683715,0.967391673,0.339819094,86
14730,0.56178386,0.950519502,0.397503171,86
14731,1.173543037,-0.237019021,0.651827261,16
14733,0.589487112,1.045115318,0.264790509,86
14734,0.545176812,0.774395494,0.05374919,86
14735,0.70243098,1.158793036,0.088968378,116
14736,1.222837163,1.801153851,-0.00760227,48
14737,0.913848863,1.612709299,6.606e-06,48
14738,-1.802872921,-1.675377089,0.660102047,1005
14742,0.585340925,0.591290861,0.316396534,16
14743,-1.810970453,-1.444031627,0.643899888,968
14745,0.564083905,0.931760551,0.149366186,26
14746,0.799102383,0.865681403,-0.205546402,48
14748,17.994066486,-1.560244887,-12.379867452,88
14749,0.863066709,1.069975126,0.595954552,101
14751,0.958928815,1.547744717,0.134329885,37
14752,1.327257041,2.071915952,-0.393154091,16
14753,0.807088498,0.821456821,0.565464981,16
14658,0.679923454,1.359468089,0.102732175,37
14755,0.451826726,0.868706277,0.380410677,77
14756,0.338379748,0.558181485,0.215396375,202
14757,0.295030963,0.508947063,0.197527475,202
14758,0.531595965,0.710163692,0.133796176,26
14759,0.068743682,0.411411744,0.421080982,380
14760,-0.646326509,0.088427945,0.569972221,579
14761,0.70939538,1.272688887,0.531974527,64
14762,0.503538738,0.772053634,0.434824791,64
14764,0.480931432,1.187250814,0.549416266,77
14765,-0.967782602,-0.253207076,0.833331452,629
14766,0.575455068,1.141634066,0.272784281,26
14767,0.607214012,1.26158429,0.553855964,50
14769,-0.03909081,0.455793941,0.595059049,387
14771,-0.200997378,0.44699238,0.547769489,444
14772,0.562510272,0.676397767,0.505738722,53
14773,-0.920391398,-0.203113544,0.890359234,606
14774,0.473854409,0.842393673,0.53063366,24
14775,0.624645474,0.765215705,0.571934514,26
14776,0.704986791,1.171402699,0.288388955,92
14777,0.485697095,0.800182845,0.396389151,42
14778,0.177498981,0.425069377,0.333747213,246
14780,0.831755523,1.052313404,0.633175212,68
14781,0.303134616,0.611471322,0.56515755,202
14782,0.647681173,1.202161521,0.239626067,42
14784,1.068733501,0.999127903,0.458289765,16
14785,-1.398937997,-3.414578031,0.724076378,1332
14786,-0.65170684,0.139659457,0.602062177,517
14790,0.571366688,0.400464688,0.448754414,83
14791,0.669537061,1.296595644,0.184591126,31
14793,-0.023723164,0.444250553,0.513192912,390
14795,-0.136492024,0.425390407,0.522079746,392
14800,-1.892293061,-1.268541977,0.830568683,847
14801,-1.949814339,-1.2497436,0.77694086,847
14804,0.543931599,0.295005977,0.110604918,20
14807,0.779564795,0.997721642,0.2054452,99
14811,-0.272162621,0.433620109,0.578815046,401
14812,-0.540329855,0.40179626,0.663657116,435
14813,0.355985392,0.556885344,0.165874422,58
14815,0.064769807,0.375020858,0.383925024,285
14819,0.540533619,0.725503381,0.580458328,20
14820,-1.509580675,-0.519060652,0.683778476,679
14822,0.600256267,0.745795913,0.594568537,45
14828,7.691563681,-12.884473527,-0.530656602,20
14831,-1.602686689,-2.057363129,0.476792017,990
14832,-1.641845599,-2.728200158,0.615529665,1066
14834,0.293721698,0.952343573,0.553233231,45
14850,0.507103987,0.657078492,0.494171467,164
14851,0.353012537,0.508551069,0.068992236,74
14854,0.449956186,0.795114369,0.530484063,20
14859,0.433084202,0.595904908,0.173794812,118
14860,0.280841817,1.110795993,0.511496159,20
14873,7.060451626,-11.46906604,0.260269711,32
14875,0.523617107,0.867085282,0.407258544,20
14879,0.761481678,1.098277174,0.404763305,20
14884,-0.257254483,0.467202715,0.682374965,351
14887,0.705929986,1.006060074,0.50169591,20
14893,1.530818814,-0.10566713,-0.230343692,32
14897,0.539072592,0.948296847,0.224798551,20
14901,0.756586646,1.097724115,0.450801459,60
14906,-0.223744141,0.467379311,0.754777222,375
14799,-1.876922388,-1.276576314,0.854234131,795
14908,-1.614674868,-2.017685269,0.442632268,948
14910,0.267646328,0.982051315,0.546260649,30
14912,0.078749583,0.523935339,0.766404911,149
14914,0.194421136,0.682238393,0.566661364,182
14916,-0.022009155,0.399262108,0.840029661,340
14927,0.329786884,0.7629371,0.495740929,61
14931,0.246203349,0.518611016,0.703105291,94
14943,-0.924981519,-0.183309384,0.800939161,520
14948,0.073709181,0.464688655,0.566376793,340
14950,3.563608529,0.036453617,-1.414354363,20
14956,0.073681747,0.339304108,0.329354249,209
14959,0.415320737,0.763641378,0.450912053,138
14964,-1.365824195,-3.407273431,0.555910137,1255
14966,-0.020292416,0.233539958,0.420679513,215
14969,-0.964253656,-3.582555871,0.51497992,1317
14973,0.843415189,0.995859087,0.65095848,20
14979,0.391983169,0.650389073,0.542682075,125
14985,0.396752661,0.566810916,0.71390074,103
14991,0.362243927,0.743933436,0.475978432,46
14992,-1.749624318,-0.761977484,0.660006545,669
14993,-2.014751958,-1.248057841,0.887877801,753
14996,-0.489699287,-3.993834697,0.885180076,1410
14997,-0.281676419,0.481938319,0.7095394,312
14998,-1.844405852,-0.542305344,0.848281436,631
14999,-0.483009721,-3.613863763,0.607065304,1487
15000,0.411715386,0.756755603,0.557863287,20
15002,0.154300997,0.334321899,0.096473708,33
15007,-0.161885459,0.399249927,0.547743822,295
15009,-1.297222596,-3.577429612,0.536895524,1260
15011,0.042379164,0.598836343,0.713005996,112
15013,0.521263344,0.800541452,0.452200447,33
15030,0.849607952,0.993220023,0.519000883,35
15034,0.396635036,0.566759783,0.539125081,112
15035,0.449136158,0.679488171,0.292485474,90
15036,0.892815529,0.959138628,0.603516053,35
15043,0.003886109,0.461001789,0.703981129,275
15045,0.306442663,0.440858602,0.02517687,19
15048,0.158297651,0.330168109,0.254938557,19
15049,0.151943877,0.394896805,0.229284506,30
15050,0.171725212,0.468791386,0.365217313,85
15052,0.23506911,0.367033062,0.001096707,18
15053,-1.820117558,-1.12182435,0.867510215,720
15054,0.685206754,0.696746909,0.719580416,41
15055,-0.061750941,0.391367177,0.492205563,223
15056,-0.851286972,-3.898576073,0.497731607,1361
15058,-0.598806162,-3.820649689,0.447402498,1449
15060,0.265444543,0.566814869,0.668316408,96
15061,0.47665419,0.629803883,0.595653212,96
15062,0.726893585,0.939270496,0.150537802,19
15063,0.555513885,0.672443506,0.342951021,107
15064,0.267074738,0.672444123,0.486110528,76
15065,0.189120978,0.559931052,0.689774793,96
15066,0.460361079,0.726839222,0.620895136,19
15067,-0.139366592,0.475066588,0.760949764,277
15068,0.68967483,0.868244428,0.097701371,19
15069,-0.589164363,-3.904804087,0.564275125,1427
15071,0.55076156,0.724941432,0.09829376,18
15072,0.218496142,0.652536358,0.521517018,52
15073,0.566217654,0.748668218,0.222999214,52
15075,0.629711775,0.747165827,0.617044775,30
15077,0.270261431,0.547378063,0.588161314,223
15078,0.52044626,0.656720522,0.44136309,96
15079,0.396267429,0.606824863,0.519236343,96
15081,0.363650437,0.682934068,0.504817534,63
15082,-1.954362335,-1.226190393,0.805056077,753
15083,0.286558947,0.568140808,0.640021144,96
15084,0.741451249,0.861465353,0.309250422,41
15085,0.686248087,0.743670981,0.651547669,30
15086,0.715046913,0.831612394,0.392181335,41
15087,0.433179074,0.739442186,0.381381154,107
15088,0.623153656,0.796119598,0.394957391,52
15089,-1.831533113,-1.152654393,0.845214825,737
15090,0.374105027,0.641456496,0.6510274,82
15091,0.600077254,0.807539649,0.139234905,19
15093,-0.003970652,0.472649483,0.592421947,92
15094,-1.429822753,-3.656979237,0.537437792,1211
15097,0.283939327,0.447664012,0.74540529,81
15099,0.191798342,0.453095824,0.692657954,48
15100,0.139850111,0.312189441,0.230471576,16
15101,0.317544442,0.627294866,0.635229236,37
15102,0.565251629,0.825693212,0.527975528,48
15103,0.447676039,0.539011958,0.696559537,16
15106,0.028547649,0.457043407,0.559710735,92
15109,-1.697727426,-2.284571669,0.39682855,915
15111,-2.048808556,-1.325715502,0.852935237,727
15112,0.102314194,0.297346384,0.146377203,16
15113,0.00843906,0.556190709,0.661204743,70
15120,-1.728367071,-2.76530631,0.490433146,947
15125,0.214877517,0.508254131,0.609862779,16
15126,0.195066487,0.555570138,0.72963911,26
15128,0.386281938,0.58053402,0.675890527,37
15129,0.448958733,0.840312643,0.421792562,37
15132,0.305976438,0.851208883,0.469798211,37
15136,0.188615081,0.459624308,0.299469265,16
15140,-0.80990817,-4.343840738,0.552819771,1276
15141,-1.213631234,-4.093920732,0.447442057,1226
15144,0.336313058,0.574498172,0.71310012,26
15145,-0.157679235,0.448912654,0.859250276,231
15147,0.768230309,0.443312274,0.623561771,16
15153,-1.775225532,-3.350066254,0.516555262,988
15154,-1.839720922,-2.409658133,0.449934809,882
15156,0.038857052,0.237181474,0.22189637,48
15158,-0.017310444,0.427872044,0.556332889,59
15159,-1.64272697,-3.866728131,0.634626466,1100
15167,-1.79001404,-2.054731472,0.390481165,820
15169,0.045298433,0.461060159,0.787433951,37
15170,-2.105406875,-1.423260432,0.886168885,683
15171,-0.039238166,0.472249953,0.587663353,226
15172,-1.350556111,-4.255766784,0.761439877,1141
15174,0.086703985,0.429528832,0.801801495,37
15179,-1.091188246,-4.38289944,0.91846223,1191
15185,-0.626851327,0.178092009,0.809506446,341
15189,-0.870631483,0.006089612,0.892691735,359
15191,-1.891171135,-2.802795142,0.485521836,889
15193,-0.292565286,0.427206121,0.67785268,178
15194,-0.911645527,-5.244873036,1.162730329,1023
15196,-1.575498931,-4.087725626,0.634635806,1060
15210,-1.721903809,-3.924031829,0.394415785,1049
15211,0.405921625,0.710734857,0.6020377,16
15212,0.023683489,0.395467955,0.861712878,94
15213,0.370984373,0.618679142,0.627317345,48
15214,-1.686098007,-3.989907862,0.553448839,1049
15216,-1.08518067,-5.342463517,0.61912837,1012
15219,-0.025214408,0.427904779,0.788414026,187
15220,-0.00164044,0.367777354,0.853262661,248
15225,-0.082707229,0.232089208,0.450210696,94
15228,0.241300008,0.564705726,0.569023005,131
15232,-0.098495027,0.279794616,0.487606107,50
15233,-0.175048327,0.389569212,0.489614041,193
15235,-0.733447273,-0.195025453,0.402230665,337
15236,-1.966854558,-2.482685335,0.399771945,819
15239,-0.35755587,-0.1483741,0.228250352,339
15241,-1.879865635,-3.791956713,0.444752866,970
15247,0.015527238,-0.054766877,0.145582913,16
15249,-0.856500158,-0.504791829,0.271073479,378
15250,-1.807381415,-4.012397578,0.546650122,959
15252,0.459850446,0.531221133,0.599550866,39
15254,-0.107837607,-0.252320279,-0.154289766,16
15255,-0.414044258,0.503957729,0.822926681,202
15256,-2.058722268,-1.236604205,0.889157803,590
15257,-0.185852423,-0.038682818,0.116699699,127
15258,-0.004627946,-0.139669383,-0.05081,16
15259,-0.269203954,-0.214702005,-0.062975585,53
15261,-0.460218832,-0.173005244,0.270456,328
15262,-0.21758809,0.357654948,0.830896554,240
15263,-0.269651492,-0.303600311,0.003571252,16
15266,-0.272539261,-0.01966229,0.289291369,90
15268,0.132531647,0.444206477,0.733698876,127
15269,-1.37695845,-0.428878166,0.706781503,433
15271,-0.736503371,-0.050249205,0.874046717,340
15272,-1.78559968,-2.212344069,0.655412791,827
15275,-0.117353192,0.478912857,0.684728707,145
15277,-0.19260048,0.482697615,0.709426177,116
15278,-0.304912067,0.51804943,0.852138696,171
15281,-0.007568976,0.484803086,0.819038318,42
15282,-1.759843887,-4.332481815,0.809493147,922
15283,-1.907405803,-3.950337982,0.683658734,922
15284,-0.015528439,0.490578317,0.838870486,42
15285,-2.127515566,-2.259067033,0.599552087,765
15287,-0.339902923,-0.109393265,0.068636829,116
15288,-2.12854897,-2.300292815,0.634812905,765
15218,-0.468412113,0.474608413,0.859840419,180
15295,-0.312136549,0.399258789,0.636634115,162
15299,-0.706301584,0.343883759,0.717948849,233
15302,-0.095564589,0.456425645,0.658351526,50
15307,-2.149605088,-2.078631114,0.817754387,756
15308,-0.043054709,0.479041971,0.659453084,129
15309,-2.141867341,-2.881747427,0.620811227,791
15310,-2.187399755,-2.355897164,0.533828459,742
15311,-2.133689565,-2.785325964,0.781507304,774
15313,-1.083589969,0.020935264,0.717945331,277
15314,-2.019637343,-2.008858036,0.41096913,705
15315,-0.105104846,-0.035533203,0.051880785,93
15316,-1.864863099,-0.96030852,0.494670807,523
15319,-0.046804233,0.027090735,0.139039813,93
15321,-0.231752524,0.017715838,0.278894216,93
15322,-1.871846344,-0.814875502,0.846970293,419
15325,-1.884402093,-0.932723911,0.893260508,419
15326,-2.000178974,-1.567527719,0.439414435,622
15329,-2.242625783,-2.33765979,0.628058291,696
15333,-1.900585963,-0.844243777,0.808967912,403
15334,-0.215616702,-0.09438915,-0.040317481,64
15335,-1.934083347,-0.978291469,0.834783506,369
15337,-1.145814636,-0.045013037,0.633234328,231
15338,-1.9697669,-1.231507259,0.891273753,543
15339,-1.177249228,-0.046523771,0.695569401,231
15340,-0.621945435,0.322300399,0.853108877,124
15341,-0.425673171,-0.152380721,0.031288551,47
15342,-0.167692194,0.4719082,0.865739623,65
15343,-0.632164136,-0.291802265,-0.228267105,30
15345,-0.691842562,0.277829456,0.564468744,104
15346,-0.17303207,0.439720906,0.870997666,67
15347,-1.890096165,-0.81678021,0.785783987,351
15348,-0.474464843,0.368586248,0.889844158,68
15350,-0.121648404,0.392779208,0.444935172,66
15352,-0.552773625,0.333879027,0.748985852,48
15355,-2.190964484,-2.600544052,0.54201143,658
15356,-0.43854887,0.385655631,0.886156501,48
15357,-0.312894302,0.4589191,0.692802303,48
15360,-0.138193056,0.432534571,0.452001649,49
15361,-0.379911975,0.344373424,0.447660888,85
15362,-1.738136106,-0.660009178,0.928746745,278
15363,-1.831064606,-0.810530666,0.89215733,263
15364,-0.345409885,-0.014856964,0.176888543,128
15366,-0.538276487,-0.032176716,0.071751872,87
15367,-0.547604305,-0.074801207,0.164887708,113
15368,-0.751006662,-0.152720538,0.172407591,113
15369,-0.433360669,-0.038964172,0.14088224,113
15370,-0.273263357,0.023128986,0.23413053,28
15371,0.214158157,0.479870055,0.316015426,33
15373,-0.661724149,0.343864746,0.636270696,31
15374,-1.943667475,-2.023112736,0.419569308,582
15376,-1.882442754,-1.957459442,0.428704129,582
15378,-0.631724995,-0.119825047,0.246223954,108
15379,-0.64017067,-0.126259035,0.004823271,28
15380,0.120608722,0.475041564,0.328144901,31
15382,-0.703811497,0.313607139,0.677470441,122
15384,-0.369703903,0.477660773,0.857286943,33
15388,-1.413014181,-3.443386706,0.485742984,894
15389,-0.633100447,-3.002117344,0.427921222,1247
15392,-1.983632954,-0.997404586,0.689277464,248
15396,-1.712787475,-0.689209656,0.916454456,320
15397,-1.762932942,-0.650986253,0.754267055,322
15398,-0.232476375,0.076391168,0.033341452,41
15400,-0.692354034,0.107108969,0.476624938,41
15403,-0.476505017,0.245801882,0.717835453,82
15405,-0.467352801,-3.485023316,0.716830884,1171
15408,-0.604840903,0.170474879,0.56814405,92
15416,-1.000300762,-0.119716991,0.676054046,121
15419,-0.657918842,-0.076454496,0.065087357,23
15423,-0.864078275,-0.167963786,0.000258037,22
15424,-0.547322446,-4.054424885,0.785687702,1061
15425,-0.585212256,0.266606848,0.585588948,49
15426,-0.901731047,-0.242937514,0.206453689,64
15427,-1.588841662,-0.506759289,0.938437412,172
15429,-1.133469923,0.020602843,0.590644595,64
15430,-0.901752773,-3.413056068,0.52542404,955
15433,-0.455101651,-0.009525126,0.026842873,22
15434,-0.445254324,0.296510013,0.429737454,49
15436,-0.273094944,0.415612151,0.418257862,22
15438,-0.534499904,0.360477638,0.633971787,36
15439,-1.212564671,-0.058824475,0.662264279,92
15442,-0.54465722,-0.217254011,0.247013078,107
15443,-1.006105883,-0.199981483,0.716011796,140
15451,-1.852122775,-1.612932912,0.410433821,466
15453,-0.820804666,-0.175635292,0.275686486,47
15454,-1.25774408,-0.093495262,0.73795955,75
15455,-1.123566742,-0.313189776,0.119119575,32
15456,-1.032873955,-0.276780638,0.113239706,32
15457,-1.725280629,-0.561351148,0.792035621,230
15462,-0.605082733,0.269941434,0.655165424,48
15465,-0.975335661,-0.258858488,0.234075217,34
15467,-1.082430325,-0.033304877,0.601739589,62
15469,-1.758327182,-1.774975256,0.388449396,492
15470,-1.811273623,-0.964239465,0.480483244,325
15474,-1.227892637,-0.40016581,0.089260312,34
15477,-0.663945314,-0.125348327,0.141258901,20
15478,-0.725431447,0.224634677,0.686397194,22
15479,-1.081491097,0.005277829,0.545043564,22
15480,-1.095922006,0.025582019,0.74224536,49
15482,-0.739785915,-0.061072889,0.919625378,78
15484,-1.738112989,-0.64755824,0.9148928,241
15485,-1.82166298,-0.860443879,0.950968596,171
15490,-0.529459809,-3.103454591,0.567068025,1172
15492,-1.198630191,-11.369926506,0.958432605,630
15493,-1.830890853,-0.689879165,0.911758182,245
15494,-0.465078313,-0.14570001,0.19775202,35
15495,-2.002694974,-2.957262044,0.962263291,532
15496,-1.107069861,0.042355066,0.959824,23
15501,-1.591902738,-0.485868368,0.928610718,128
15503,-0.997400806,-0.483996437,0.380877466,88
15504,-1.830910463,-0.789955373,0.900858022,176
15506,-0.603948462,-0.175546556,0.389017003,38
15513,-1.488865502,-0.470976806,0.711004849,126
15516,-1.21462512,-0.277097488,0.954470069,71
15519,-1.198513355,-0.342945968,0.959998596,84
15521,-1.841893435,-0.850582909,0.905745464,126
15522,-0.978820566,0.051392334,0.76329233,21
15532,-2.132794824,-2.802782602,0.704707723,487
15533,-1.989342808,-1.00650394,0.663244622,161
15537,-1.709983377,-0.617715535,0.47142603,82
15538,-1.394713699,-0.401856221,0.507726791,41
15541,-1.972614001,-0.909144829,0.619860999,110
15542,-1.669645036,-0.680212066,0.468892224,126
15543,-1.64911054,-0.586941678,0.504384816,82
15544,-2.096362864,-1.650151053,0.436259028,346
15545,-2.04270559,-1.066582938,0.383479854,180
15546,-2.13324652,-1.771328586,0.427920879,362
15547,-1.908612304,-0.913277248,0.488403091,200
15550,-1.935536677,-0.830402256,0.525499654,126
15551,-0.862389473,-0.466842429,0.362173561,53
15553,-2.094244855,-1.134008533,0.479299232,216
15554,-1.77788795,-0.889961996,0.528402328,234
15556,-2.072716891,-2.130907396,0.437672455,436
15557,-1.173940524,-0.293752317,0.968703729,41
15559,-1.188573738,-0.293211776,0.531333366,18
15561,-1.968515065,-3.757409725,0.598535843,598
15564,-1.803443105,-0.706424407,0.783132284,70
15573,-1.226484567,-0.310355042,0.707773082,56
15576,-1.412018031,-0.475817312,0.632709154,131
15578,-1.6413005,-2.225373378,0.381051391,480
15579,-1.867050394,-0.852860505,0.806011539,58
15581,-1.049954935,-0.248197842,0.645866871,29
15584,-1.902285791,-0.816969502,0.707057838,71
15587,-1.967265919,-2.894699969,0.473590007,511
15589,-1.521341176,-0.35322331,0.843996353,58
15590,-1.571039753,-1.619052301,0.332745022,392
15598,-1.842405506,-0.736642133,0.46558907,74
15601,-1.845135809,-0.717888582,0.830146121,107
15604,-0.75169508,-0.489278561,0.206282344,19
15605,-1.171908309,-0.339367983,0.649124691,18
15606,-0.557232246,-2.805896064,0.632577152,1194
15608,-1.87845132,-2.434077055,0.450879577,451
15609,-1.748401183,-0.711574895,0.869464028,18
15620,-0.970817973,-0.588958929,0.332928179,20
15621,-0.976265219,-0.422927565,0.407670258,20
15626,-1.582725811,-0.555868411,0.81549789,117
15629,-1.526913399,-0.492021744,0.739979274,98
15630,-0.597317198,-2.97330143,0.515199001,1062
15632,-1.548170056,-0.519926567,0.688140876,115
15633,-1.632595853,-0.613505785,0.47844995,32
15634,-1.992764621,-0.859785693,0.436014874,32
15635,-1.615071337,-1.420956071,0.363203423,316
15636,-1.797163473,-0.756720774,0.4782182,80
15646,-1.776889439,-0.84064703,0.461166316,140
15652,-1.940329681,-1.314992567,0.857153057,227
15655,-1.814313746,-1.217468546,0.81789684,227
15656,-1.930684695,-2.421496585,0.419533341,396
15657,-1.857102497,-0.776159651,0.816806871,22
15660,-1.162677636,-0.61907644,0.361499374,75
15661,-1.322150415,-0.877133207,0.390089186,166
15662,-1.432953433,-1.044419321,0.328407416,197
15664,-1.313467134,-0.856757161,0.314052565,166
15666,-1.670745745,-0.903996972,0.411180849,148
15667,-1.858481064,-1.208164796,0.858193026,213
15668,-1.603133413,-2.297442085,0.409313158,415
15670,-1.429452331,-0.56533331,0.563346556,95
15673,-1.499260224,-1.112032845,0.258718952,215
15684,-1.420462,-0.56156728,0.575350467,26
15686,-1.186887542,-0.458328213,0.52939073,26
15689,-1.787397549,-0.961912993,0.694372603,149
15694,-1.817526541,-4.127867631,0.973890181,472
15699,-1.754773286,-3.901492085,0.503095956,570
15700,-1.61761599,-0.663927269,0.51316325,46
15706,-1.937084864,-0.973729892,0.487376612,82
15707,-1.206631199,-0.62027761,0.300812757,82
15712,-1.145497874,-3.347492334,0.511464567,673
15713,-1.769363942,-1.543855141,0.420696781,230
15718,-0.766968926,-0.496661347,-0.080098189,28
15722,-1.586033392,-0.823174171,0.350330479,83
15723,-0.781451177,-4.196167423,0.377915363,762
15729,-1.54995741,-3.689128097,0.546091791,585
15732,-2.164980077,-2.171376806,0.835611736,290
15735,-1.695870152,-0.7769812,0.759776809,78
15736,-1.778417283,-1.227226628,0.54181999,145
15737,-1.869716566,-0.875158544,0.951139109,29
15743,-1.008326575,-0.519056266,0.318187074,28
15745,-1.951544626,-1.914732412,0.694728875,265
15746,-1.8984995,-0.781607981,0.840747195,28
15749,-1.795089845,-0.810289326,0.739537028,58
15750,-1.76319644,-1.515260649,0.589508748,207
15755,-1.915532078,-1.668965265,0.428581873,188
15758,-2.131841315,-1.450878913,0.893855814,125
15759,-0.647716841,-6.304922049,0.982273755,460
15760,-1.955266567,-1.366958454,0.849085408,125
15764,-1.862299786,-3.247538877,0.757345797,405
15765,-2.239206992,-2.386916601,0.676247868,243
15766,-1.598809914,-0.637709458,0.881735111,26
15769,-2.334527637,-1.956373682,0.492341159,141
15771,-1.758163427,-0.865593467,0.733527042,76
15772,-1.615658389,-0.628406128,0.800659608,26
15774,-1.1481603,-0.657292189,0.121609323,43
15777,-2.162439935,-2.834045969,0.565227899,311
15779,-1.724403673,-0.748606509,0.681952915,42
15783,-1.840316129,-1.213290065,0.782292873,109
15784,-1.739184407,-0.871442094,0.452637952,27
15788,-2.035462131,-1.599250613,0.413645271,139
15790,-2.067244673,-1.356796762,0.879420071,109
15794,-1.934244033,-1.908258802,0.450451465,211
15795,-1.446533284,-0.754419078,0.226056851,26
15796,-1.988747134,-0.880293995,0.840985891,26
15802,-1.648059855,-2.786381283,0.591802923,333
15803,-1.913097762,-1.224936885,0.899466085,74
15804,-1.802897106,-3.779142532,0.704033622,410
15807,-1.84364436,-2.754545581,0.48124601,307
15812,-2.154537381,-2.317342226,0.591893532,209
15814,-1.980838784,-1.132666253,0.896530638,41
15815,-2.184391347,-1.452835536,0.375011988,24
15818,-2.033701235,-1.145377872,0.896591161,41
15819,-1.635434873,-1.326319973,0.385980551,118
15820,-2.280122655,-1.738601256,0.488833884,88
15822,-2.035329277,-1.110402623,0.771346332,41
15823,-2.281153726,-1.862142698,0.66616174,118
15825,-1.694611634,-3.690641543,0.529561766,480
15826,-2.241180628,-2.409140091,0.73306523,174
15828,-2.204361017,-2.376149531,0.839899179,190
15829,-1.906677112,-3.709086807,0.540746004,366
15830,-1.696334926,-1.436943905,0.324520439,100
15833,-0.551905129,-3.651755257,0.61737128,772
15835,-1.623496446,-1.275628407,0.316373851,84
15837,-1.776278968,-1.362779612,0.570726219,100
15840,-2.210341946,-2.356405653,0.781143359,172
15847,-1.983213197,-3.903074308,0.775327179,321
15849,-2.157258482,-1.30294702,0.896768332,23
15850,-1.681865036,-2.569636874,0.454296817,254
15852,-1.847037589,-1.453465209,0.381275587,67
15855,-1.848615633,-1.324797429,0.585206154,67
15856,-1.722472349,-3.231752387,0.491408747,317
15857,-1.797207115,-1.082800497,0.768030745,22
15858,-1.755761638,-3.933202269,0.99215711,355
15863,-1.667391417,-1.322755359,0.30198212,67
15864,-1.86249722,-1.223859492,0.709074008,39
15866,-1.925766135,-2.846562421,0.47221209,240
15874,-1.319250614,-3.639182756,0.542861529,496
15876,-1.828823234,-1.331072827,0.387317681,22
15878,-2.384762723,-2.059767109,0.528310121,22
15880,-2.243932575,-2.269309707,0.560248901,125
15881,-1.797054117,-3.967477595,0.740155661,312
15882,-2.264858299,-2.242291214,0.944430587,51
15883,-2.173771622,-2.335830128,0.892997328,138
15885,-1.634564226,-2.435398839,0.53511052,210
15891,-1.568062634,-1.844774665,0.321468264,128
15894,-2.310973614,-1.892203621,0.709881846,22
15895,-1.535875598,-2.981997907,0.886859462,247
15896,-1.716772534,-2.003352126,0.352534848,128
15897,-0.551280437,-2.641299503,0.497663521,907
15898,-1.704081049,-1.862488653,0.817584832,111
15899,-1.801398182,-1.544062007,0.723035226,73
15900,-1.639619214,-3.188569167,0.893682635,298
15901,-1.742513363,-1.379617084,0.846099734,22
15902,-1.751271119,-1.493752376,0.791493595,54
15903,-1.559421849,-2.623307082,0.727530823,222
15904,-1.510451283,-2.501600207,0.81437679,208
15905,-1.791656318,-1.489013112,0.752885673,56
15906,-1.645076532,-3.472698092,0.917764112,359
15907,-1.781973725,-3.621747021,1.020434894,258
15908,-1.72429921,-3.631141129,0.987349796,298
15913,-1.693925424,-3.833954561,0.582179482,399
15914,-1.158806878,-4.781761089,0.828768727,359
15918,-1.995853251,-3.869924311,0.627882818,257
15919,-2.066230406,-2.072665484,0.378988092,77
15925,-1.634829726,-2.504432399,0.449590466,179
15927,-1.920573888,-3.189113627,0.991310032,179
15929,-1.603393736,-1.651736292,0.40482586,64
15930,-1.738782858,-3.548996732,0.867218166,433
15933,-1.90236174,-2.698138655,0.885205408,162
15935,-1.631450452,-3.404348046,0.943810877,311
15937,-1.791199248,-2.048922242,0.851695083,80
15938,-1.025228925,-3.746735598,0.747602869,478
15939,-1.645995657,-3.454236528,0.941123095,311
15945,-2.148917517,-2.236985076,0.402125678,63
15947,-2.242410212,-2.300960115,0.595077723,47
15952,-2.035515912,-2.093801756,0.440527416,47
15956,-1.650713712,-1.938558831,0.331610513,64
15959,-1.859896762,-2.296457271,0.383329282,80
15960,-1.884379594,-3.177625294,0.731797966,194
15961,-2.136126404,-2.195395449,0.844801155,112
15962,-1.226186927,-5.668698974,0.913110184,245
15964,-0.773206799,-3.451076728,0.430831197,474
15965,-1.618170939,-2.266884831,0.444298865,131
15967,-1.901286947,-2.762473466,0.890248004,146
15969,-2.191810323,-2.451062275,0.697582482,64
15973,-1.855833707,-3.163615065,0.508012266,163
15974,-1.557825906,-2.001191263,0.293218318,60
15978,-2.201584534,-2.44076256,0.647127687,44
15979,-1.949523951,-2.177004342,0.429610572,44
15980,-2.087605612,-2.681916742,0.422971798,93
15982,-2.134249113,-2.350891819,0.648919586,26
15985,-1.65549401,-2.975224224,0.946290434,144
15986,-1.614898757,-3.442382399,0.510669142,296
15989,-1.394525018,-4.172478874,0.683074742,346
15994,-1.542870554,-2.742717072,0.698197209,131
15995,-1.898009161,-2.46391181,0.449712666,74
15997,-1.929845065,-2.3112996,0.705250488,60
16003,-2.162114289,-2.616411934,0.743859053,26
16006,-1.639122738,-2.422542291,0.576671683,89
16010,-1.547880785,-3.751056537,0.510871646,312
16012,-1.907616627,-3.844959488,0.637106949,166
16014,-1.342860979,-4.438993564,0.664989639,328
16016,-1.963462209,-3.455289595,0.510022129,139
16018,-1.729529663,-3.650283027,0.950265623,278
16023,-1.725893328,-2.16594349,0.62606546,42
16025,-1.809420105,-3.212685706,0.827462393,136
16027,-1.52176785,-2.517454204,0.861715575,75
16028,-1.873680974,-4.032236133,0.747863503,150
16030,-2.07914311,-3.585902583,0.446677814,112
16033,-2.130807188,-2.931760288,0.652924742,42
16034,-1.776847147,-3.931542121,0.502022778,191
16037,-1.826649938,-3.031422907,0.509407512,80
16038,-2.023604922,-3.291747444,0.492586998,82
16039,-1.980212491,-3.714032006,0.509886585,117
16040,-2.033393106,-3.455048566,0.474198094,93
16041,-2.17055397,-2.713305041,0.48005399,24
16042,-2.051269034,-3.585779153,0.543453871,93
16043,-1.6361788,-2.872346522,0.937347698,80
16045,-1.477744565,-3.487935709,0.498134711,277
16047,-1.028525664,-3.931339881,0.817183758,372
16048,-1.757635088,-2.295735295,0.494589688,24
16050,-1.712276773,-2.173561823,0.656585344,24
16051,-2.151394701,-2.730418581,0.516200456,25
16052,-1.975160119,-3.34733981,0.967835474,56
16054,-0.759165663,-4.213550793,0.471114908,445
16058,-1.815553826,-3.25036036,0.770853862,126
16060,-1.628748756,-2.270495014,0.501078279,22
16068,-1.841131419,-2.554459314,0.494978073,23
16072,-1.281639961,-3.53661874,0.531359365,308
16073,-1.362268396,-4.150392534,0.841940976,277
16076,-2.055760916,-2.775496049,0.912762624,23
16079,-0.543171274,-2.807202078,0.68570798,733
16082,-1.406406139,-4.776812579,0.561265955,170
16083,-2.03160464,-3.798326581,0.566396419,86
16085,-1.99601624,-3.958268544,0.669294595,86
16086,-1.757555604,-3.25783772,0.508718127,99
16087,-1.438052361,-3.700224585,0.535052786,275
16089,-1.679162316,-2.703683804,0.569261464,45
16092,-1.883134308,-3.759921531,0.704776295,96
16093,-1.882099901,-3.689029076,0.992254761,92
16096,-0.278856049,-3.229190326,0.457674197,542
16102,-1.186633315,-7.600173701,0.94028905,92
16104,-1.768425789,-2.962863274,0.502426688,45
16106,-1.739622535,-2.952500623,0.940595043,47
16107,-1.3928446,-3.348002486,0.486848347,260
16108,-2.06944874,-3.372687625,0.421114954,45
16112,-1.803757704,-3.138209275,0.754348281,66
16114,-1.911110314,-4.093315402,0.815920028,66
16117,-1.97438305,-3.573492371,0.498256874,66
16119,-1.670223803,-3.792984865,0.614539607,192
16121,-2.083551176,-3.519038658,0.429715923,42
16123,-1.358622014,-3.6717681,0.622305472,277
16129,-1.545976004,-4.06916663,0.436331332,242
16130,-1.265125398,-3.831386866,0.523573602,292
16131,-1.4584073,-4.360830642,0.498539598,242
16132,-1.067454457,-4.864395623,1.268679652,154
16133,-2.15099632,-3.564219625,0.368974773,31
16136,-1.639264997,-4.052424099,1.012837541,109
16137,-1.892756529,-3.650346894,1.063256372,19
16139,-2.015841155,-3.656699615,0.496475138,54
16140,-2.069197582,-3.734425937,0.6159466,30
16141,-1.184093811,-4.361420488,1.006002214,263
16142,-1.915699154,-3.781878019,0.555747576,68
16149,-0.583440658,-2.831485406,0.410510137,613
16150,-1.623691372,-3.881933203,0.678430294,182
16153,-1.400644196,-4.950902747,0.736129129,94
16157,-2.101238397,-3.719931544,0.531820143,16
16160,-0.515665899,-3.900714358,0.914178443,400
16164,-2.000401821,-4.021576002,0.831436624,16
16165,-0.921334454,-4.079586281,0.957519737,294
16166,-1.955699336,-3.637071532,0.535014086,53
16168,-1.471312981,-5.046331827,1.055422467,53
16173,-1.858504187,-3.618753589,1.009143656,42
16174,-1.19815152,-4.769360581,0.702089794,136
16175,-1.392822541,-3.312416702,0.506280892,206
16176,-1.731124259,-4.022152373,0.549361345,83
16179,-1.599101511,-3.113253996,0.596721125,68
16180,-1.634841805,-3.109915577,0.451394125,28
16185,-1.33343873,-4.465996602,0.954022929,99
16186,-1.787816431,-3.173880344,0.925507286,16
16187,-1.788572204,-3.75285818,0.636456095,134
16189,-1.878258261,-3.622472369,0.498379528,55
16190,-0.465879443,-3.226261911,0.338852084,356
16202,-1.362190987,-3.750715482,0.569043126,228
16204,-1.618895909,-3.433096274,0.948900568,105
16205,-1.046649122,-3.710677444,0.614176971,272
16206,-1.443554521,-3.368356131,0.470564029,165
16212,-1.917894543,-3.768221098,0.61129248,20
16218,-1.62957626,-3.595407605,0.548537915,149
16220,-1.510216512,-4.328436425,0.828612263,60
16222,-1.6307176,-3.37841375,0.943360031,93
16223,-0.463432872,-3.618572361,0.659133182,443
16225,-1.145488077,-2.839352773,0.121495442,20
16236,-1.931625144,-3.38751552,0.930052611,43
16237,-0.904295478,-3.956410501,0.438805655,271
16238,-1.846972453,-3.792315058,0.515287735,47
16240,-0.587266431,-3.928487252,0.804300938,342
16241,-1.604183725,-3.357988959,0.944274516,80
16248,-0.675631334,-3.199026989,0.432531658,492
16255,-1.641778291,-3.497331458,0.536716666,107
16257,-1.787780096,-3.373577914,0.836191715,34
16260,-1.039857744,-3.873710671,0.785196883,234
16262,-1.332227725,-3.391821917,0.755658934,172
16263,-0.713120551,-3.310508492,0.7186854,234
16264,-1.816718831,-3.981908928,0.49923861,20
16265,-1.115235792,-5.622037184,1.027484143,20
16266,-1.729397932,-3.31286113,0.55325114,20
16268,-1.75597615,-4.044314506,0.590221939,20
16269,-1.476878272,-3.191602858,0.841232131,67
16287,-0.612738329,-4.067269455,0.485256721,338
16292,-1.380345479,-4.60489849,0.544485473,54
16293,-1.59196236,-3.683157625,0.755393412,144
16297,-1.348631821,-4.315415766,0.483307679,177
16298,-1.201552929,-3.366708205,0.631553757,194
16300,-1.466744033,-3.28571834,0.565672732,130
16301,-1.208021738,-3.409184497,0.758306442,180
16302,-0.946651736,-3.378927153,0.673202101,207
16303,-1.461279998,-3.288064725,0.607136596,130
16306,-1.531929624,-3.082493719,0.555785537,24
16307,-0.454837382,-3.350098712,0.899677476,207
16308,-1.079962749,-3.41241291,0.772793086,195
16309,-0.643295572,-3.56084023,0.893489933,207
16312,-1.742821932,-3.657988882,0.963438939,74
16314,-1.430073789,-3.174837687,0.890716583,40
16315,-1.1613724,-3.40632216,0.847901992,180
16316,-1.56151958,-3.530666065,0.962015282,24
16317,-0.24032983,-3.456126277,0.889151167,255
16320,-1.463280367,-3.385231593,0.838233083,128
16322,-1.540465394,-3.577678711,0.604669319,128
16323,-1.134691937,-3.395052813,0.874922823,178
16326,0.035328278,-7.48907826,1.278138929,24
16328,-1.31948924,-3.156060807,1.009332939,24
16330,-0.684331107,-3.302149389,0.32478624,204
16332,-1.66611245,-3.2037951,0.751742464,45
16333,-1.476018962,-3.306809412,0.671645125,115
16339,-1.451694454,-3.271196015,0.475889613,97
16340,-1.360476263,-4.125978068,0.793303962,115
16341,-1.655562689,-3.616232724,0.494066094,65
16343,-1.47227877,-4.462030613,0.511291825,43
16344,-0.986657028,-3.690756326,0.501028033,192
16347,-1.597674001,-3.479588888,0.579603682,81
16348,-0.655775157,-3.531085484,0.724521609,192
16349,-1.578744387,-3.616915146,0.804099887,115
16354,-1.734940841,-3.455751034,0.772075333,47
16355,-1.58461515,-3.355242383,0.48898347,49
16356,-1.48289925,-3.317101381,0.719470337,97
16359,-1.011273241,-3.795122415,0.774539543,176
16364,-1.724770164,-3.997514646,0.524875072,29
16369,-0.978489413,-4.190852986,0.694676927,176
16370,-1.589880688,-3.659218437,0.759235563,99
16371,-1.131625135,-4.190544874,0.725649531,162
16372,-0.974531423,-3.620274304,0.504237727,176
16373,-1.091945259,-3.748731036,0.671827407,176
16374,-1.387447784,-3.352006654,0.804175691,114
16375,-1.436660073,-3.388452011,0.721579371,114
16376,-1.51302291,-3.286387364,0.455368482,45
16377,-1.19262399,-3.649564838,0.720510633,142
16378,-1.469947665,-3.011720221,0.453878289,29
16379,-1.562705332,-3.323178215,0.768442535,61
16380,-1.608787729,-3.269941862,0.813989526,45
16381,-1.143123087,-3.384727493,0.605340668,142
16387,-1.573130817,-3.202131555,0.643267054,45
16392,-1.619443209,-3.979873704,0.631634942,28
16393,-1.468660445,-3.326979509,0.779229181,77
16394,-1.595230581,-3.192354769,0.832515361,28
16396,-0.907112672,-3.804160057,0.920711499,136
16397,-1.616959676,-3.197191253,0.576434158,26
16400,-1.198489629,-4.397768714,0.874732665,90
16407,-1.220300221,-4.397113849,0.801967724,90
16419,-1.24640724,-3.32909533,0.901712752,59
16426,-0.591708975,-3.869413683,0.889605945,242
16428,-1.570032444,-3.719497696,0.710933846,59
16429,-1.14841786,-4.185099383,0.488605004,136
16366,-1.190763129,-4.483834743,1.083350117,43
16432,-1.413126827,-4.283085997,0.365528452,74
16434,-1.497879317,-4.276406931,0.453823316,43
16438,-1.409612857,-3.289986677,0.548023918,43
16441,-1.345872248,-3.386126731,0.734055234,74
16444,-1.523671812,-3.953680796,0.515297303,58
16445,-0.565701212,-2.33619843,0.522199824,545
16447,-1.231869634,-4.279522065,1.088974595,60
16450,-1.203116464,-4.158600246,1.045566226,74
16452,-1.645075063,-4.104109564,0.470129076,26
16454,-1.339618974,-4.240033257,0.626862544,76
16455,-0.835319777,-4.233914206,0.333155853,180
16458,-1.261859745,-4.418656544,0.958212711,43
16463,-1.447735455,-3.467261395,0.592839172,43
16469,-1.428992024,-4.116438756,0.627837921,27
16470,-1.381128798,-4.426687801,0.595153633,26
16471,-1.357559812,-4.201647427,0.577607102,60
16474,-1.341143627,-4.400088799,0.740607798,26
16475,-1.149954599,-4.228767473,0.501234305,90
16476,-1.081608317,-3.607930061,0.681706992,104
16477,-1.438330743,-3.482557511,0.531188332,27
16478,-1.22888817,-4.200270179,0.411354304,90
16488,-1.551372412,-3.611993455,0.933715985,24
16494,-1.521176517,-3.601637883,0.936961657,24
16496,-1.076074839,-3.659971085,0.991263957,39
16500,-0.9199313,-4.006375023,0.486522269,109
16502,-1.43552064,-3.495718099,0.915657039,39
16503,-1.02635957,-3.77841872,0.519712922,85
16504,-1.195057615,-3.532915942,0.587951625,56
16506,-1.198582119,-3.622467634,0.524203004,38
16514,-1.006894239,-3.656527674,0.559351454,67
16515,-1.348891939,-3.569158667,0.896356002,55
16525,-1.172600957,-4.292811311,0.990827847,22
16529,-1.30699748,-4.271041843,0.422791914,38
16533,-1.105708668,-3.354731107,0.809542531,22
16535,-1.295091008,-3.82811271,0.752777294,40
16537,-1.207359967,-3.481467251,0.846598821,54
16538,-1.09374589,-3.50494716,0.699960022,65
16539,-1.452218005,-3.565500571,0.860530964,38
16540,-0.406084279,-3.458332807,0.574826523,67
16541,-1.116345383,-3.430050297,0.856810483,36
16543,-1.048543436,-3.457355595,0.871113177,23
16549,-1.132826813,-3.786472825,0.694500733,50
16550,-1.124774183,-4.292118811,0.549937657,36
16554,-1.176420772,-4.344330885,0.739834644,22
16556,-1.311082471,-3.65390635,0.862808363,50
16557,-1.229143839,-4.281496561,0.704433701,22
16559,-1.129614199,-4.331962829,0.797653491,22
16560,-1.322805209,-3.741985692,0.722589221,23
16561,-0.602313424,-3.276727809,0.886545108,50
16565,-1.058807418,-3.780242022,0.592528545,50
16567,-1.128495436,-3.456591191,0.466828057,22
16571,-1.120358027,-3.413039179,0.470998962,22
16577,-1.098288005,-4.310904013,0.63828306,38
16582,-0.601289741,-3.94179577,0.82453433,156
16584,-1.030336874,-3.648706183,0.764730931,50
16587,-0.764408636,-3.287838061,0.434026509,62
16588,-0.615051806,-3.007515646,0.458200018,324
16590,-0.905839148,-3.753683268,0.686058601,62
16592,-0.990848839,-3.398161039,0.68053282,38
16593,-1.030159613,-3.417103722,0.654345497,36
16595,-1.059314072,-3.739420536,0.605921068,50
16607,-0.780917274,-4.266272616,0.400963054,95
16620,-1.060008399,-3.675418967,0.625290671,33
16622,-1.070668971,-3.884843346,0.749812532,33
16642,-0.579718391,-3.954962986,0.60993405,170
16645,-0.915043307,-3.350663822,0.600534434,33
16651,-0.741266819,-3.405713991,0.71254881,33
16655,-0.706962312,-3.370324581,0.356147058,29
16659,-1.005522646,-3.725335495,0.503726076,18
16663,-1.167118151,-3.77815051,0.688428972,18
16668,-0.536900776,-3.312381553,0.579771108,200
16672,-0.817261284,-3.618403349,0.878802334,18
16683,-0.69567507,-3.370644719,0.89932018,18
16686,-0.633824764,-4.045993133,0.398700534,134
16692,-1.002460348,-4.077443163,0.707256422,18
16700,-0.613296316,-3.453385574,0.887712785,18
16701,-0.392343507,-3.488227787,0.933988023,53
16704,-0.901597146,-3.505269337,0.443685328,18
16712,-0.895068385,-3.529151267,0.953924744,18
16753,-0.774904208,-3.361616455,0.674506449,29
16758,-1.023700444,-4.05458924,0.572736726,29
16774,-0.196456675,-3.10968108,0.488349068,122
16781,-0.891519061,-3.595842406,0.550256898,18
16806,-0.71731075,-3.523992033,0.617523227,27
16818,1.021850197,-0.667603696,0.355270017,1179
16821,-0.590201612,-3.794430998,0.668841003,65
16822,-0.208955215,-3.478761096,0.826840439,41
16824,-0.497896969,-3.534189908,0.577989039,142
16825,-0.598797257,-4.014154384,0.727336598,65
16826,-0.297371199,-3.523697307,0.887376058,29
16828,-0.708872817,-4.159863735,0.989683924,18
16830,-0.332408673,-4.245895585,0.149197546,18
16831,-0.580626902,-3.982950439,0.885332801,76
16832,1.478010597,-5.414439527,-1.375422525,76
16835,-0.48515432,-3.577152683,0.976724944,18
16836,-0.651510858,-3.516758597,0.5429601,76
16837,-0.482495433,-3.722008001,0.975295263,18
16838,-0.250229128,-3.552793452,0.822156693,76
16840,0.943842934,-0.699259503,0.46779449,1220
16841,-0.370517106,-3.213051228,0.68594992,65
16842,-0.779705729,-3.868859708,0.502917082,54
16846,-0.545527944,-3.847135798,0.958396922,18
16847,-0.57070432,-3.762320742,0.960030639,18
16848,-0.640887105,-3.584011482,0.561328042,65
16849,0.313935886,-3.535689408,0.58516312,175
16850,-0.82478003,-4.240731331,0.383672711,43
16852,-0.613448472,-3.664568394,0.434546173,65
16855,-0.479939902,-3.664822577,0.970706598,18
16858,-0.613041003,-3.653840935,0.644447546,76
16862,-0.278967449,-3.173510187,0.415596932,65
16865,-0.949676099,-3.526729919,0.770458588,65
16876,-0.45892613,-3.340267822,0.591701759,142
16883,0.10936617,-3.119685149,0.948471452,18
16890,-0.853805579,-3.917556989,0.610277803,18
16893,-0.447457625,-3.48811878,0.638832274,164
16897,-0.482635925,-3.316373203,0.692120658,18
16898,-0.180556553,-3.305085513,0.681319458,18
16901,-0.714113641,-3.813460816,0.421928373,54
16909,1.761317004,-2.394685018,-0.857633621,18
16914,0.646421856,-3.185985456,0.962009185,18
16917,-0.436645783,-2.934190804,0.434885292,175
16920,-0.558345759,-3.277676502,0.537552496,53
16922,-0.770430403,-3.921778111,0.733409784,18
16931,-0.453379358,-3.274288336,0.328524999,53
16932,-0.620916103,-3.872472414,0.404091312,97
16943,-0.630276306,-3.767375684,0.738748505,53
16960,-0.687166701,-3.750031046,0.484286683,53
16964,-0.70965808,-3.802916133,0.538087307,41
16965,-0.760319661,-3.977661365,0.389216485,19
16966,-0.625566877,-4.149126329,0.418744234,63
16969,-0.807517697,-3.814398561,0.659149466,30
16970,-0.393231662,-2.964014042,0.751350035,200
16972,-0.795500579,-3.888978852,0.68564766,19
16974,-0.710011541,-3.775781133,0.592159832,18
16986,-0.174109953,-3.248469012,0.574147916,41
16989,-0.555552069,-3.798819756,0.846467707,30
16998,-0.601754122,-2.824525956,0.652184116,336
16999,-0.310837164,-3.192914396,0.732546941,50
17000,-0.003156247,-3.21488139,0.85675361,41
17009,-0.65058153,-3.750970097,0.426998357,41
17013,-0.364757103,-3.435099104,0.805995884,158
17015,-0.47471128,-3.174906725,0.288917661,16
17016,-0.762727429,-3.783829031,0.567482282,16
17025,-0.596342949,-4.137367706,0.533793541,48
17026,-0.510430573,-3.60146648,0.73612288,26
17028,-0.461138091,-3.242090372,0.246282588,16
17029,-0.466151202,-3.612599902,0.799694113,26
17040,-0.802562406,-3.473879088,0.716075816,26
17041,-0.341459432,-3.393776894,0.429177706,26
17053,-0.688587289,-3.751213148,0.415793323,16
17060,-0.390203859,-3.416115249,0.506276392,26
17064,-0.522346569,-3.384831911,0.431718901,16
17067,0.828306445,-2.79197201,0.440288378,16
17070,-0.605625145,-4.034041563,0.786231722,16
17071,-0.819376863,-3.513438378,0.632545291,16
17073,-0.292766252,-3.276833138,0.503383462,26
16864,-0.537964689,-3.589513779,0.706241956,16
16870,-0.487982372,-3.364857742,0.614675403,92
17081,-0.614092424,-3.915542316,0.680063908,16
17083,-0.266170285,-3.485870492,0.859921287,16
17098,1.184135483,-3.203057939,0.174772175,26
17100,-0.142526536,-3.376653509,0.683597665,24
17101,-0.175996069,-3.297687513,0.664455487,16
17104,-0.182377074,-3.424273929,0.662456893,26
17106,-0.185151545,-3.384398584,0.62609497,16
17109,1.423867237,-3.20010864,-0.170310391,26
17113,-0.255004408,-3.218364519,0.5660736,16
17116,0.737452383,-0.661197903,0.37652518,1211
17117,-0.651019796,-3.609560392,0.557903275,16
17119,-0.622115328,-3.716787326,0.585247771,16
17120,-0.569886143,-3.111762332,0.52521736,174
17121,-0.378639554,-3.638748382,0.897613034,16
17123,-0.287124823,-3.473195165,0.494630629,16
17125,-0.827351789,-3.543401384,0.793660112,26
17128,-0.406173311,-3.234073146,0.435098868,16
17129,-0.641490405,-3.716928594,0.450146345,16
17136,-0.032339757,-3.285092768,0.815218537,24
17137,0.00067674,-3.342086483,0.78931758,16
17138,4.840036139,-1.376005935,0.324571567,16
17143,-0.92356996,-3.507236118,0.777500354,16
17144,-0.374795412,-2.920670357,0.752931137,163
17150,-0.771018042,-3.678644521,0.817150287,26
17160,-0.608032842,-3.674064525,0.485967611,81
17189,-0.64366072,-3.992298766,0.33084202,26
17202,-0.555946314,-3.921197438,0.340040181,26
17222,-0.954442976,-1.065597046,0.347151702,1412
17230,-0.530972866,-3.773577634,0.684710334,59
17239,1.24336525,-0.864294131,0.674507145,1098
17254,0.516453415,-0.722023561,0.720799574,1190
17255,-0.556111993,-2.416284209,0.445480531,323
17256,-0.48533274,-2.198161752,0.328967446,301
17264,-0.522007873,-3.355780782,0.596072222,59
17277,-0.402588196,-3.160556302,0.310513735,37
17291,-0.500076871,-3.641419149,0.692471371,48
17306,0.03729512,-2.825949235,0.803591913,81
17309,-0.627605754,-3.612779987,0.510806725,26
17311,-0.138266431,-2.946828704,0.554883172,59
17318,-0.361655251,-3.416482802,0.80154606,48
17324,-0.543625329,-3.549141983,0.605907693,26
17325,-0.54457123,-3.518196438,0.390374712,48
17327,-0.647403746,-3.311720704,0.704418499,103
17329,-0.535637891,-3.61917802,0.355695687,48
17330,-0.463984917,-3.344934264,0.403572175,48
17336,-0.584195747,-3.728865351,0.357463005,37
17338,-0.423713469,-3.396022621,0.717380929,48
17341,-0.07923787,-3.160533196,0.64049034,48
17345,-0.252565041,-3.407693464,0.434918892,16
17348,-0.381620355,-3.411122081,0.254119886,16
17350,-0.120800963,-3.017164435,0.511677556,48
17353,-0.121057236,-3.163395759,0.585971807,48
17360,-0.40353955,-3.008002959,0.382875989,48
17365,0.065511332,-3.023728218,0.831006316,48
17368,-0.059152248,-2.995298017,0.781511816,103
17379,-0.136497516,-3.066696908,0.59401427,48
17381,-0.560184517,-3.53988765,0.455095905,26
17383,-0.556824083,-3.451508943,0.632730203,26
17390,1.175059794,-0.346309043,0.251903777,947
17391,-0.554873859,-3.381370447,0.506718404,37
17392,-0.593378718,-3.449491142,0.799097532,70
17393,-0.36389326,-2.02652103,0.286146529,312
17394,-0.731439549,-3.160376237,0.716425926,92
17395,-0.563627915,-3.684618817,0.780726529,37
17398,-0.521236399,-3.555785237,0.53637953,26
17399,-0.611297753,-3.564274814,0.303918677,81
17400,-0.299334802,-2.844234497,0.743511677,70
17407,-0.516096793,-3.63618506,0.654608401,16
17413,-0.624674488,-3.291110884,0.62944496,16
17419,0.000353801,-3.070494147,0.756019126,37
17422,1.35593119,-0.818258706,0.354953506,1074
17435,-0.781297245,-3.129690805,0.66154502,70
17437,-0.332400699,-3.809623565,0.872182202,16
17441,1.23658087,-0.614094401,0.276404532,1020
17442,0.021089689,-3.355607613,0.799101935,26
17443,-0.492087178,-3.761144086,0.626442517,26
17444,-0.593572526,-3.617957838,0.464180904,26
17446,-0.590404828,-3.362195899,0.465524943,59
17447,-0.101784207,-2.900121676,0.608001609,48
17451,-0.188618657,-3.027249548,0.461341373,16
17452,-0.13927475,-1.57262687,0.352486254,393
17453,-0.400538101,-3.403341757,0.755039164,26
17454,-0.590031947,-3.728017188,0.596580443,16
17456,0.003676952,-3.233132936,0.774099576,26
17458,-0.165096874,-3.171774757,0.51067088,37
17469,-0.143893266,-3.23835727,0.589856502,48
17476,1.170566958,-0.797950266,0.56282276,1078
17478,1.277788068,-0.761029007,0.259446117,1063
17479,-0.529865273,-3.203942923,0.607521778,26
17485,-0.024031228,-3.388136763,0.845434297,16
17489,0.538934251,-0.106029007,0.423546276,697
17490,1.364651214,-0.738581468,0.727631871,974
17493,-0.625382806,-3.615245129,0.377700774,48
17496,-0.430107807,-3.55612403,0.715641006,16
17497,-0.165608745,-3.29169364,0.515106966,16
17505,-0.541654818,-3.141591832,0.67772834,143
17508,-0.050359517,-3.203771579,0.700713096,16
17509,-0.039629798,-3.115067041,0.680580603,16
17510,-0.677746573,-3.20096013,0.750469409,16
17511,-0.261083188,-3.29986914,0.434054555,16
17517,0.007703398,-3.287810238,0.805632894,16
17520,-0.800658353,-3.255318527,0.698591412,16
17523,-0.519813788,-3.441977396,0.316828801,37
17525,-0.546730084,-3.833014706,0.300933527,16
17527,0.928811701,-2.698831522,-0.048880847,16
17528,-0.446553673,-3.381980583,0.639365908,16
17530,0.127353537,-1.68661163,0.720316644,453
17532,-0.740452339,-3.294181627,0.614286599,24
17535,1.083455328,-0.577588741,0.321699802,996
17536,-0.548422651,-3.177500275,0.55908769,117
17540,0.413589343,-0.200801118,0.491025547,686
17554,0.558893911,-0.131082621,0.622124208,661
17556,-0.045983663,-3.084005792,0.737154991,37
17567,-0.611095485,-3.391912115,0.477903623,26
17570,-0.230097874,-1.829125992,0.333843498,336
17576,-0.605351164,-3.151130098,0.640467461,75
17577,-0.069016356,-0.853697558,0.45962475,551
17580,-0.510449019,-3.368000067,0.326383559,16
17585,-0.642781192,-3.494526005,0.605768408,16
17594,-0.126219504,-3.136031521,0.747520441,75
17598,-0.77946281,-3.126472907,0.646672632,16
17599,-0.453913876,-2.77760663,0.289933254,16
17600,-0.624242126,-3.289403447,0.606123323,16
17603,0.006200936,-3.294994392,0.850711144,16
17604,-0.549707942,-2.355382481,0.339538493,157
17611,-0.601536843,-3.19065788,0.614850488,16
17618,-0.023636079,-3.176462795,0.782792343,16
17622,-0.616157448,-3.480371735,0.543640641,16
17626,-0.101467598,-3.250586363,0.63792491,16
17628,-0.581316986,-2.934377695,0.617099328,16
17633,-0.594569775,-2.936289831,0.584380438,16
17636,-0.654551323,-3.362115048,0.492219888,37
17641,0.123920248,-2.561183535,-0.043098136,16
17645,-0.042326762,-4.284989267,-0.485905642,16
17646,0.788973088,-0.099867432,0.505961538,800
17650,-0.038053272,-3.192649056,-0.167115472,16
17654,-0.133695765,-3.265187813,0.586186227,16
17656,-0.472821269,-2.737351693,0.344143836,79
17657,0.214761072,-2.863721813,0.253005998,16
17659,-0.194515314,-3.250729135,0.52819087,16
17663,1.117748209,-0.208034023,0.22054832,853
17668,-0.352291062,-3.676550137,0.161297683,16
17677,-0.191565968,-1.659244009,0.303420004,301
17684,-0.536812501,-2.515393426,0.392443965,162
17705,-0.296083654,-2.84591858,0.459421478,16
17706,-0.446748278,-2.342044785,0.559731502,191
17708,-0.562208731,-3.197096855,0.508001829,28
17711,-0.326890811,-2.854500925,0.428421147,16
17712,-0.534442392,-3.244039932,0.611375222,73
17713,-0.636277388,-2.842749941,0.523768875,103
17714,-0.446901788,-2.459289217,0.495706542,166
17717,-0.169646816,-1.615874548,0.421486217,416
17721,-0.460393731,-2.322473793,0.612000869,246
17730,-0.248436353,-2.47842636,0.653597577,213
17732,0.482785017,-0.192086203,0.681920617,617
17745,0.689356144,-0.667085012,0.549600955,1077
17746,-0.136526248,-3.038676581,0.703858588,28
17751,-0.233704484,-1.893023889,0.376806991,339
17766,0.568705645,-0.103006362,0.369117669,631
17768,1.361905814,-0.229500255,0.324469244,753
17769,-0.078308461,-3.169923777,0.822502132,31
17770,-0.60151837,-3.222554944,0.581134595,62
17772,0.609771049,-0.191363238,0.748857299,618
17775,-0.84646285,-2.838578266,0.618633581,46
17777,-0.387770794,-2.019869689,0.273820046,213
17778,1.347988819,-0.255725075,0.274374783,822
17780,0.884701619,-0.59447097,0.445871341,986
17781,-0.548655141,-2.524831973,0.348375134,213
17782,1.088835593,-0.258701107,0.247078213,766
17784,-0.537250588,-3.063276506,0.566276952,18
17785,-0.121232987,-2.900473082,0.693410052,18
17786,-0.604877976,-3.071970859,0.350020201,62
17788,-0.261349017,-2.974609239,0.502871512,18
17789,-0.674443592,-2.78160957,0.32638176,140
17791,0.428931767,-0.124252178,0.58888889,651
17792,-0.166878459,-2.973956645,0.626614511,18
17793,1.417703343,-0.273338532,0.42434799,753
17794,-0.259800983,-2.742517628,0.690037995,140
17795,-0.421981975,-2.257560153,0.350528487,235
17796,1.281910285,-0.208535104,0.110124906,783
17797,-0.201030135,-3.055860676,0.607776362,18
17799,-0.42215936,-2.829514276,0.735622546,46
17800,-0.465141408,-2.79343218,0.301823105,46
17801,-0.578236543,-3.245838302,0.241813564,46
17802,1.041918975,-0.767947357,0.631290096,1001
17803,-0.009552279,-2.035106046,0.594069172,328
17804,-0.545132561,-2.985773349,0.598958993,18
17805,-0.116368093,-2.769804038,0.768146456,46
17806,-0.283744772,-2.459071593,0.605244634,202
17810,-0.134889653,-2.853630467,0.689858412,18
17811,1.402048111,-0.739624176,0.625767351,927
17812,-0.225068159,-3.005630819,0.551240924,18
17813,-0.464236283,-2.969759475,0.465388317,18
17814,-0.165284087,-3.013257744,0.654669701,18
17816,-0.422306599,-2.994011503,0.546734231,18
17817,-0.185770973,-2.915815038,0.604554552,18
17818,-0.282200823,-3.0645309,0.495498863,31
17821,-0.151454426,-2.961751089,0.674177962,18
17822,-0.204689086,-2.851320919,0.616393561,18
17823,-0.187104631,-3.125147495,0.648188245,31
17824,-0.641576046,-3.308877541,0.411853701,18
17825,-0.238793232,-2.925144984,0.506202955,18
17826,-0.191876706,-2.428805696,0.591318603,257
17827,-0.537807352,-2.964650585,0.531599751,18
17830,-0.198667429,-3.061516309,0.655590527,31
17831,-0.370732347,-2.957349523,0.366646855,18
17833,-0.215164883,-2.870850413,0.578244053,18
17834,-0.133108887,-3.068433263,0.704831236,31
17835,0.158681175,-1.81141811,0.806089319,387
17837,0.387915968,-0.162735425,0.493395982,606
17840,-0.261124152,-2.841505767,0.551664386,18
17841,1.25003749,-0.689395473,0.747039734,908
17621,-0.114744888,-2.67115923,0.778669509,50
17651,-0.365684912,-2.409627978,0.580160547,157
17851,-0.42171201,-2.414308225,0.67969103,95
17854,-0.36333015,-2.614495054,0.773557424,20
17857,-0.572920008,-3.170111643,0.281518231,34
17858,-0.125684395,-3.079017801,0.761887415,20
17859,-0.473130295,-2.825404536,0.332821844,50
17862,-0.447234969,-2.367148517,0.673962789,95
17863,-0.617201025,-2.91216657,0.454911041,37
17865,0.115069482,-0.485346563,0.452177845,502
17868,-0.599737446,-3.183119559,0.679918403,22
17871,-0.601333483,-3.477583271,0.107038504,22
17873,-0.126822541,-1.464803009,0.32818364,279
17875,-0.417069639,-2.649072754,0.441880703,52
17877,-0.549787581,-3.153835625,0.352525046,37
17879,0.445583899,-0.153818886,0.607606,581
17882,-0.474427584,-2.614693221,0.411290795,67
17885,-0.204724507,-2.170689626,0.509649341,232
17887,-0.603279325,-2.707031288,0.293229201,82
17889,-0.382220433,-2.001395896,0.210826612,163
17890,-0.331638882,-2.431785531,0.764403114,24
17891,-0.422014723,-3.227785172,0.769749347,24
17892,-0.320320487,-1.842219671,0.219184392,174
17893,-0.480693793,-2.274654464,0.59686766,101
17894,-0.440063251,-2.21769636,0.292688847,174
17895,-0.562622384,-2.412446676,0.264881685,116
17897,-0.664253583,-2.823339851,0.481575386,101
17898,-0.642059292,-2.749521751,0.273101234,101
17901,-0.0712276,-2.249307102,0.722338268,218
17904,-0.042759249,-2.444664184,0.700079996,240
17905,-0.325515235,-2.473280337,0.613499725,130
17906,-0.254789238,-2.39921259,0.635533032,163
17909,-0.400555746,-2.294316055,0.535189275,196
17913,-0.298428844,-2.337070742,0.581664338,163
17914,-0.406977952,-2.407669704,0.510047195,141
17915,-0.491909832,-2.691669248,0.361718485,68
17916,-0.06678623,-1.989053956,0.555277818,277
17917,-0.061505568,-2.179357484,0.604037043,265
17918,-0.031269657,-2.422182678,0.62934182,240
17921,0.401753891,-0.109683759,0.573346696,567
17922,-0.551195406,-2.568489692,0.26115265,148
17923,-0.203395788,-2.664002471,0.761573318,159
17924,-0.465678236,-2.193564833,0.251897595,137
17925,-0.58242802,-2.607368204,0.263836829,148
17927,-0.537206258,-2.566663726,0.212607256,53
17930,-0.538367158,-2.29982216,0.350633811,53
17933,-0.646065724,-2.661385434,0.287791022,137
17934,-0.457275359,-2.072540442,0.481763724,170
17935,1.937337961,-0.410525355,0.087392382,670
17937,-0.162905584,-2.541266679,0.765122665,159
17939,-0.477656031,-2.705437644,0.392551371,53
17940,-0.551372063,-2.873127743,0.194481304,24
17941,-0.353468646,-2.754990112,0.577951493,84
17944,-0.294520324,-2.32077061,0.487355124,181
17945,-0.144956082,-2.211204886,0.55623638,225
17946,0.403719085,-2.811905465,0.67210978,225
17947,-0.29030021,-2.408897709,0.594568174,148
17952,-0.612138977,-3.152142879,0.336391707,38
17953,-0.497670528,-2.330267404,0.243353967,122
17955,-0.438277973,-2.294262292,0.110661727,24
17956,-0.713755604,-2.570355035,0.386180442,122
17957,-0.645504629,-3.035540645,0.658431113,24
17958,0.730410047,-0.136810835,0.710212878,537
17961,0.442749152,-0.174613074,0.640039725,537
17963,-0.172426171,-2.374624966,0.58028719,188
17967,0.477548033,-0.219502302,0.701566013,537
17969,-0.699203483,-2.68964979,0.460977811,54
17970,-0.441367164,-2.140077493,0.14635587,96
17972,-0.32302171,-2.176224086,0.654238796,195
17973,-0.317085116,-2.132988168,0.577702081,195
17975,-0.498870752,-2.377242038,0.226396609,107
17976,-0.593991283,-2.71817199,0.585440148,96
17977,-0.558141719,-2.999884077,0.726321263,24
17978,-0.448872359,-2.128280847,0.217151902,107
17979,-0.559698692,-2.413634447,0.488709094,129
17980,-0.494599783,-2.290265149,0.19423648,96
17981,-0.624004203,-2.841291251,0.582079438,83
17982,-0.623181498,-2.918820671,0.608101621,69
17983,-0.485090166,-2.445851869,0.131068366,24
17984,-0.500402173,-2.174287488,0.18484414,40
17985,-0.525539998,-2.280477425,0.661954341,54
17986,-0.647071151,-3.022501622,0.566379675,54
17987,0.861193179,0.01044259,0.253295425,569
17989,-0.716360377,-3.042469744,0.406744142,24
17991,-0.451973277,-2.752301204,0.455972799,40
17992,-0.754489211,-3.023102487,0.206242041,41
17994,-0.55064378,-2.478860349,0.171211582,56
17995,-0.567774925,-2.196316135,0.205768062,25
17999,-0.258379593,-1.686702393,0.290719567,136
18001,0.776607017,-0.58596292,0.619608489,902
18002,-0.565709885,-2.611675527,0.184484592,81
18003,-0.621515411,-2.827963932,0.132297935,22
18005,-0.662141492,-2.996831168,0.098597472,23
18006,-0.649946077,-2.602620416,0.529622423,50
18007,-0.588705861,-2.651295253,0.15697876,22
18008,-0.440711583,-2.10407861,0.105292721,52
18009,-0.595474634,-2.499635712,0.437942892,85
18011,-0.754055354,-2.695474762,0.389743171,63
18012,-0.576393805,-2.540481165,0.214791583,63
18013,-0.490365819,-2.399097832,0.437138877,52
18014,-0.551141565,-2.399248587,0.289257594,74
18016,-0.500451546,-2.330413404,0.130815933,21
18019,0.150422224,-0.467605417,0.37139974,393
18020,0.798800803,-0.133812914,0.777479042,484
18022,-0.747040656,-2.685500946,0.48412645,33
18024,0.797383517,-0.16449294,0.686882126,541
18026,-0.430994579,-2.160229341,0.645410287,68
18028,-0.479091091,-2.266106847,0.236632412,57
18029,0.153932097,-0.394027474,0.639403582,424
18030,-0.450497724,-1.962564344,0.187315192,18
18031,-0.402154195,-1.927790124,0.046639235,18
18032,0.523389421,-0.161486705,0.35771634,481
18033,-0.307972461,-1.804679704,0.110112829,52
18034,1.354629599,-0.261812481,0.178763793,689
18035,-0.044024616,-2.249432733,0.76992896,107
18036,-0.268467595,-2.392617102,0.661279792,41
18037,-0.079493696,-0.887290519,0.575806831,325
18039,-0.671247214,-2.563221286,0.476172321,18
18040,-0.505867491,-2.863757493,0.75568632,18
18042,1.314227504,0.034042025,0.372300443,514
18044,0.649249911,-0.164108715,0.755511645,468
18045,-0.583870095,-2.672997437,0.177354313,16
18050,-0.602196296,-2.576479844,0.29706251,16
18051,-0.360556975,-1.918855629,0.643581645,48
18053,-0.390030993,-2.037573918,0.702959009,16
18054,0.598640307,-0.015493048,0.430613079,441
18056,-0.419293356,-2.228779099,0.298911744,59
18063,-0.459539807,-0.798691382,0.377994507,1045
18064,-0.148156649,-2.254850355,0.779433086,37
18065,-0.283938764,-1.664012914,0.347465987,59
18067,-0.370639556,-2.290326443,0.73830752,81
18068,-0.303915303,-1.744465908,0.133740571,26
18070,-0.423965014,-2.607949402,0.782293853,37
18071,-0.590711245,-2.455698598,0.554079291,16
18072,-0.370141637,-2.279782896,0.697361676,81
18073,-0.173395938,-2.011628214,0.795807762,103
18078,-0.758292414,-2.147073394,0.659226543,37
18081,0.173169431,-0.388424865,0.410312153,340
18082,-0.268365813,-1.682775269,0.196449039,26
18083,-0.408238818,-2.602791992,0.832369643,26
18084,-0.073116958,-1.011230012,0.609273315,272
18088,0.540593049,-0.678732184,0.657457934,881
18095,0.500534479,-0.620656056,0.586658844,870
18097,-0.442615742,-2.509578706,0.800466449,16
18099,-0.452901095,-2.278025241,0.52994585,48
18105,-0.09810481,-2.050226626,0.567232842,94
18107,0.617739359,-0.152634361,0.681627508,408
18108,-0.357620992,-2.138080356,0.736393689,16
18112,-0.285608364,-1.919937429,0.307900501,48
18119,-0.11450844,-1.568396723,0.739254667,119
18129,0.336076328,-0.356067787,0.579891739,397
18131,0.509905578,-0.066758426,0.510504591,397
18135,-0.099897899,-2.635709457,0.832886767,26
18137,-0.232627234,-2.07255095,0.784094229,37
18139,0.088626696,-0.711865157,0.784255837,307
18143,-0.258929039,-2.258133037,0.853885577,37
18148,-0.041213647,-1.468363832,0.760725469,72
18149,-0.299993359,-1.933656126,0.660669102,37
18151,-0.091469868,-2.283805875,0.691581047,37
18152,0.005466632,-1.009614685,0.712304012,239
18155,1.49680793,-0.598278839,0.349159527,672
18156,-0.146337801,-2.273506727,0.683540812,16
18157,-0.014835146,-2.25285348,0.750558446,59
18158,-0.279824571,-2.224702736,0.790426106,37
18159,0.438039914,-0.197801756,0.655417766,386
18160,-0.165835504,-2.118114782,0.598743742,37
18162,-0.101745414,-1.813877397,0.45744658,137
18164,-0.446195445,-2.383813172,0.2904757,16
18171,0.036688958,-0.670635876,0.4185389,261
18172,0.117052205,-1.660281233,0.832234935,156
18173,-0.270527768,-1.748678792,0.562443404,111
18174,0.14772744,-1.671621153,0.777562832,156
18175,-0.42104526,-2.310488273,0.77708101,16
18176,-0.039881405,-1.235532459,0.239128629,73
18177,-0.501031448,-2.35879473,0.355916107,16
18179,-0.351636551,-2.243444298,0.820222965,26
18183,0.819920909,0.103350663,0.211896979,387
18184,0.027486019,-1.221761892,0.792669997,97
18186,-0.306168384,-2.256778025,0.839670732,26
18187,-0.127858227,-1.63726565,0.770640263,85
18188,-0.320040438,-1.903988182,0.507786837,85
18190,-0.314330626,-2.017760848,0.3080125,26
18192,0.352143894,-0.376434982,0.607986129,375
18193,0.593617729,-0.016891519,0.495968741,339
18194,1.250084999,-0.27527057,0.768879156,466
18195,0.606663685,-0.121853411,0.637701044,375
18196,-0.338927571,-1.905924517,0.475021784,85
18198,-0.174091298,-1.92679231,0.484751896,48
18202,-0.294300843,-2.044822191,0.291491634,26
18204,-0.278640133,-1.860371022,0.312441175,16
18207,0.359700486,-0.155667368,0.528086567,364
18211,-0.077832119,-1.62396761,0.811827688,16
18212,0.066055611,-0.882888279,0.334822487,136
18213,0.020820446,-1.043784763,0.336588098,118
18218,-0.121211868,-1.465266875,0.201316739,16
18219,-0.350476718,-2.136255515,0.617361111,26
18220,0.527000224,-0.057997653,0.228913835,317
18221,0.052258754,-1.330834297,0.861100127,75
18222,-0.11753286,-1.504385354,0.24131091,26
18228,-0.199997468,-1.883780027,0.791000826,16
18229,0.578582541,-0.18719246,0.715997994,353
18230,0.103013009,-1.370004084,0.668704994,206
18231,-0.004089761,-2.073222799,0.665338978,51
18232,-0.393739347,-2.048971187,0.400644152,28
18234,-0.065761622,-2.485559539,0.784695576,16
18238,0.408935537,-0.158125407,0.580304662,277
18239,-0.284908339,-1.836889355,0.581534601,64
18240,-0.297224245,-2.181795738,0.243663446,16
18241,0.61181359,-0.05459299,0.504467442,352
18242,-0.082669739,-1.407632162,0.686400904,28
18250,-0.164939145,-2.007265695,0.867810179,29
18253,-0.006786026,-1.192742247,0.29835073,67
18254,1.980939749,-0.723634821,0.401332452,478
18256,-0.061039971,-1.340347555,0.704028391,112
18259,0.079256243,-1.376324615,0.630913255,182
18260,0.021408525,-1.230675768,0.789326021,130
18263,-0.190954975,-1.608862289,0.669410407,41
18264,-0.018421799,-1.29963868,0.823215261,114
18265,1.157137875,-3.034962349,0.491418264,53
18266,0.032493633,-2.012749683,0.731921362,29
18267,0.699306624,-0.005265204,0.48946923,331
18268,-0.056065418,-1.495065551,0.828925868,53
18272,-0.075078729,-1.35655956,0.84073613,18
18278,-0.008049941,-0.911900646,0.661986208,170
18282,-0.057574624,-1.082169141,0.628596595,135
18283,0.088753507,-0.931710168,0.791385487,188
18284,-0.042936476,-1.479685005,0.829261386,70
18285,0.078605513,-2.113530572,0.743606908,29
18287,-0.029477058,-1.142035172,0.256642063,18
18292,-0.092780441,-1.307487166,0.355354271,29
18293,-0.067959005,-1.91597294,0.893111069,18
18294,-0.156752398,-1.609365531,0.3633662,18
18300,1.461777854,-0.53854574,0.29240846,593
18301,0.098866994,-0.613271799,0.671101778,210
18302,0.069159735,-1.296800892,0.846999667,29
18303,-0.161121623,-1.49132256,0.644941099,43
18304,0.038180878,-0.947692591,0.351398048,88
18305,0.937783462,-0.116704607,0.636726708,376
18306,0.630476107,-0.174091037,0.726355429,307
18310,0.124444991,-0.632476116,0.715735911,210
18323,-0.067365598,-1.833721269,0.523010233,18
18325,0.12491219,-1.919519656,0.805273016,60
18326,0.051335455,-1.427381142,0.861780964,46
18329,0.230769061,-0.378941811,0.606336317,169
18332,-0.001828031,-1.332226772,0.884776301,99
18341,2.935571468,-1.531318917,-0.068988327,295
18342,-0.009082266,-0.689805532,0.519895499,169
18343,0.365058037,-0.180629785,0.476018817,283
18356,0.154120478,-0.892242178,0.79278897,86
18358,-0.192422384,-1.729802357,0.478512825,35
18359,-0.009249947,-1.411813033,0.794181091,35
18361,-0.070304246,-1.371764811,0.37523464,53
18362,-0.037911057,-1.164285094,0.443050646,69
18363,0.082535965,-0.97803271,0.866114298,35
18366,0.022519574,-0.942233805,0.628362854,189
18369,-0.102228553,-1.295375234,0.623548339,53
18372,0.171996523,-0.926562149,0.901240079,39
18373,-0.053085167,-1.645279361,0.917531209,37
18374,0.735112299,-0.115735886,0.231776664,268
18377,0.052067408,-0.650237012,0.733103568,177
18381,-0.205425809,-1.099470043,0.785370537,90
18382,-0.104710226,-1.530061016,0.318205982,90
18383,0.033300747,-1.263470426,0.839907784,39
18386,0.750437601,0.058724499,0.430279918,256
18393,0.015994259,-0.684316489,0.458315639,159
18397,0.705458911,0.056411055,0.340591218,268
18401,-0.005768486,-1.140850733,0.370305479,24
18403,0.58851502,-0.169086041,0.693452623,242
18406,0.021128603,-1.479368767,0.862823435,41
18408,0.922744317,-0.043321855,-0.2713018,143
18409,0.138627054,-0.975898712,0.884867566,25
18411,-0.021458771,-1.034178435,0.509655289,128
18414,0.630380364,-0.023906639,0.455335308,242
18415,-0.033670003,-1.585735854,0.887503821,24
18416,0.186126981,-0.431673637,0.355575811,145
18417,-0.029306748,-1.351516033,0.878343683,40
18419,0.006486914,-1.29832559,0.835903532,24
18421,0.721580375,0.049450365,0.38594509,224
18423,0.077258509,-0.779471965,0.469723564,24
18427,0.12510854,-1.099740434,0.863011775,58
18429,0.161923284,-0.662193994,0.764295906,110
18430,0.092807471,-0.961951077,0.836003944,40
18443,0.08283697,-0.482064743,0.522376514,78
18444,0.060298195,-1.733169492,0.620320528,26
18445,0.438930104,-0.272247562,0.733129764,221
18446,0.160244015,-1.447999894,0.770498211,62
18451,0.544061005,-0.130301462,0.345452641,234
18452,0.283537228,-0.192838945,0.589903622,185
18458,1.143345134,-3.415700132,0.22538793,43
18460,-0.046012172,-0.960003695,0.576866672,26
18461,0.009748475,-1.437660144,0.532411868,62
18469,0.739678999,-0.083449252,0.43338196,297
18470,0.581720667,0.018689458,0.264228637,157
18472,0.096690591,-1.482752823,0.814938362,46
18473,0.126430257,-1.439183881,0.716761208,46
18475,0.441386575,-0.200163029,0.73095612,205
18480,-1.514447902,-3.186684704,0.548932083,1493
18481,0.177651488,-0.443146146,0.303853648,97
18483,0.309571489,-0.472041679,0.809395572,29
18484,0.026235345,-0.719958403,0.397295619,77
18487,0.098714298,-0.549147973,0.643275002,29
18488,-1.197202737,-3.246412041,0.416592999,1411
18493,0.192003105,-0.370744839,0.225635071,47
18494,0.069236416,-1.536421019,0.683026593,29
18497,0.53543996,-0.081210657,0.530166929,176
18498,0.501302656,-0.202936134,0.345486778,201
18500,0.219138721,-0.51130061,0.736613893,29
18501,0.044739509,-0.934921774,0.63112376,77
18502,0.222205793,-0.351069194,0.276782008,59
18503,0.125761285,-0.573769371,0.256284324,26
18504,0.094215315,-1.126546894,0.8823448,42
18505,0.130874201,-1.512806474,0.902069375,27
18506,0.141659056,-0.500244826,0.30933502,77
18507,-0.087436324,-1.051105718,0.356442728,42
18508,0.283140119,-0.521912546,0.777901543,57
18509,0.09956316,-1.34690143,0.896702072,27
18512,0.099995087,-0.490996061,0.560551601,26
18513,0.515327939,-0.157158089,0.278638873,168
18516,0.015266808,-0.851035008,0.350997255,27
18517,0.170066784,-0.481153663,0.652532441,26
18520,-0.020577052,-0.805296115,0.395498063,40
18521,0.012943573,-0.725178124,0.370551268,56
18522,-0.033124527,-0.861875333,0.353305569,40
18525,0.504324823,-0.219707528,0.223448492,149
18526,1.160837581,3.9125e-05,0.42431895,206
18528,0.872934556,-0.32309058,0.282154371,390
18532,-0.074363089,-0.895639598,0.355967455,58
18535,0.300444483,-0.263941339,0.632410866,101
18536,0.018195239,-0.772572732,0.312803651,25
18537,0.111450325,-0.984242613,0.756883573,43
18538,-1.644626607,-3.005908722,0.471591334,1517
18541,0.453305233,-0.178591923,0.519231073,158
18543,0.163291863,-0.694918092,0.798168264,43
18544,0.099772316,-0.753866733,0.670037411,59
18545,0.128819425,-1.074240444,0.807217101,43
18546,1.486311491,-0.515167611,-0.273077058,299
18548,0.459923447,-0.207072384,0.676448443,132
18551,-1.297543933,-3.217967396,0.426269786,1357
18552,-0.06968114,-0.970718241,0.27779429,25
18553,-0.824116597,-3.723088569,0.272875033,1302
18554,-1.269607303,-3.314965301,0.420805533,1302
18555,0.169869194,-0.445747856,0.323446254,24
18559,0.114419849,-0.363480523,0.569029017,74
18563,-1.1913901,-2.528852627,0.330329385,1119
18564,0.284207663,-0.251872205,0.541371498,116
18565,0.886596005,-0.273417321,0.19034612,320
18571,0.221883275,-0.407055132,0.368976653,86
18577,0.293052206,-0.550240404,0.729357717,548
18579,0.457257585,-0.109418988,0.460033933,86
18581,0.081470992,-0.723975506,0.837656497,23
18586,0.021174,-0.710086521,0.279818573,22
18588,-0.018459062,-0.88532485,0.685767352,22
18590,1.218749567,0.107553808,0.397438515,122
18592,0.205848678,-0.356610739,0.428293867,50
18594,0.064451652,-0.837398646,0.755830843,36
18595,-0.696028859,-0.989138701,0.194977333,729
18597,0.689286027,-0.153029663,0.420320685,230
18598,0.491518969,-0.252279387,0.297835694,105
18601,0.445618488,-0.255446082,0.324830782,94
18602,0.686406465,-0.058382352,0.697151175,160
18607,-0.051567728,-0.729204169,0.474255224,20
18608,-0.086076373,-0.918059538,0.144576841,20
18610,-1.449740394,-1.128922136,0.451015816,813
18611,0.040953743,-0.572368154,0.42083879,21
18615,0.707194783,-0.185153374,0.757074205,45
18618,0.593274914,-0.084561408,0.267026458,65
18619,0.598782852,-0.104908829,0.28012361,78
18620,0.470691865,-0.417143824,0.712313106,78
18621,0.88633217,-0.07633573,0.238284003,133
18624,0.655621791,-0.036932004,0.266662157,65
18625,0.484645823,-0.106731205,0.260771328,29
18627,0.613947728,-0.011087572,0.275341757,53
18628,0.409551623,-0.195993809,0.261830794,29
18629,0.223872551,-0.206422969,0.617610481,63
18631,-1.095807837,-3.69091061,0.223168134,1200
18636,0.520451667,-0.233956131,0.74713989,53
18639,0.241781665,-0.392966083,0.304372692,41
18640,0.316380655,-0.454783931,0.655742217,65
18642,0.399971193,-0.279361469,0.232677492,53
18647,0.468029047,-0.249754917,0.72176591,77
18648,0.780046089,-0.375112442,0.29569585,311
18649,0.140689676,-0.246568689,0.643823114,18
18652,0.492770003,-0.182413437,0.682625299,88
18654,0.424527985,-0.154453078,0.621075374,77
18658,0.742407514,-0.390737883,0.303366551,311
18660,0.277982962,-0.420380404,0.233781427,53
18663,0.335622421,-0.268475563,0.644953571,66
18664,0.242833471,-0.302136559,0.512717381,55
18674,0.297516483,-0.572287512,0.045687967,53
18675,0.222042656,-0.748038842,-0.030717731,53
18676,0.351340175,-0.307277616,0.775517152,18
18677,0.376371171,-0.39447955,0.648960333,18
18682,1.225625176,-0.267173278,0.202339879,252
18683,0.502429022,-0.132627288,0.606593864,18
18686,0.589680733,-0.080182064,0.376448472,30
18688,-0.407495269,-0.757907772,0.380173063,578
18691,0.450156827,-0.159542608,0.595499726,41
18694,1.267795134,-0.240806136,0.731477966,96
18695,0.466599554,-0.197941691,0.390721876,30
18697,0.180075455,-0.705308819,0.140050298,16
18704,-1.363573282,-2.403483877,0.246734304,961
18705,0.490896888,-0.219447564,0.400973122,37
18719,1.42005497,-0.679521607,0.562010077,283
18725,0.573365772,-0.645918288,0.543537104,441
18727,0.743886129,-0.776859008,0.664338247,441
18735,1.373038368,-0.201806766,0.199596309,97
18736,1.386049296,-0.376433272,0.187375995,232
18737,1.057550621,-0.014258197,0.249552361,59
18739,1.590941898,0.003012569,0.697716131,16
18740,1.370001936,0.071056725,0.149113325,37
18742,-0.293002457,-0.776126877,0.445280399,566
18744,0.974195774,0.023044404,0.23047877,37
18746,0.089378372,-0.674449809,0.791843942,477
18747,0.811700822,-0.031664206,0.243222105,26
18748,0.949505753,-0.200622785,0.731119873,48
18750,0.264507506,-0.558337368,0.679524394,441
18751,0.618504918,-0.163449823,0.731030746,37
18753,1.398935057,-0.809197941,0.823831678,281
18754,0.703691392,-0.128640683,0.689392628,48
18762,0.587131976,-0.251620799,0.715295342,26
18767,1.130831304,-0.260728869,0.747023841,70
18768,0.820495499,-0.243158534,0.199815763,173
18769,2.006747565,-0.14296792,-0.052202759,59
18770,0.936653061,-0.333765237,0.465869756,249
18771,1.411614727,-0.130963408,0.217304293,97
18775,0.859227526,-0.211845038,0.727539534,48
18777,0.874793786,-0.156481253,0.690672385,37
18778,0.809480749,-0.631986811,0.800364476,16
18779,0.827928657,-0.324448367,0.264145629,232
18782,0.977641748,-0.117150043,0.528678924,48
18783,1.148773132,-0.76367495,0.50891911,374
18785,0.98177,-0.043840586,0.216053571,59
18788,1.536399093,-0.271397344,0.214858141,126
18790,0.491195961,-0.079297494,0.583296766,26
18791,-1.407986637,-3.377184924,0.422309831,1049
18795,1.40663913,-0.695033911,0.475690364,289
18799,1.43622828,-0.062601758,0.155264173,59
18802,1.288943988,0.042713273,0.078731925,26
18803,1.052995285,-0.211717634,0.164730434,134
18804,0.924569221,-0.332734159,0.258902291,210
18805,1.009012305,-0.252442334,0.205115388,173
18807,0.968604034,-0.259966407,0.246426609,190
18808,0.533248685,-0.229878256,0.315051017,16
18810,0.975382857,-0.171830103,0.159002889,104
18813,0.913612234,-0.434827609,0.351534325,243
18817,0.908838608,-0.215965904,0.178638662,134
18818,0.283607353,-0.452604537,0.689132416,404
18820,1.051630506,-0.332829024,0.259105362,208
18821,0.582474388,-0.083069486,0.530966346,48
18822,0.533731484,-0.625576176,0.609955199,419
18823,0.764777811,-0.130429487,0.22040191,26
18824,0.944124547,-0.119555468,0.58754003,26
18826,0.761026736,-0.112626464,0.659079985,26
18828,1.53785304,-0.164817964,-0.006269116,61
18829,-1.323756933,-3.40633978,0.509373261,1126
18830,0.665909971,-0.730077593,0.626960572,419
18831,0.773483919,-0.084662352,0.525247974,26
18833,-1.331534201,-3.858812068,0.341172662,1038
18835,1.233403183,-0.234046286,0.659370198,48
18836,1.268533254,-0.112268032,0.190998715,61
18838,0.843905122,-0.435133804,0.341907444,232
18839,-1.400281352,-2.086205175,0.130140666,884
18842,0.631487955,-0.482572198,0.80140486,311
18844,0.672896827,-0.540041271,0.320334279,265
18845,-1.505657484,-2.424432537,0.280790208,906
18848,-1.51439904,-3.08847676,0.367274341,972
18849,0.592063231,-0.568107681,0.361360789,283
18851,-1.281201635,-3.895246532,0.693187516,1005
18852,0.691363135,-0.400970987,0.263397648,216
18853,1.28079289,-0.246944766,0.786478204,16
18854,-1.45265114,-3.470010607,0.579874134,1027
18855,-1.350692153,-3.780430345,0.488122295,1016
18856,0.273162912,-0.477249455,0.72349883,393
18857,-1.369453895,-3.567866824,0.596240172,1049
18858,1.027532998,-0.140680926,0.574137354,16
18862,0.746889192,-0.105996755,0.713788049,16
18863,0.674619068,-0.01028188,0.624978027,50
18864,0.54147494,-0.467482766,0.301693507,205
18865,0.555234471,-0.185145294,0.39440253,39
18867,0.691727432,-0.033539179,0.674356841,39
18868,-1.530702973,-3.578439686,0.499354138,972
18870,-1.661903718,-2.897638953,0.496910338,928
18872,0.589586621,-0.473700594,0.260231207,221
18873,-1.457697383,-3.666908239,0.614337682,983
18874,0.314518807,-0.481569972,0.277188086,16
18875,-1.733155049,-1.745575088,0.603990116,810
18877,0.407318293,-0.371523381,0.171432373,57
18878,-1.395164874,-3.995540112,0.694517946,950
18879,-1.612549578,-2.786480972,0.317687845,906
18881,0.644883534,-0.148985409,0.432650531,28
18884,0.764961903,-0.296016246,0.199877374,157
18888,-1.569413128,-1.669127457,0.149975553,790
18889,-1.680706023,-3.18382027,0.546115455,906
18890,1.086002578,-0.251895405,0.736131729,18
18892,0.627179142,-0.342213821,0.233143707,166
18893,-1.751727674,-2.57084384,0.611718995,851
18894,-1.597131262,-2.186475043,0.097871338,838
18895,1.223287388,-0.842098355,0.615565166,295
18896,0.371302125,-0.589259685,0.71078151,18
18897,-0.065776875,-0.95977927,-0.360933991,18
18899,-1.756381292,-2.626551608,0.444562017,873
18900,-1.776383233,-2.856002456,0.454360864,884
18901,-0.660263333,-1.088528645,-0.044579848,542
18902,-1.738950454,-3.014878249,0.606842648,884
18908,1.110303295,-0.181269798,0.58694668,18
18909,0.648414847,-0.737621083,0.6979598,375
18911,1.044400933,-0.141401155,0.189361872,48
18912,0.550994104,-0.414338265,0.193839547,171
18914,0.803381359,-0.448583262,0.333314218,187
18916,-1.568432481,-2.400176307,0.225568476,850
18918,-1.852906518,-2.672017736,0.367989454,850
18919,0.531890251,-0.147921156,0.499996329,20
18920,-1.829289466,-2.383469561,0.455290326,828
18924,-1.703765504,-2.192558058,0.069164305,801
18927,0.472041035,-0.371451699,0.143154136,139
18931,-1.616333647,-1.668337967,0.076755212,748
18933,0.152840693,-0.562180531,0.057679613,35
18934,0.735347225,-0.305394748,0.74474084,160
18935,0.672338749,-0.463056063,0.79027623,239
18936,-0.24524894,-0.898217862,-0.54737698,22
18937,-1.814613614,-1.215559017,0.558350092,718
18938,1.570290633,-0.872815741,0.859575912,160
18939,-1.850047424,-1.433603273,0.469714355,691
18943,-1.900563687,-1.742030866,0.574557136,702
18945,-0.286241714,-0.792452353,0.292343518,405
18946,-1.858669925,-2.66016595,0.506333378,799
18947,-0.622286926,-1.257047866,-0.750588688,22
18950,1.021956085,-0.429959218,0.338125622,160
18951,1.357961119,-0.210169802,0.387799383,22
18952,0.309916642,-0.57407511,0.086048792,160
18953,-1.49633441,-2.082575509,0.124247457,787
18958,-1.811652244,-3.174584266,0.627986495,1229
18959,0.486597133,-0.449668022,0.193359434,130
18961,0.653804853,-0.331025297,0.019888545,22
18963,-1.937809465,-1.660081618,0.600524826,619
18964,-0.536583135,-0.668645347,0.759807612,377
18966,-1.830532087,-1.477536606,0.552106667,742
18967,0.534264295,-0.255355545,0.120940777,24
18968,-1.786906435,-1.415345777,0.646915817,619
18969,0.684666132,-0.229720329,0.664345718,116
18970,0.076080455,-0.581626232,0.0792974,47
18971,1.121394315,-0.704420797,0.322434737,211
18972,-0.211661715,-0.730882364,-0.45245705,26
18973,-1.6979917,-1.354076257,0.17399829,589
18975,0.321589641,-0.377651837,0.041834822,64
18976,-1.682849567,-2.527530016,0.204265747,780
18977,-1.768226408,-1.725456044,0.632033762,677
18979,-1.763455327,-1.782550784,0.085185149,693
18980,0.336247469,-0.393437201,0.223401606,82
18981,0.552102984,-0.44306182,0.263223631,101
18982,-1.487357937,-1.109340044,0.701759791,527
18983,0.288223678,-0.587053466,0.447457383,249
18984,0.283341973,-0.579793839,0.411001982,289
18985,0.647089092,-0.211272644,0.583504125,85
18988,-0.933813861,-0.969231503,0.124686131,423
18989,-1.198225478,-1.11242344,0.321589514,514
18990,0.889039054,-0.682072408,0.414811216,228
18991,-0.737007724,-0.878947099,0.388827993,439
18995,0.578481365,-0.214674423,0.622026547,26
19002,0.472841671,-0.336493982,0.408890572,26
19004,0.744252324,-0.512816577,0.355890052,76
19006,-1.121157613,-3.37409292,0.372213138,990
19008,0.699400575,-0.510818715,0.811016107,120
19010,1.153895281,-0.600014127,0.291885145,90
19013,-0.361997258,-0.592938301,0.596533008,286
19015,-1.913358889,-1.629533124,0.68890224,499
19018,0.829814151,-0.549471046,0.397195665,74
19019,0.911142516,-0.747660104,0.81649176,119
19020,-0.154296382,-0.651848833,0.410785307,248
19021,0.398859987,-0.564017211,0.239555228,41
19022,-0.198988574,-0.657699804,0.438453294,297
19028,0.8356751,-0.405029965,0.727049045,26
19036,0.008379119,-0.568941262,0.622560546,170
19037,0.749497125,-0.596506636,0.828991201,88
19039,0.358665752,-0.789596246,0.762766678,197
19040,1.482425195,-0.783985274,0.741078499,26
19041,-1.877608445,-2.546363675,0.38779676,661
19043,0.306147367,-0.784881453,0.206758822,69
19044,0.418432003,-0.623637443,0.19871106,24
19046,-2.346206503,-2.837996895,0.346541583,505
19047,0.519551665,-0.586958804,0.260743357,25
19048,0.294068007,-0.57103334,0.461362075,69
19051,-1.812076927,-1.382261682,0.270597565,462
19052,-1.441083408,-3.420850146,0.675636671,785
19053,0.139312212,-0.752038233,0.139029839,55
19056,0.798074788,-0.672171859,0.857851359,69
19057,0.706199856,-0.685865026,0.492054928,166
19058,-1.481633379,-3.39334488,0.578487588,785
19059,1.377629063,-0.794745326,0.12976413,84
19060,-1.331135076,-1.02065812,0.680044951,371
19063,0.54919679,-0.517714807,0.845837086,37
19064,0.60002432,-0.500014941,0.822796528,51
19071,-1.647268149,-3.10865501,0.502201431,690
19073,0.772234892,-0.575036425,0.51045093,66
19074,-1.776408398,-3.203425345,0.74321163,635
19075,-0.266530755,-0.691516015,0.41063115,195
19076,0.913669004,-0.534751589,0.402514058,23
19078,-1.440110062,-3.556280717,0.451534405,767
19079,0.720875043,-0.750376325,0.772789277,66
19082,1.360870733,-0.881333143,0.724110763,37
19083,0.673223844,-0.399762254,0.811828777,25
19085,0.758513979,-0.792477261,0.714639316,146
19089,-1.356932018,-3.293892613,0.428768311,778
19090,0.480244681,-0.591079487,0.444433168,87
19100,0.689889686,-0.474066561,0.818867987,20
19102,0.323032475,-0.538183086,0.527575804,20
19105,-1.307396064,-1.013599201,0.685781362,339
19108,0.224818307,-0.517275782,0.616686993,62
19109,0.389568036,-0.697257198,0.645822458,116
19110,-1.274976697,-0.997654902,0.677482218,339
19117,0.112197426,-0.622937538,0.317491123,130
19119,0.056210756,-0.565043697,0.764923687,101
19122,0.889325795,-0.704490598,0.742591814,34
19123,1.15526352,-0.855248848,0.753392059,49
19124,0.964755744,-0.786755137,0.653260366,75
19126,0.447626149,-0.557499629,0.514591911,75
19132,0.16819988,-0.669298994,0.266306603,88
19133,0.204002292,-0.605840369,0.346591905,98
19137,-0.896978618,-1.156884126,0.078150796,344
19138,-0.507119036,-0.899592429,0.204498985,269
19139,-0.371981117,-0.694009191,0.298262406,133
19141,0.413473711,-0.622092367,0.334548232,45
19142,0.273867949,-0.493694913,0.746013639,58
19143,0.354703147,-0.529424418,0.75921897,58
19146,0.048911917,-0.741732352,0.189896125,73
19147,-0.880460158,-0.898646976,0.150595254,198
19148,0.317494189,-0.472160767,0.721182553,58
19150,-0.032413491,-0.764277849,0.114846732,71
19152,0.442956586,-0.511033105,0.781109481,20
19154,0.47433744,-0.589793024,0.784700511,45
19156,0.466537887,-0.592898972,0.398713928,98
19157,0.87198439,-0.672764324,0.299735758,58
19158,0.808761097,-0.649794856,0.239720497,71
19160,0.408364473,-0.762631335,0.722143371,73
19161,1.04771272,-0.650497243,0.340077137,20
19162,0.295799385,-0.578762628,0.415374683,109
19163,-0.364658539,-0.896171221,-0.000185351,32
19164,0.385987321,-0.633194963,0.301436512,20
19165,-0.00258011,-0.579015258,0.439194144,45
19168,0.05319139,-0.661222392,0.256787831,20
19169,0.535512527,-0.749095368,0.765808063,85
19171,-0.023991656,-0.585060506,0.643131371,45
19177,0.303906069,-0.620862106,0.289300542,61
19178,0.325964271,-0.471513413,0.735859069,32
19179,-1.890096625,-1.435152104,0.168765026,343
19183,-0.132661381,-0.788405675,0.195413846,158
19185,0.438316445,-0.642075112,0.745979881,47
19186,0.47916485,-0.592977789,0.555590518,47
19187,0.136696233,-0.635428693,0.349721754,105
19193,-1.854976187,-1.56700458,0.53415893,419
19197,-1.10145219,-0.840995619,0.570715079,244
19199,0.376980412,-0.545773268,0.760314989,20
19200,-0.716094951,-1.034184705,-0.308891772,20
19201,0.688391484,-0.592971221,0.237238136,33
19205,-0.977401225,-1.017609564,0.168962052,219
19209,-2.035062442,-2.003710639,0.349819421,376
19211,-1.378488584,-1.06285742,0.138889019,203
19213,-1.057382079,-0.950154599,0.088468224,144
19215,-0.082418766,-0.65767559,0.308907668,41
19216,0.265724942,-0.554062061,0.496186165,18
19218,0.391784571,-0.694183462,0.792393405,19
19221,0.357293851,-0.624762264,0.262569112,18
19222,-1.284993585,-2.24286989,0.156551106,488
19223,-0.33669088,-0.851976397,0.166753239,115
19224,-1.339765022,-1.027105267,0.68170967,224
19227,-1.676756877,-1.307219012,0.609803585,345
19228,-0.677912995,-0.702488059,0.310782521,37
19229,-0.950586404,-0.870393707,0.535462239,115
19230,0.103398343,-0.635723983,0.283659591,16
19233,-1.338189524,-3.70642081,0.645776987,598
19234,-0.492872642,-0.642364669,0.786546629,48
19235,-0.8072659,-0.784401322,0.623186639,143
19236,-1.701119704,-2.010716445,0.573153949,429
19237,-2.103391711,-2.415172638,0.484670749,345
19238,-0.057263373,-0.627854251,0.463418117,37
19239,-1.24563283,-1.041696968,0.168328544,188
19247,-1.529439708,-3.014747327,0.766667451,554
19248,0.163290138,-0.653518028,0.260454429,48
19252,-0.755184544,-0.941752822,0.223758682,146
19253,0.215985374,-0.646151271,0.26234256,16
19255,-0.292796821,-0.833590333,0.181242581,48
19258,-1.152195601,-3.753545775,0.682197219,631
19260,-0.473846521,-0.725096633,0.67258628,90
19263,-1.289180616,-0.992152823,0.676611159,213
19265,-0.497770332,-0.672457422,0.651905375,16
19266,-1.400786755,-3.565834319,0.604166436,598
19267,-0.682712823,-0.794459778,0.398566041,162
19268,-2.082658638,-2.001642507,0.276911739,318
19269,-0.371709588,-0.681848078,0.294385492,16
19271,0.117246066,-0.788928207,0.766446648,16
19272,0.153731492,-0.648253757,0.278028723,16
19274,-0.693259951,-0.699267177,0.207885894,16
19276,-1.471915366,-1.550499546,0.103936651,379
19277,-0.248805648,-0.680526902,0.472974254,61
19285,-1.114728237,-0.877070688,0.382292421,132
19286,-0.383423144,-0.788273691,0.709248708,90
19287,-0.499403246,-4.117392724,0.823007993,642
19288,-0.501348974,-0.878152966,0.163838923,149
19290,-0.444814869,-0.581609439,0.613713855,50
19292,0.044502698,-0.758162037,0.751582051,37
19293,-0.14452575,-0.74301749,0.537159746,64
19296,0.042808595,-0.749002103,0.69610272,37
19297,-0.561833688,-0.805872537,0.213945732,64
19298,-1.883947787,-2.221206631,0.3150033,419
19299,0.045536251,-0.693082492,0.815899006,16
19300,-0.651314941,-0.663375531,0.418581302,16
19302,-2.075429892,-1.620464414,0.30655194,250
19304,-0.267042003,-0.668195963,0.680530562,26
19307,-1.752017667,-1.401007897,0.66354286,268
19309,-0.148941996,-0.923857051,0.690393415,42
19313,-0.519079684,-1.040479412,-0.031909326,113
19317,-2.080361123,-1.514353767,0.092655209,216
19318,-1.462775632,-1.893915638,0.083097963,385
19320,-1.180792181,-1.060405437,0.702883151,180
19321,-0.167115331,-0.880892103,0.633369203,42
19322,-0.776316213,-0.873615252,0.147368033,57
19324,-0.056326942,-0.738458368,0.59748116,28
19330,-1.82425635,-1.844627457,0.112346087,335
19331,-0.28377248,-0.749894924,0.350813693,31
19333,-1.725544091,-2.63889937,0.330199931,433
19337,-0.171982619,-0.925515716,0.725320908,31
19339,-1.010714743,-0.858516573,0.523008502,48
19341,-0.94175447,-0.756391406,0.309172982,20
19342,-1.1203998,-0.917516948,0.080741871,48
19345,-0.971605705,-0.757345557,0.253713396,20
19346,-1.026326932,-0.899477854,0.5875309,48
19348,-0.829188812,-0.855318001,0.14304579,20
19349,-0.196734808,-0.820595298,0.721774336,20
19350,-1.838678263,-1.499468511,0.633119047,234
19351,-1.648125867,-1.271678672,0.725240794,155
19355,-0.462476068,-0.768955699,0.605850303,22
19357,-1.36444371,-1.035679959,0.04580531,77
19358,-1.77051074,-1.42654368,0.70206544,192
19359,-0.548520834,-0.971209238,0.110287787,63
19360,-1.184022186,-0.973923102,0.59368462,63
19361,-0.466271481,-0.76012079,0.630683633,22
19367,-1.91433086,-1.490933402,0.522500631,154
19368,-1.538760432,-2.129502568,0.110132295,359
19369,-1.262647245,-1.027252084,0.132182021,79
19370,-0.618408998,-1.120638926,-0.069007908,77
19371,-1.577620481,-2.458573824,0.393401834,394
19372,-1.667118741,-1.376402491,0.149908895,207
19374,-1.471339158,-1.045868568,0.072076988,63
19375,-1.446717004,-1.006867504,0.18324448,63
19377,-0.586068625,-0.963294837,0.653098648,63
19379,-1.24055664,-3.509110952,0.662353017,589
19382,-1.901964213,-1.545973149,0.413659925,237
19383,-1.19113512,-0.972218386,0.628221159,35
19385,-1.207132547,-1.06367065,0.698718005,102
19386,-1.310828209,-3.438121881,0.726822096,542
19388,-0.81846237,-0.9881054,0.628997894,64
19390,-1.773709282,-2.230726515,0.142805254,319
19391,-1.79997377,-2.864593458,0.630686959,355
19392,-1.558579076,-1.128928149,0.128267052,78
19394,-0.64644049,-0.899212689,0.660013489,35
19395,-1.633750446,-1.410679589,0.1180095,193
19396,-0.815169841,-0.7284493,0.539051796,22
19398,-1.408849401,-1.693784268,0.081209532,295
19406,-1.55721693,-3.530130425,0.573810109,407
19408,-1.6006352,-1.07428758,0.292384527,66
19409,-1.12266287,-1.027557934,0.068153898,22
19412,-1.634162111,-2.459929144,0.219188951,327
19413,-1.135896014,-3.663378875,0.688031492,514
19415,-2.259218807,-2.285662134,0.305983125,148
19419,-1.851636299,-1.444118265,0.589425552,68
19420,-2.032558636,-1.608362454,0.433089995,93
19422,-1.954992751,-1.481030158,0.185643502,119
19424,-1.461931288,-0.973545043,0.503527191,35
19425,-1.549064522,-1.191271741,0.628755543,35
19426,-1.525315974,-3.69524506,0.791662529,354
19427,-0.561709335,-0.973856869,0.069395378,20
19428,-1.948215046,-1.57147859,0.551572989,134
19437,-2.325137096,-1.969304386,-0.075985474,118
19438,-1.500093889,-1.135099712,0.608873678,103
19442,-0.694849188,-1.021698559,0.155721601,18
19447,-1.678517557,-1.119581857,0.180806104,18
19450,-1.422908538,-0.961246366,0.573044637,19
19451,-1.274810571,-3.466081268,0.64915262,510
19453,-1.167073613,-1.050571297,0.428393434,37
19455,-1.231443757,-2.161867207,0.161773304,290
19456,-0.917657635,-1.234629119,0.009015895,50
19460,-1.113745935,-1.147013825,0.681694906,26
19463,-1.806321752,-1.346316342,0.100656939,62
19466,-1.107349294,-1.104438838,0.719354738,26
19473,-1.664597579,-1.294153458,0.137238975,51
19474,-0.927696894,-1.170762898,0.699820017,16
19478,-1.69194353,-1.304137897,0.365166702,92
19480,-2.268687997,-2.245543013,0.216895718,106
19484,-1.536328597,-1.599752291,0.065639648,179
19485,-0.832485097,-1.250356271,0.778450804,16
19486,-1.480543672,-3.323556812,0.635179008,400
19488,-1.040420637,-1.199800785,0.150298492,26
19489,-1.358688073,-1.046310679,0.685205351,16
19490,-2.032561275,-1.514473139,0.304522127,39
19493,-1.16741072,-1.130191917,0.246986062,16
19497,-2.108679196,-1.467806977,-0.050266465,16
19500,-1.483313724,-1.534624833,0.05004228,154
19501,-1.576599109,-1.374836351,0.124174288,95
19502,-2.043471926,-1.665570831,0.253511202,66
19505,-1.539385028,-1.157492387,0.686407696,18
19506,-1.378039521,-1.543279722,0.082170658,174
19514,-1.406154838,-2.267797055,0.154146175,246
19516,-1.512017587,-3.220152165,0.624168062,588
19519,-1.808433718,-1.504421916,0.700612133,58
19520,-1.305454154,-2.450367468,0.442923641,278
19521,-1.256012112,-1.210655401,0.672136786,18
19524,-1.137244647,-1.180480812,0.680922366,18
19529,-1.325476466,-1.11848306,0.4284955,43
19543,-1.458815244,-1.278621525,0.110221852,31
19546,-1.729045762,-1.345232118,0.22016009,31
19547,-1.320093446,-1.105603447,0.424147989,18
19548,-1.958792157,-1.732877485,0.171152622,105
19549,-1.871784365,-2.284934263,0.443264555,186
19551,-1.474504792,-1.217376289,0.266328131,18
19552,-1.720109539,-1.362580469,0.671870051,34
19554,-1.315753557,-1.999318379,0.144185781,199
19564,-1.084709923,-1.124475346,0.224281893,20
19565,-1.648727208,-1.962227125,0.473508145,186
19567,-2.035238516,-2.095832378,0.580703289,62
19568,-2.107631536,-1.779526999,0.266252767,20
19571,-1.339041966,-2.044964825,0.076769167,186
19572,-0.994320475,-1.233743081,0.018799211,35
19575,-1.450426577,-1.833290573,0.588082411,149
19577,-1.440863675,-1.930370853,0.595578274,149
19578,-1.056403909,-1.290576197,-0.04337289,35
19579,-1.100416995,-1.302822368,0.641464327,22
19580,-1.813561702,-2.140276737,0.365922386,161
19581,-0.931253511,-1.264033312,-0.146807943,35
19582,-1.769192136,-1.287998095,0.521337485,22
19583,-0.769407173,-1.213273959,-0.265199743,35
19584,-1.365607193,-1.296623602,0.054203355,35
19585,-1.254601919,-2.328189831,0.554331559,219
19587,-1.245335977,-1.856769301,0.036873113,175
19589,-1.433969082,-2.572387859,0.322206856,216
19590,-1.318827615,-3.117955171,0.384881267,326
19591,-1.147793825,-1.259499205,-0.071393044,22
19594,-1.288700898,-1.270633897,0.222815435,51
19595,-1.775125192,-1.611703858,0.097708365,66
19598,-1.316697812,-1.782843673,0.589938001,135
19601,-1.333913952,-1.472386106,0.015394162,80
19603,0.31913656,-4.296338063,0.827676195,389
19604,-1.214387606,-1.774275196,0.19077048,145
19605,-1.290388443,-1.864404742,0.020875976,133
19606,-1.698142777,-1.410425515,0.631272392,35
19613,-1.36176788,-1.918046613,0.557949119,147
19614,-2.008966517,-1.689234396,0.101562881,22
19615,-1.718290189,-3.068206439,0.46801566,202
19616,-1.874729828,-2.138487928,0.400057049,133
19620,-1.312052431,-1.52043355,0.593148682,66
19622,-1.819226411,-1.595982819,0.644460631,22
19625,-1.801283158,-1.147025155,0.571183682,81
19631,-1.770274593,-1.997385201,0.104039363,95
19632,-1.898247322,-1.628527683,0.451291757,38
19633,-1.31464166,-1.541938327,0.624938231,66
19634,-1.167406238,-3.191915426,0.433455545,408
19635,-1.868822898,-1.684029434,0.61202347,22
19636,-1.521430671,-2.542070885,0.297555962,177
19638,-1.059731875,-1.495823728,-0.000485815,78
19639,-1.058873744,-1.461434491,-0.096233034,66
19642,-1.192098609,-1.330563823,-0.072422896,22
19644,-0.932812245,-1.295759626,-0.165715615,51
19646,-1.03478398,-1.394961976,-0.104257886,64
19648,-1.27106594,-1.800087678,0.264954208,116
19653,-1.872743762,-1.806599074,0.28975895,51
19654,-1.507193812,-1.493486095,0.392936437,66
19661,-1.375159304,-1.818619308,0.374864692,100
19665,-1.767771456,-2.961726898,0.555546745,146
19666,-1.578462228,-1.624297045,0.103259093,37
19673,-1.29234941,-1.386725171,0.271304798,50
19680,-1.460057229,-3.370779568,0.440396473,245
19683,-1.425521573,-3.458117377,0.772267262,223
19684,-1.892693656,-1.664301504,0.41959925,22
19686,-1.033921663,-1.690270177,-0.013807373,74
19689,-1.383213132,-1.412743448,0.407778666,38
19690,-1.053997921,-1.361152035,-0.015580863,36
19691,-1.228116647,-2.126547027,0.191787042,121
19693,-1.412336773,-3.347197448,0.546272521,330
19694,-1.70686187,-1.735714218,0.062415935,22
19696,-1.598603889,-2.370645383,0.578673746,121
19698,-1.830770086,-1.512146109,0.566176407,20
19704,-1.746314022,-2.445374701,0.565856769,82
19706,-1.804194279,-1.757052151,0.613176911,20
19708,-1.502045459,-1.624785744,0.113667337,21
19709,-1.728666667,-2.181893098,0.150910523,57
19710,-1.526823467,-3.500705914,0.471116228,192
19714,-1.337760864,-2.284924168,0.187740606,88
19715,-0.038722868,-3.799042247,0.223340623,341
19723,-1.526910325,-2.029880265,0.075246829,41
19724,-1.725382256,-1.960498607,0.075271784,18
19726,-1.458044614,-3.50106267,0.766716976,154
19732,-1.825858624,-2.782427521,0.464951121,88
19735,-0.996493311,-1.759977339,-0.09545189,53
19738,-1.597975541,-2.037240963,0.596165331,55
19739,-1.576604118,-2.612517878,0.31752466,99
19749,-1.663748196,-2.243270999,0.117026458,43
19754,-1.585280586,-2.006183746,0.080426645,18
19756,-1.718408256,-2.96515139,0.73740585,54
19758,-1.516402878,-2.397823775,0.149328096,65
19760,-1.570836455,-3.190402767,0.781272338,109
19761,-1.763219003,-2.852625814,0.443576865,563
19762,-1.741519303,-2.131675477,0.608148462,18
19768,-1.608701283,-2.447095962,0.676511135,76
19770,-1.700752323,-2.652174798,0.250577573,76
19771,-1.330932961,-2.127381369,0.52503787,65
19774,-1.615609083,-2.273406786,0.155859874,42
19776,-1.254818452,-4.00151043,0.512862882,174
19778,-1.438185733,-1.885587781,0.240309932,18
19779,-1.652489917,-2.146523963,0.075249627,18
19780,-1.804565668,-2.201921511,0.255075667,18
19782,-1.836550417,-2.677298358,0.406314065,53
19785,-1.501022203,-2.14769512,0.205008992,42
19787,-1.40641559,-3.507387111,0.691288373,185
19788,-1.14187989,-1.871945616,0.014444296,30
19789,-1.593750658,-2.317269802,0.549696073,52
19791,-1.575705924,-2.385045699,0.641726906,52
19794,-1.567724528,-2.965803162,0.379711332,96
19795,-1.661759506,-2.073914162,0.594085693,18
19798,-1.35896192,-1.911051582,0.224252791,18
19800,-1.586312341,-2.510691149,0.258056346,52
19805,-1.750734996,-2.666957361,0.465415841,52
19813,-1.640643027,-2.667802345,0.72471236,37
19814,-1.255817426,-3.876181018,0.853358926,125
19816,-1.764021582,-2.896256346,0.521214625,48
19817,-1.311855897,-4.799058962,1.059109063,70
19818,-1.649229965,-2.845765935,0.308227848,59
19822,-1.39224199,-3.833520643,0.475302871,136
19823,-1.578069042,-3.62905964,0.428583476,103
19826,-1.34076532,-3.439278753,0.449987662,202
19832,-1.791832515,-2.787206958,0.401526192,37
19834,-1.623158375,-2.623880464,0.351195992,37
19836,-1.774388089,-2.80250681,0.435527833,37
19839,-1.528830266,-3.604520118,0.641251407,81
19842,-1.255813125,-2.420749911,0.233362665,48
19847,-1.584098626,-2.515566748,0.600510108,48
19852,-1.656203673,-2.320555207,0.619271584,16
19855,-1.53914768,-2.799234789,0.380094381,59
19857,-1.620125616,-2.598835906,0.711456475,26
19858,-1.497354005,-3.320334835,0.596160657,147
19859,-1.346467426,-2.909993747,0.476726566,125
19861,-1.637973729,-2.58326769,0.226275799,26
19863,-1.416208086,-2.429260949,0.292845659,26
19865,-1.663792293,-2.586373197,0.281514518,16
19867,-1.347252482,-2.421458887,0.685954112,16
19870,-1.644973638,-2.79753786,0.752518407,16
19871,-1.057426218,-2.279174871,0.720450082,16
19878,-1.625481835,-2.454207443,0.692592165,16
19880,-1.217631163,-2.348509787,0.24980705,37
19881,-1.446665988,-3.626982502,0.675493987,92
19882,-1.558891171,-2.430005027,0.377170623,16
19884,-1.473804048,-3.358163881,0.660691988,213
19886,-1.365924577,-3.076767647,0.595530736,180
19887,-1.582536895,-2.48147684,0.348484231,16
19890,-1.70434245,-3.109326298,0.781129592,16
19891,-1.690672098,-3.251437675,0.656865506,26
19892,-1.710383982,-3.15971273,0.728206452,16
19895,-1.647242905,-3.277528726,0.697995195,26
19906,-1.116356099,-3.552211665,0.327332806,224
19907,-1.762920816,-3.157468046,0.440641489,26
19909,-1.433599107,-2.690824563,0.343147636,37
19911,-1.67431383,-3.122975405,0.612645045,26
19921,-1.478615663,-3.427695564,0.419127585,103
19924,-1.41577598,-3.374436541,0.55250628,202
19929,-1.457968145,-3.017639324,0.369691999,59
19931,-1.705882774,-3.1358434,0.574526225,16
19935,-1.588837818,-3.204899772,0.650016936,350
19936,-1.331666136,-3.907163461,0.227201113,114
19941,-1.381497639,-3.989894099,1.033940514,16
19942,-1.049345317,-3.442487136,0.448557665,257
19945,-1.488409628,-3.075063045,0.832450711,59
19946,-1.450227157,-2.864516838,0.817152988,37
19947,-1.496696985,-2.7447659,0.372807825,16
19948,-1.471693078,-2.718513853,0.364939827,16
19949,-1.548739867,-3.121937098,0.828160474,16
19951,-1.368515664,-2.661695057,0.769677927,26
19952,-1.272601088,-3.39693614,0.645127026,246
19954,-1.357485081,-2.672404653,0.817956824,26
19955,-1.706585408,-3.072242954,0.461074538,16
19956,-1.624347123,-3.49337152,0.327329558,48
19958,-1.529117256,-2.836136928,0.708492332,37
19961,-1.479968267,-3.133861346,0.82181581,59
19964,-1.418955934,-2.718150003,0.806164317,26
19967,1.357062679,-4.77308157,1.199625856,191
19969,-0.013669665,-4.138774279,0.670428438,191
19970,-1.431060829,-3.414476254,0.769928259,114
19973,-1.421104006,-3.310135318,0.461800303,103
19974,-1.465318054,-3.278480172,0.411528938,81
19975,-1.171101521,-3.810996565,0.99418992,81
19976,-1.382930771,-3.150953269,0.414991192,92
19977,-1.260042027,-2.913883171,0.740477982,59
19978,-1.55612123,-3.125081617,0.789498752,26
19979,-1.244424264,-3.775573661,0.910400694,70
19980,-1.232533742,-2.766933829,0.676103525,48
19981,-1.362483518,-3.873018711,0.385492314,92
19982,-1.349274939,-3.236477544,0.537779289,70
19983,-1.450612661,-3.165882559,0.60423549,103
19984,-1.431022867,-3.158186125,0.430741437,81
19985,-1.377325375,-3.138670638,0.537048559,191
19988,-1.294670408,-3.344549259,0.780728639,233
19992,-1.289772185,-3.037849343,0.679138982,103
19997,-1.493209102,-3.629866092,0.554936386,48
19998,-1.139133339,-2.745312408,0.749097107,48
19999,-1.41765895,-2.831693536,0.824604667,26
20003,-1.499094568,-3.233483153,0.695847883,301
20005,-0.933056289,-3.950350367,0.004932675,147
20006,-1.387766468,-3.213731065,0.717372915,290
20007,-1.331789057,-3.465186801,0.659253652,180
20008,-0.9037381,-2.56793952,0.813499779,26
20009,-1.157309296,-3.692145299,0.827533187,114
20010,-1.328836752,-3.16117512,0.402788568,103
20011,-1.353257821,-3.780895944,0.631376925,70
20013,-1.602300169,-3.206887083,0.669535375,317
20014,-1.518323581,-2.990018521,0.662502638,48
20016,-1.024271611,-4.200071229,1.105197973,48
20026,-1.216456528,-4.195738304,1.137556827,16
20030,-1.101834668,-2.754111855,0.808102508,37
20032,-1.59311877,-3.43297768,0.531439619,16
20035,-1.459547126,-3.186669647,0.394155245,48
20038,-1.427032669,-3.565879227,0.516094086,70
20042,-0.922117056,-3.814931583,0.720123503,136
20043,-1.327061313,-3.166342953,0.371621945,70
20046,-1.309552355,-2.606829245,0.561083844,16
20049,-1.785985483,-3.196592207,0.65043808,345
20066,-1.266255491,-3.093929362,0.72740753,59
20069,-0.480094198,-3.083126799,-0.335827262,103
20070,-1.323596256,-3.193003099,0.794472388,37
20071,-1.232525123,-2.753508294,0.715559558,16
20073,-1.278771918,-2.959889229,0.381685075,70
20076,-1.347691653,-3.115476863,0.488562915,136
20078,-1.543606479,-3.575499013,0.334197363,26
20080,-1.366623857,-3.764829597,0.926759486,16
20081,-1.503233075,-3.194030365,0.674996923,281
20082,-1.191075356,-2.629837517,0.395234225,26
20084,-1.511866043,-3.740951804,0.338480309,26
20086,-1.338102065,-3.269465075,0.815430365,114
20087,-1.54198264,-3.446460586,0.449511776,26
20091,-1.674745154,-3.279496984,0.737791798,277
20092,-1.343517275,-2.779290352,0.704362047,26
20093,-1.554897485,-3.532279927,0.465191726,16
20096,-1.13842844,-2.659159749,0.797827637,16
20098,-1.40548506,-3.530574628,0.733652637,37
20101,-1.37003331,-3.244957069,0.473414237,169
20105,-1.408480501,-2.954120464,0.684012089,48
20108,-1.308815763,-3.192277693,0.390013194,202
20111,-1.441290864,-3.214369884,0.731299529,37
20113,-1.402863943,-3.154811562,0.50578833,246
20125,-1.371961476,-3.198729014,0.607221161,257
20128,-1.422547629,-3.016793101,0.675308205,48
20130,-1.733887944,-2.871521316,0.474198955,391
20136,-1.769801986,-3.146387391,0.626956144,325
20137,-0.757507028,-2.266168231,-0.402034741,427
20139,-1.16672184,-4.145182592,0.752184468,16
20140,-1.476139302,-3.157172607,0.672499612,37
20143,-1.45395218,-3.459896778,0.663509646,26
20151,-0.742647525,-2.881322423,0.690316186,16
20152,-1.371222942,-3.018823355,0.604027426,37
20153,-1.317889611,-3.094403539,0.839703702,37
20154,-1.002104147,-3.381679842,0.220637612,147
20156,-1.410506866,-3.022141063,0.641870752,72
20158,-1.336156301,-3.070144526,0.283086538,262
20159,-1.04495219,-2.564352434,0.14453565,16
20165,-1.339189489,-3.117675913,0.790078945,70
20168,-1.640734726,-3.290086812,0.745747305,224
20176,-1.423479475,-3.225349306,0.785709608,160
20178,-1.392019518,-2.89477349,0.70506405,16
20179,-1.250370557,-2.980750967,0.68603937,16
20181,-1.391007049,-3.23793842,0.583157318,70
20184,-1.202596487,-2.957337363,0.860216693,26
20185,-1.498784175,-3.23210646,0.756791772,114
20189,-1.192954015,-3.498105592,0.528515438,125
20190,-1.670814506,-3.041502723,0.568431602,316
20191,-1.664389263,-3.120794646,0.646398536,290
20192,-1.465961043,-3.205679988,0.63613345,158
20193,-0.913186822,-3.644800952,0.969969392,70
20194,-1.025556388,-3.796090759,0.970661484,37
20195,-1.355901087,-3.00467481,0.524884827,70
20205,-1.350157203,-3.24555657,0.868654209,16
20207,-1.299929072,-3.445191249,0.444703851,103
20212,-1.41434875,-3.347347993,0.830997512,92
20214,-1.532058882,-3.184144643,0.742549878,70
20215,-1.716923478,-3.183117109,0.6874486,277
20216,-1.153369024,-3.768621839,0.817258448,37
20218,-0.614460036,-3.840511813,0.248070934,114
20219,-1.21978353,-3.132159655,0.765339206,16
20223,-1.589851589,-2.978566601,0.351172108,320
20224,-1.370954067,-3.198247054,0.548446663,70
20225,-1.032624786,-2.769501686,0.895193132,16
20227,-1.527521495,-3.256211428,0.780516309,138
20232,-1.69809307,-2.730572815,0.397383534,394
20237,-1.434457329,-3.128137279,0.785305403,59
20239,-0.832799316,-3.562590677,0.955723001,92
20240,-0.831752502,-3.95822318,1.095347107,26
20241,-1.395162641,-3.224673818,0.619776745,26
20243,-0.414366998,-4.003936652,-0.307817584,103
20246,-1.267037867,-2.873684347,0.386267733,26
20250,-1.358245187,-3.389361189,0.725438582,16
20251,-1.51545909,-3.269390651,0.763901099,189
20255,-1.66232258,-2.698471217,0.411839915,383
20256,-0.688992596,-4.281066621,1.00187643,16
20262,-1.307298389,-3.261662953,0.864877465,26
20265,-1.712275541,-3.054908402,0.621605487,294
20275,-1.525020893,-3.158038337,0.667226677,229
20279,-1.586022053,-3.158266501,0.64879544,231
20288,-0.643624158,-4.342634887,0.051305726,26
20289,-0.743869871,-4.222935332,-0.083120309,37
20293,0.08571288,-3.996235716,1.152072541,70
20294,-1.359688463,-3.329236632,0.482940383,70
20296,-1.86740186,-3.001946798,0.537785041,323
20297,-0.892187964,-4.144150008,0.506071709,16
20301,-1.611591598,-3.235313031,0.712601334,204
20306,-1.53742491,-3.346517257,0.746859686,92
20310,-1.286636934,-3.1400482,0.767701405,16
20313,-1.653601051,-2.977699854,0.565647192,298
20318,-1.406798382,-3.072342703,0.762329539,26
20320,1.967061512,-3.14469151,-0.041246388,16
20322,3.602860695,-6.566007192,-2.568203221,81
20325,-1.276662872,-3.248219142,0.373611078,70
20326,-1.665966248,-3.16877902,0.641751051,233
20327,-1.278305464,-3.288361473,0.388448259,70
20328,-1.399828258,-3.320049999,0.64844804,16
20330,-1.461664448,-2.502187781,0.181287892,385
20331,-1.655381009,-2.569278412,0.158527413,411
20332,-1.672657819,-3.26436592,0.754105515,204
20333,-1.624512525,-3.311250576,0.778059678,105
20334,-1.713502073,-2.606000027,0.340196227,397
20337,-1.60219228,-3.292356708,0.739897798,103
20338,-1.399149169,-3.205466636,0.651003222,180
20339,-1.76913549,-2.67795928,0.421529203,385
20344,-1.057879104,-3.789660097,0.675695761,16
20345,-1.532725441,-3.232105227,0.752535732,81
20352,-1.368565816,-2.962736373,0.447435929,26
20362,-1.161769628,-1.653374814,0.044411877,630
20364,-1.433664471,-2.218620097,0.079275727,429
20365,-1.027533451,-2.382197512,-0.1393344,16
20366,-1.54173946,-2.417960249,0.032824869,416
20370,-1.495040271,-2.434015518,0.106037155,400
20373,-1.408625075,-3.360931076,0.616860095,123
20376,-1.500210736,-3.179655482,0.814028724,48
20377,-1.468066728,-3.189641062,0.798624657,70
20381,-1.379687469,-1.766872875,0.210226405,630
20386,-1.262667991,-3.281737231,0.744525696,16
20391,-1.857675902,-2.771521639,0.507350552,362
20394,-2.21160546,-0.686854517,0.142048689,1036
20397,-1.92630001,-2.932797224,0.567495131,334
20398,-1.419807924,-2.158048789,0.007980017,418
20399,-1.504669645,-3.16447648,0.738359303,48
20400,-1.317911138,-3.488826596,0.717176346,16
20402,-1.531540733,-2.051842792,0.426291183,463
20406,-1.560708644,-3.209059842,0.738300582,114
20407,-1.448710279,-1.822125404,0.305970328,606
20412,-1.317311981,-3.373662757,0.530584401,48
20416,-1.413982145,-1.999908166,-0.131939805,463
20419,-1.414223176,-3.275941497,0.573620381,48
20423,-1.381198681,-3.369811893,0.640730185,16
20424,-2.303176937,-0.7092254,0.257344934,1013
20426,-1.581683537,-2.603771077,0.204999284,352
20427,-1.570815146,-3.210370955,0.694376243,114
20429,-1.416135978,-2.981139645,0.477403994,48
20430,-1.370596433,-3.149061822,0.427686087,48
20431,-1.37847573,-2.827470687,0.402538548,48
20436,-1.410790892,-3.190907866,0.60794809,92
20437,-1.398847197,-3.2157179,0.818472476,16
20439,-2.557319809,-0.438121044,0.359625858,1060
20441,-1.578796581,-3.281991739,0.767326379,48
20443,-1.358359652,-3.07643395,0.39015112,16
20445,2.138820786,-5.100909304,1.651068076,16
20446,-1.380163704,-1.9263563,-0.00728101,441
20448,-1.461764203,-3.035277953,0.576757731,81
20449,-1.440860339,-2.137372309,-0.101935193,422
20450,-1.918113501,-1.919736711,0.298576821,702
20452,-1.729741807,-2.771242477,0.492748197,268
20454,-1.357069677,-3.330751266,0.795761924,72
20456,-1.491094262,-2.851524981,0.178469226,243
20458,-1.593284341,-3.170686168,0.724515056,163
20459,-1.523879973,-3.198973538,0.64633203,92
20460,-1.426787481,-2.940874751,0.554847384,48
20463,-1.964248272,-1.900189412,0.323290297,715
20464,-1.360663914,-3.154218927,0.671674037,46
20468,-1.593225018,-1.842973712,0.310639647,649
20473,-1.506783411,-3.221705422,0.537708545,138
20474,-1.316751047,-1.616718939,-0.166164678,515
20476,-2.264442492,-1.394531545,0.143464017,821
20477,-1.367440206,-2.865265622,0.637860384,26
20478,-1.468421626,-3.000842319,0.649827915,37
20480,-1.704006576,-3.290836099,0.742237074,125
20483,-1.571420392,-3.221033959,0.749133967,26
20484,-1.139984423,-3.379365472,0.873493564,37
20485,-1.685740475,-2.899489049,0.543450231,204
20488,3.956116178,-2.123802315,-2.731603021,16
20490,-1.453781591,-3.222895622,0.812432343,16
20493,-1.494460731,-2.230916619,-0.149007529,374
20494,-1.411028677,-2.870040824,0.220508081,235
20495,-1.579059882,-1.882547394,-0.052042082,456
20498,-0.908058638,-1.93816234,0.920500752,16
20499,-0.522662033,-3.518902482,1.009046481,16
20502,-2.06756896,-1.63019074,0.247791901,760
20505,-1.402802465,-2.410074222,0.148347724,16
20506,-1.418702892,-3.029566581,0.288805355,130
20508,-2.137363548,-0.76561235,0.216181442,921
20510,-1.592551808,-2.152496088,-0.121346717,376
20516,-1.478979139,-2.876084383,0.552887298,48
20520,-2.296626599,-0.818737683,0.096074092,921
20525,-1.423849923,-3.185227557,0.567706674,26
20527,-1.885746996,-1.692827444,0.054563515,684
20528,-1.797481567,-0.720287046,-0.053052725,922
20535,-1.582096833,-1.892208119,0.237751795,609
20540,-1.684889064,-2.844089277,0.657910377,233
20541,-1.535760805,-2.936204276,0.623456956,37
20542,-0.684966233,-3.450501218,0.505845957,16
20554,-1.955393434,0.744076967,0.312370358,1181
20555,-1.540157753,-2.809155373,0.545753818,26
20556,-1.612908989,-2.9424788,0.535219234,48
20557,-2.191184562,-0.961485944,0.074560527,849
20560,-1.528345279,-3.073535404,0.681308601,48
20564,-1.977402082,0.788597938,0.405833307,1192
20568,-1.851721308,-2.6812104,0.548944153,274
20569,-1.431400142,-3.168329802,0.796547422,16
20570,-1.868207042,-2.647010462,0.556475886,274
20572,1.196287564,-4.338125367,-1.179142154,16
20576,-1.552890801,-3.185541264,0.727503014,26
20580,-1.560795359,-3.118616284,0.758066748,16
20581,-1.824813529,-2.861343914,0.54857931,238
20584,-1.262736573,-3.279166142,0.435424934,26
20588,-1.323135791,-3.115493989,0.731435426,16
20497,-2.154786696,0.631781954,0.433326479,1170
20590,-1.939002453,0.851291432,0.348984426,1170
20591,-1.753987062,1.070155503,0.478076145,1170
20592,-1.535552442,-1.602497927,-0.135737546,460
20593,-1.612027139,-1.591331173,-0.156497823,460
20594,-1.604962154,-1.736758577,0.325104332,544
20595,-2.148970906,-0.955187737,-0.14063716,840
20596,-1.576358091,-2.969588557,0.518289752,26
20597,-2.112587906,-1.528323795,0.070298958,716
20598,-2.224628494,-1.185941479,0.125667957,778
20599,-1.892862941,-2.680902743,0.57107973,251
20601,-2.38360735,-1.602283468,0.285983924,730
20602,-1.753198955,-2.032991498,-0.131784846,356
20607,-1.39585805,-3.131719695,0.377935357,48
20608,-1.717917367,-3.281927982,0.705972003,83
20509,-1.60484187,-3.177439905,0.736395548,16
20617,-1.517653699,-2.812422895,0.151110645,166
20621,-1.498377871,-2.004225513,0.144187982,364
20622,-1.606293161,-3.214810649,0.749822715,16
20627,-1.665759712,-1.384857915,-0.290463086,474
20628,-2.176815463,-1.026164931,0.038086488,780
20629,-2.199815156,-1.042933969,-0.059711746,780
20631,-1.682074524,-3.261438848,0.755453209,92
20632,-1.756724863,-3.263544556,0.729045788,86
20633,-1.872368846,-1.923611789,-0.046449887,371
20634,-1.941094136,-2.127627616,-0.061356669,321
20635,-1.645077877,-2.794437482,0.195541045,155
20636,-1.720356734,-2.871070227,0.470590131,16
20637,-1.554662291,-3.085787936,0.577247578,16
20638,-1.87160329,-2.191946191,-0.071436534,308
20639,-1.77710264,-2.857592209,0.467758024,205
20643,-2.148055028,-0.936588429,-0.223293963,804
20646,-1.719698332,-2.80848697,0.260514896,155
20651,-1.622401952,-2.980420018,0.610169991,16
20653,-1.22055785,-3.152491199,0.276575536,37
20654,-2.182604128,-1.012848315,-0.001676545,757
20655,-1.558738644,-3.29035927,0.634453636,26
20656,-1.995191438,-1.966878777,-0.08294076,342
20657,-1.316341102,-3.231519891,0.433575795,26
20658,-2.832621742,0.167994813,0.386772911,961
20659,-2.240561969,-0.855986362,-0.182526075,793
20660,-1.57096329,-2.931859624,0.272293945,90
20662,-2.835039673,0.102288728,0.443057549,950
20663,-2.834534894,-0.000107599,0.376722024,972
20665,-2.212175886,-1.523902477,0.172624425,708
20667,-1.538452957,-3.211779551,0.633879188,26
20669,-1.915148929,-2.853578912,0.536265861,218
20670,-1.744147416,-2.163884842,-0.17243076,297
20677,-2.245800968,-1.74761461,0.347568172,631
20678,-2.905084916,-0.044551511,0.378718046,917
20679,-2.008091041,-2.173846082,-0.09716339,286
20680,-1.807074158,-2.953534597,0.641910902,53
20682,-2.698652943,-0.929205677,0.179569918,758
20683,-2.119211387,-2.187013801,-0.047693542,286
20684,-1.803413383,-1.920676807,0.287361356,578
20688,-1.698430209,-0.757205625,-0.343717064,1027
20689,-2.584488643,-1.120198871,-0.153440342,710
20690,-2.662287298,-0.719970262,0.411327651,844
20694,-2.206422715,-0.8718198,-0.015698477,809
20695,-2.428475344,-1.250304347,-0.168019088,699
20697,-2.071601925,-2.30136489,-0.037067888,262
20698,-2.768393456,-0.92558323,0.358015141,747
20699,-2.127095601,-1.893007856,-0.082185811,338
20700,-1.155709349,-1.64322923,-0.247764638,390
20702,-1.779952414,-2.822697222,0.248664895,107
20704,-2.12074166,-1.523067178,0.161431547,664
20705,-2.6949871,-1.132981042,-0.332717241,662
20706,-2.449949457,-1.569015227,0.309952855,635
20708,-1.648600008,-3.115787985,0.677636533,18
20711,-1.940965315,-2.317133271,-0.021696606,239
20712,-2.268400936,-2.321315595,-0.054913719,225
20713,-2.363139597,-1.667256113,0.263431555,597
20715,-2.170172877,-1.783119191,0.328460546,558
20716,-1.962589883,-2.859570721,0.559079605,161
20717,-1.964818126,-2.789504544,0.549276346,173
20718,-1.71619365,-3.131363222,0.56541926,71
20722,-1.900520485,-2.808055502,0.237499614,58
20724,-2.349776017,-2.269097274,-0.072164136,226
20725,-2.088464856,-2.712670347,0.194754326,86
20727,-1.934767771,-2.943665263,0.558099958,123
20728,-2.326289038,-1.604830201,0.204820369,532
20730,-1.948238522,-1.687938415,0.186804922,375
20731,-1.78370137,-2.868411251,0.265628069,32
20733,-2.243412468,-1.722194128,0.258430106,532
20734,-2.321451163,-1.710233334,0.236946781,558
20735,-2.019998596,-2.761306118,0.21108237,58
20736,-1.955730477,-1.690017316,0.147122004,375
20741,-1.407623883,-1.512449733,-0.179137782,381
20744,-2.411683932,-2.285538484,-0.054291585,200
20745,-2.23908864,-1.663959861,0.278448678,519
20747,-2.147202559,-1.489721732,0.22639307,545
20748,-1.843560314,-2.809673457,0.215262889,32
20749,-2.20874267,-2.021567583,0.178708928,263
20751,-2.189228908,-1.895272584,0.212562888,282
20753,-1.957215071,-2.807251716,0.600933389,85
20754,-1.907850775,-1.729301459,0.297360103,349
20755,-2.26575684,-1.615058317,0.334612417,506
20756,-2.45111257,-1.594392352,0.280866456,571
20757,-2.321073518,-2.122299414,0.121002065,213
20759,-2.300667314,-2.085307021,0.221662915,213
20760,-1.578637925,-2.828644465,0.172364737,20
20761,-1.997727418,-1.982832339,0.325709463,287
20762,-2.598182386,-1.259889869,-0.07738431,585
20763,-1.980151261,-2.727354631,0.158763525,20
20764,-2.16249255,-2.844970493,0.387307489,33
20765,-1.641422522,-1.844048103,0.28032706,431
20767,-1.917422234,-1.894142619,0.306779123,466
20768,-1.823911624,-1.668124293,0.157761158,516
20772,-1.610505715,-1.859190148,0.242834688,415
20774,-2.142013622,-1.867672319,0.148630769,256
20775,-1.602832018,-2.852038494,0.466482163,16
20779,-2.32037195,-1.095335887,-0.197961532,591
20780,-1.620222176,-2.837022921,0.551834437,16
20781,-1.842194617,-1.813464064,0.319853795,273
20784,-1.832855836,-2.928952217,0.512138767,28
20787,-1.92145377,-2.160083182,0.388912982,206
20792,-1.373884067,-2.084770414,-0.081323659,158
20794,-1.904313546,-1.969052401,0.186324525,212
20796,-2.069535767,-2.525951851,0.084223659,18
20797,-1.713400014,-2.592221967,0.444798141,41
20798,-2.363065768,-1.611974912,0.307117474,477
20803,-1.748798549,-1.783943255,0.289457122,346
20804,-2.651648199,-1.25198117,0.084470135,543
20805,-1.922825383,-2.018964065,0.227584472,195
20806,-1.671493829,-2.63973287,0.156083109,18
20807,-2.075875781,-2.068289558,-0.019978835,158
20810,-2.146536682,-1.793829605,0.337574486,426
20815,-1.635105722,-2.698710467,0.320867609,29
20816,-1.664789632,-2.175736813,-0.154726204,108
20817,-1.908924656,-2.682662156,0.569869225,29
20818,-2.379285903,-2.211731791,0.176214611,96
20819,-2.4414574,-2.224774141,-0.045555708,96
20822,-2.188416054,-2.289221518,-0.038623662,83
20823,-2.2025274,-1.949972894,-0.090605299,141
20824,-1.894034968,-2.721833564,0.538857805,29
20825,-2.468634875,-1.368794064,-0.26591962,454
20828,-2.263917409,-2.285781266,0.373083905,84
20829,-1.86797585,-1.912843231,0.282144488,363
20831,-2.229594301,-0.588323272,0.239714156,690
20833,-2.184369832,-1.899411749,0.268908456,164
20834,-2.672518936,-1.199678679,-0.026184362,482
20835,-2.317316273,-2.07480319,0.253702818,98
20836,-2.388164748,-2.254481256,0.122776217,72
20837,-1.07279867,-1.410790293,0.079836247,260
20838,-2.346881397,-2.230739049,0.257058998,72
20842,-2.197892266,-2.392001432,-0.023771942,18
20844,-2.114514493,-2.392604071,-0.020543444,18
20845,-1.991572684,-2.283907886,-0.129639474,31
20847,-1.97661918,-2.16590678,0.24100411,60
20849,-1.873467426,-2.360633324,-0.050679343,31
20851,-2.495621861,-2.336757968,0.042392205,21
20854,-1.937396415,-1.999383222,-0.048064619,93
20855,-2.31777645,-1.661374385,0.330478635,432
20857,-2.000928049,-2.268280024,0.418936425,74
20860,-2.301908167,-0.75365556,0.113160153,626
20862,-1.988666566,-2.251971603,0.420999063,58
20863,-1.746967642,-2.5181386,0.340764268,20
20866,-1.815975916,-2.178946783,-0.114194593,32
20868,-2.157747718,-1.419464298,-0.005554055,405
20871,-2.190587212,-1.758280736,0.308796098,325
20876,-2.035758801,-2.117775049,-0.072137129,32
20877,-2.37205799,-2.132427123,0.189901903,32
20878,-1.547884041,-1.971138775,-0.04736753,82
20880,-2.117250442,-1.535093957,-0.030714064,377
20882,-1.468227538,-1.703058989,-0.007203094,285
20883,-2.802584507,0.095016843,0.400169842,681
20891,-1.68457144,-1.962408709,-0.134367917,38
20893,-2.352035317,-1.594094644,0.334276987,338
20894,-1.718212816,-1.762560493,0.324146609,207
20895,-1.631212068,-1.923708186,-0.093861595,56
20896,-1.993863921,-1.694000825,0.221498463,123
20899,-1.995915952,-1.587487121,0.014267262,325
20902,-0.747009433,-1.467222751,-0.343386802,152
20907,-1.622550325,-1.733634709,0.337011449,194
20910,-2.369724054,-1.487371448,-0.296471276,286
20916,-2.53616091,-1.380191096,-0.094014507,325
20919,-2.254420737,-1.458005648,-0.080116738,380
20920,-2.147243398,-1.014676144,0.166875973,452
20921,-2.256312744,-1.657820796,0.267135327,256
20922,-2.313092176,-1.366074128,0.14983196,400
20925,-1.803283245,-0.789385281,-0.385212372,694
20926,-1.241395262,-1.707144184,0.125354876,165
20927,-1.811912365,-1.643677486,-0.143841636,79
20928,-1.980216771,-0.807302894,0.033082013,474
20929,-1.630012399,-1.644570391,0.180329968,256
20930,-1.876573906,-2.199394873,0.397310207,28
20933,-2.114266346,-2.036258644,0.175329195,60
20935,-1.627387191,-1.306134416,0.060040871,178
20936,-1.836852232,-1.569953149,0.079358636,253
20938,-1.869390446,-2.049622403,0.405198823,45
20939,-1.558606413,-1.766801499,0.345417517,161
20945,-1.909954696,-1.853946454,-0.051752311,28
20947,-1.71721479,-1.665085988,0.1355937,253
20948,-1.789994615,-1.756399723,0.373533065,119
20950,-1.64879634,-1.625554439,0.239662426,77
20951,-1.718347268,-1.85401405,0.274064156,29
20952,-1.564558582,-0.709418945,-0.255500898,710
20953,-1.701930746,-1.665607531,-0.127971548,42
20954,-1.823094564,-1.633718997,0.098074446,246
20955,-1.604026455,-1.732232,0.350658474,141
20957,-0.910823662,-1.443530589,-0.334234021,141
20958,-1.576576803,-1.811058098,0.336928196,154
20960,-1.444577838,-1.872560996,0.39132341,42
20962,-1.767310504,-1.335222985,0.041484435,76
20963,-1.572146678,-1.749123625,0.347671894,141
20965,-2.311836931,-1.637835334,0.176931416,233
20966,-2.618733709,-0.989407149,-0.07482671,375
20967,-2.285521019,-1.683000203,0.150714025,233
20969,-2.023305133,-1.489871994,0.040902847,253
20970,-1.663299753,-1.623333304,-0.110692507,176
20971,-1.946700184,-1.570799772,0.044383008,240
20972,-1.797021032,-1.642795709,-0.011072842,200
20973,-0.787362478,-1.572127393,-0.400809072,24
20976,-2.285990381,-1.67478591,0.358132567,253
20979,-1.623286934,-1.773198524,0.335456789,109
20980,-2.536931624,-1.106572397,-0.146901697,344
20981,-1.743419453,-1.511763544,0.193252852,135
20983,-1.794465859,-1.661525416,0.18213472,253
20987,-0.743842477,-1.416502954,0.017203602,38
20988,-1.733702934,-1.612135538,0.04453068,172
20991,-2.231262921,-1.256132345,0.175313736,365
20994,-1.078372285,-1.686962311,-0.019522245,24
20995,-1.577650848,-1.593964701,-0.049718987,148
20998,-1.713742715,-1.718583752,0.336860404,94
20999,-1.67672421,-1.861179647,0.260654904,185
21000,-1.697548568,-1.701224558,0.347132369,94
21002,-0.732638031,-1.526791893,-0.30695294,61
21003,-1.425222218,-1.458556159,0.090921989,107
21004,-1.735680604,-1.602256197,-0.139884822,146
21005,-2.249345479,-1.66206331,0.226894546,157
21008,-2.029924973,-1.801562208,0.347790664,180
21009,-1.508064622,-1.874580084,0.322297176,49
21011,-1.374053283,-1.496340594,0.01027452,75
21012,-1.869443309,-1.549399057,0.172781553,193
21014,-1.715114067,-1.791701315,0.282310554,75
21017,-1.419966023,-1.456489512,-0.16298585,36
21020,-2.259161081,-1.567022774,0.10254997,246
21022,-1.444685889,-1.556419999,0.216323987,23
21024,-1.716318387,-1.471851998,0.152004031,75
21025,-1.562007469,-1.537089468,0.212188457,23
21026,-1.555670979,-1.599810522,-0.124652115,58
21035,-2.221991347,-1.717523963,0.119027528,97
21037,-2.084997963,-1.449314382,0.189708607,189
21038,-1.748983047,-1.56601766,-0.167494378,73
21041,-1.796702511,-1.392344525,0.030396839,58
21042,-2.180594554,-1.605895323,0.047460531,218
21045,-1.957304353,-1.583439259,0.148357207,20
21047,-1.604912997,-1.518244836,-0.197839209,32
21050,-2.129996813,-1.661881119,0.258064096,73
21052,-1.105639111,-1.507519694,-0.29661156,20
21054,-1.547427434,-1.561962178,-0.184109568,20
21059,-1.354263524,-1.568891221,-0.220656762,20
21061,-1.773795843,-1.894824554,0.306644175,84
21062,-2.295703944,-1.207688751,-0.184441197,227
21063,-1.686743585,-1.56935555,-0.207542952,20
21064,-1.343474418,-1.760005914,0.065193729,34
21065,-2.154674457,-1.669149097,0.120186198,47
21066,-1.992798984,-1.75577242,0.13259967,165
21068,-2.328397154,-0.760881197,0.119361894,397
21069,-2.032692909,-1.295830833,0.072367368,263
21071,-1.639982469,-1.870694375,0.172209844,71
21073,-1.538823431,-1.873217109,0.207422229,32
21075,-2.218236159,-1.582437034,0.066893633,177
21077,-2.172030532,-1.67770186,0.060299298,34
21078,-1.737074777,-1.809211094,0.30836459,34
21081,-2.300362756,-1.514994161,-0.364329626,58
21082,-2.127558916,-0.923555374,-0.078918779,312
21085,-1.695380802,-1.734140132,0.009984553,111
21086,-1.20640955,-1.598602454,-0.243849942,21
21089,-2.295951951,-1.432060921,-0.239519269,166
21091,-2.258584223,-1.53046404,-0.262926162,72
21092,-2.232929564,-1.072495595,-0.142397026,231
21093,-2.07856322,-1.308842767,0.045276159,231
21094,-2.277510988,-1.432934261,-0.205869388,158
21095,-2.291877568,-1.625240266,0.158089681,26
21096,-1.880507305,-1.702066152,-0.103444268,92
21097,-2.254468587,-1.363285269,-0.063821779,183
21098,-1.679038287,-1.750692893,-0.112432284,66
21099,-2.319741611,-1.545022751,0.2975532,53
21100,-2.300978713,-1.571027085,-0.160720202,16
21102,-2.111188892,-1.569179738,-0.320536714,39
21103,-2.3671207,-1.289974869,-0.188236847,171
21105,-1.86848955,-1.666655078,-0.126676504,28
21106,-2.089204305,-1.67682106,0.048243293,136
21107,-2.120509838,-1.012070428,0.006554322,282
21109,-2.170125769,-1.275387713,0.062101018,134
21110,-2.575661259,-0.788276598,-0.027115691,232
21111,-2.351389493,-1.394879793,0.198543894,122
21116,-1.425855797,-1.709400847,-0.132298895,16
21118,-1.817316554,-1.885176331,0.337216507,28
21119,-2.094710405,-1.567866749,-0.076621969,83
21120,-1.870058483,-1.706198641,-0.02413008,44
21121,-2.225930244,-1.74229096,0.237647786,123
21122,-1.644853848,-1.803386371,-0.127875624,70
21123,-1.879402837,-1.910492951,0.306483686,18
21125,-2.133145184,-1.297800079,-0.196062862,185
21128,-1.963080164,-1.831073106,0.335883984,20
21130,-1.307834347,0.848708139,0.268084469,685
21135,-1.020816465,-1.72434661,-0.303844241,32
21139,-2.570763943,-1.288909257,-0.336640887,58
21141,-0.858366263,-1.73319958,-0.550476809,20
21144,-2.375161671,-1.477285504,0.24949144,136
21145,-1.695062435,-1.795752178,0.379504622,20
21151,-1.883044248,0.81685261,0.37652205,604
21152,-1.966690558,-1.82648678,0.170978456,58
21154,-2.541000514,-1.418067005,0.327246138,123
21158,-1.866184929,-0.652038769,-0.360488211,373
21159,-2.483118129,-1.174478249,-0.069979017,123
21160,-1.939925409,-1.628979187,0.215519169,45
21161,-2.186323282,-1.529491178,-0.279375341,20
21162,-2.306735575,0.072176071,-0.185323501,395
21163,-1.476979574,-0.700261291,-0.501981926,450
21165,-1.234741346,0.893337223,0.237142814,648
21167,-2.131064116,-1.583036715,-0.118484524,87
21168,-2.053659752,-1.483762291,0.114251287,45
21177,-2.079027525,-1.884359088,0.301633161,20
21181,-1.677759073,0.797371618,0.303469424,646
21188,-2.383493732,-0.756294639,-0.059737287,170
21192,-2.042004135,-1.642136618,-0.009031644,20
21198,-2.289294331,0.408689704,0.540566714,424
21199,-2.14921305,-1.510244418,-0.011607032,109
21202,-2.061799807,-1.561495563,-0.136810827,85
21203,-2.289684075,-1.682899344,0.248099866,72
21207,-1.730882987,-1.773142125,-0.012584928,47
21211,-2.229935625,-1.389854629,-0.224756299,85
21212,-2.384073174,-1.341056379,0.27817426,85
21215,-2.812731162,-0.314422232,0.478778315,314
21216,-2.111577985,-1.467614397,-0.104049443,97
21219,-2.113540975,-1.651720811,0.021747573,72
21221,-2.368826209,-1.721607532,0.319940128,46
21222,-2.401882635,-0.934514977,0.30019901,194
21223,-1.671403593,-1.83015356,-0.09654776,32
21225,-1.421047694,0.750419564,0.176530565,697
21230,-2.261950122,-1.717876365,0.364106766,46
21231,-2.752774664,-0.157483123,0.490190556,345
21233,-1.827318813,-0.372605293,-0.400961647,378
21234,-2.012352477,-1.625321819,-0.228551433,32
21236,-1.803642558,-1.765736503,-0.231895663,34
21237,-2.084071132,-1.398925786,-0.194131674,108
21238,-2.141802061,-1.812901112,0.265929294,34
21242,-2.127355304,-1.522756739,0.030311293,20
21246,-2.238121949,-1.554379306,0.177758301,71
21250,-2.762790864,-1.080016673,-0.316351719,33
21251,-2.643924321,-0.615509775,0.383634173,255
21254,-1.904747764,-1.762683839,-0.038271676,21
21259,-2.746328248,-0.767137004,-0.016475868,107
21260,-2.568279204,-0.689500359,0.081812664,156
21262,-2.619412659,-0.988878108,0.416667353,143
21264,-2.131068549,-1.002928811,-0.047987645,169
21267,-2.304425206,-1.320187077,-0.083481581,43
21268,-1.686355063,-1.870070569,-0.185598059,19
21269,-2.348755855,-1.266459903,0.289776299,103
21273,-2.192869294,-1.59056846,-0.013867793,55
21279,-2.064329567,-1.583286173,-0.264127584,30
21281,-2.6222983,-1.338066655,0.346819063,30
21282,-1.58762255,-1.906235662,-0.313187831,19
21283,-2.508300425,-1.007509851,-0.0554734,79
21284,-2.301423772,-0.787499959,-0.143948972,115
21285,-2.325033978,-1.151216881,-0.108765819,55
21287,-1.920016273,-1.7818458,-0.217471343,30
21288,-2.533521344,-1.188539202,0.374329386,115
21289,-2.75689782,-1.090440211,-0.207468553,18
21292,-2.863745848,0.030080686,0.479111213,235
21301,-2.697440128,-0.776727295,0.442847306,114
21305,-2.480929779,-1.276463609,-0.214184188,16
21306,-2.182541532,-1.433236498,-0.226331984,28
21307,-2.190765458,-0.277527958,-0.235540529,290
21308,-1.995512008,0.825128246,0.42571105,444
21314,-1.99181695,-0.745788699,-0.327107507,125
21316,-2.024363368,-1.642250281,-0.20995077,28
21317,-2.192951574,-1.0300846,0.01526966,77
21321,-2.56553744,-0.622387387,0.379355609,175
21323,-2.305575153,-1.492821578,0.198624618,29
21326,-2.26419335,-1.158467096,-0.047079451,29
21327,-2.75144978,0.160405102,0.337732046,301
21330,-2.740556217,-0.920026535,-0.170039048,29
21331,-1.866356416,-0.705548738,-0.210825577,139
21334,-2.181436412,0.59293779,0.444734526,433
21335,-2.082201407,-1.576282783,0.043575954,29
21336,-2.289075872,-1.413285713,0.393325502,41
21337,-2.731647968,-0.260030455,0.490503881,268
21338,-1.217552426,0.585929638,0.111548461,631
21340,-2.100940287,0.14260157,-0.255860928,323
21341,-2.225522657,0.560749389,0.464630214,433
21342,-2.578557094,-0.662150764,0.420700605,199
21343,-2.617074788,-1.007081906,0.431967807,77
21344,-2.755345328,-1.056477522,0.222188176,29
21345,-2.245344348,-1.206810384,0.18929089,18
21346,-1.499515395,0.224924414,0.088784218,598
21347,-2.897310052,-0.814326291,-0.313994153,18
21351,-2.354765474,-0.687940048,0.072300442,212
21353,-2.211290243,-1.047659831,0.183450854,65
21356,-2.394883903,-1.08790769,0.334689071,91
21358,-2.829380147,-0.778633886,-0.012431138,41
21359,-2.262854388,-1.480817849,0.409815795,18
21361,-2.802361625,-0.871427763,0.10696039,41
21362,-2.02777504,-0.901906146,-0.243454247,707
21363,-2.312789579,-1.210462172,-0.142373613,18
21364,-2.663272451,-0.858710411,0.030383407,53
21365,-1.366198472,-0.27950539,-0.204139709,740
21366,-1.945106071,0.812256346,0.284141525,409
21367,-2.240616371,-1.053648439,0.063848878,79
21370,-2.4060679,-1.291235295,0.291086529,41
21375,-2.756714573,-0.992179203,0.395620819,29
21378,-1.742843031,-0.294324955,-0.360613028,310
21379,-2.465715755,-0.283211488,-0.120396107,200
21380,-2.046964146,-0.074467363,-0.294648388,288
21381,-2.67464809,-0.92892651,-0.104177083,18
21383,-1.620975389,-0.439655769,-0.070634024,343
21384,-2.262737491,0.658341969,0.439458075,376
21387,-2.163715601,-1.118032482,0.234206538,41
21389,-2.305506877,-1.196919929,0.480054066,41
21390,-2.094097566,-1.318707953,-0.117271508,41
21391,-2.156056424,-1.183961006,-0.11340923,41
21396,-1.901139848,-0.527408968,-0.367976442,265
21398,-2.621358069,-0.631578731,0.481816716,151
21399,-2.754572905,-0.700212775,0.445106673,65
21400,-0.802727646,-1.206531709,-0.951090967,760
21401,-2.628466555,-0.657214571,0.113210734,78
21403,-2.084355552,0.943720525,0.596618512,252
21404,-2.287858941,-0.316684254,0.073278216,115
21407,-2.657772717,-0.504786424,0.493439445,127
21408,-1.570579063,1.184860274,0.056725284,418
21411,-2.36671302,-1.214629659,0.261152425,41
21412,-2.27506264,-1.125834117,0.166856993,29
21415,-2.326043131,-0.896448656,0.236656013,103
21416,-2.611314608,-0.934437904,0.462658547,53
21417,-2.681128224,-0.595415674,0.473195109,127
21418,-2.592988013,-1.103235715,0.44294923,29
21420,-2.856546164,-0.31545253,0.375460294,176
21421,-2.424770167,-1.170745933,0.469568882,29
21424,-2.261036869,-1.268266846,0.450091618,18
21426,-1.710004786,-0.114879965,-0.142114353,308
21428,-2.527729843,-0.849261658,-0.06679324,29
21429,-2.562598925,-0.809716999,0.370472201,79
21430,-1.720024516,-0.65791519,-0.224976132,115
21432,-1.898962044,-0.441720772,-0.203155319,242
21433,-2.675668541,-0.587679282,0.078720841,66
21434,-2.00532532,0.712293697,0.424264534,440
21435,-2.204288383,-1.19708394,-0.122108452,18
21436,-2.615792365,-0.886688521,0.406095364,53
21437,-2.16641971,-1.000807896,0.095879454,18
21440,-1.15011995,1.109373718,-0.066652131,461
21441,-2.338715796,-1.244908422,0.146271167,29
21442,-2.662990147,-0.476729506,0.500916953,115
21443,-2.3683644,0.498704585,0.34286195,318
21447,-2.182061162,-0.425794939,0.118432644,153
21449,-1.96916382,-0.489163357,-0.052791772,115
21450,-1.293005175,1.214373258,-0.137112496,427
21452,-2.039875996,0.712940458,0.084961764,350
21460,-2.724491737,0.674929007,0.792617688,29
21463,-2.428458189,-0.734697886,0.044409216,65
21465,-2.121804117,-0.449309047,-0.162868562,141
21466,-2.290267998,0.691696408,0.279270311,317
21467,-2.020244527,-0.845044517,-0.074743373,18
21469,-2.781791617,-0.677320431,0.374384388,18
21470,-2.704333433,-0.609234511,0.14414236,30
21471,-2.103685787,-0.661045578,0.056777739,162
21474,-2.158271704,-1.069966396,0.121384533,19
21476,-2.055297255,-0.679641008,0.132350713,55
21478,-2.703454626,-0.493307953,-0.041837165,30
21480,-2.681007609,-0.65886526,-0.005661433,19
21484,-2.599297793,-0.650866044,0.11083467,55
21486,-2.566495939,-0.73332938,0.504310679,76
21487,-2.60353465,-0.659718837,0.489805151,88
21492,-2.278065028,0.482911416,0.548944543,257
21494,-2.218923272,-0.977721499,0.15163319,16
21497,-2.29212024,-0.928602736,0.51004079,28
21499,-2.60388246,-0.68744721,0.126220127,16
21500,-2.116082044,-0.988558321,0.11496326,52
21502,-2.235838064,-0.307053613,0.075286364,76
21504,-1.634916749,-0.730406286,-0.193516704,235
21505,-2.324530197,-0.617713942,0.246939233,28
21512,-2.756448426,-0.392753165,0.479668562,88
21513,-1.355272147,0.697099128,0.154351716,510
21514,-2.040305046,-1.08588088,-0.031013183,29
21515,-2.314846949,-0.969612329,0.253516537,29
21525,-2.450011203,-0.739379349,0.360351238,53
21526,-2.155024611,-0.204819961,-0.134940471,169
21527,-2.726001629,-0.296005339,0.518729436,53
21529,-2.476294887,-0.537836155,0.342431501,89
21531,-2.200695043,0.587549961,0.465004632,323
21532,-2.160067723,-0.161934972,-0.267797759,191
21533,-2.788995444,-0.047559814,0.318555661,158
21534,-2.326271925,-0.998918682,0.303172309,18
21535,-2.642327294,-0.611340898,0.491593269,53
21536,-2.204009797,-0.746117648,0.255646523,65
21537,-1.936706129,-0.788254501,-0.085279533,18
21541,-2.681422125,-0.616525931,0.469807611,65
21545,-1.934112607,-0.45910056,0.094942957,202
21547,-2.723681059,-0.903355404,0.349857141,18
21549,-1.918756773,-0.508242122,-0.248340547,169
21550,-2.47272729,-0.883658589,0.37814858,41
21551,-2.151814129,-0.407918966,0.051268084,41
21555,-1.990679983,-1.087835484,0.009600667,18
21558,-1.745529951,0.04191436,-0.125381501,234
21561,-2.37644662,-0.685820642,0.320680355,18
21565,-2.097608556,-0.085612968,-0.131754277,179
21566,-2.842320351,-0.101199881,0.47183005,102
21568,-1.98051004,0.617931222,0.446901354,366
21570,-2.542138052,-0.759891421,0.361139343,53
21571,-2.246640585,-0.868721201,0.056266012,18
21572,-2.700522363,-0.194844028,0.058904045,101
21574,-2.792979899,0.184212644,-0.012036187,134
21575,-2.729781078,-0.190138201,0.559201988,29
21576,-2.761048244,0.088846768,-0.071936363,123
21578,-2.326103087,-0.347719056,0.155646436,18
21579,-2.879042968,-0.061251392,0.315108607,112
21580,-2.305897452,-0.409047176,-0.212318497,53
21581,-2.87178024,0.236014384,-0.057249521,123
21583,-2.358447801,-0.907078596,0.252445516,29
21584,-2.62240465,0.079991873,0.0070101,156
21586,-2.668632372,0.08447019,-0.030586335,145
21587,-2.643657286,-0.315982371,-0.094297646,18
21588,-2.004225745,-0.460408303,-0.390472341,167
21591,-2.584744235,-0.672994004,0.335086987,65
21596,-2.508045426,-0.752919491,0.516661726,18
21599,-2.720353897,-0.131017655,-0.032420641,89
21601,-2.830218818,-0.03830338,-0.080764431,78
21604,-2.292441531,-0.20159693,-0.240937871,133
21606,-1.570305459,1.021643517,-0.108986563,330
21610,-2.194143431,-0.911371504,0.020914723,18
21612,-1.865393584,0.909030518,0.051602338,286
21615,-2.295583956,-0.440136403,0.207267463,18
21618,-2.485907137,-0.099569719,-0.178551486,110
21619,-1.37255568,-1.203673731,-0.741305337,550
21620,-2.889336262,0.046008182,-0.112934349,66
21622,-2.055516604,-0.361847539,-0.350343469,143
21624,-2.792539264,-0.097095571,0.396963426,110
21625,-2.841253158,0.162871129,0.170574896,110
21626,-2.691845472,0.247452568,0.02499606,132
21628,-1.928474733,0.841184967,0.471569233,263
21629,-2.469566894,-0.533768655,0.275208983,76
21634,-1.486206663,-0.425477556,-0.476464229,186
21636,-2.343763556,-0.738396082,0.019670149,41
21638,-2.810964912,0.183660922,0.061145328,98
21641,-1.987204942,-0.554227565,-0.393220898,120
21642,-2.187887731,0.54843525,0.425403184,252
21644,-2.178663362,0.715232024,-0.011183543,219
21645,-2.007245237,-0.682170964,-0.327379265,76
21646,-2.734644096,0.176975059,0.187858982,120
21648,-2.652230936,0.097546995,0.094681903,120
21650,-1.701641217,0.879269486,0.075945683,306
21654,-2.661341323,-0.228492533,0.067847261,53
21658,-2.838729356,0.056232935,0.534903244,42
21659,-2.332529367,-0.225367644,0.114302732,18
21661,-1.641494688,-0.881700366,-0.300377811,152
21662,-1.946710781,0.128729767,-0.29002671,152
21663,-2.743921976,-0.023813397,-0.064261287,64
21677,-2.169305328,-0.411638532,-0.368847626,85
21681,-2.302471218,0.365391628,0.029313156,162
21694,-2.341962663,-0.725913528,-0.050429278,16
21695,-2.063597556,-0.704249768,-0.389017249,26
21699,-2.988564528,0.189191775,-0.163245524,16
21701,-2.315926821,-0.141370712,0.225135647,70
21705,-1.699959435,-0.432678117,-0.38283347,125
21707,-2.93732472,-0.269492323,0.458784334,48
21709,-2.214315992,0.009197773,-0.164899432,92
21711,-1.081333349,1.156496455,-0.691811092,279
21713,-0.510498852,-0.212551568,-0.300771537,532
21718,-2.644297852,-0.348607199,0.457338059,48
21719,-2.582192655,-0.407027546,0.407469065,48
21721,-2.48762576,-0.371166222,0.336918723,16
21722,-2.660210255,0.152936978,0.009932783,70
21723,-2.946534846,0.14383691,0.06702016,16
21724,-2.625460348,-0.431630718,0.509563141,16
21726,-1.54733336,-0.252468461,0.060606174,213
21728,-1.772521957,0.708675024,0.395976744,235
21730,-2.274371198,-0.678781476,0.081377655,16
21733,-1.306250983,1.021472986,0.131868192,301
21735,-2.265101353,-0.698321788,0.018179658,16
21737,-2.099689459,-0.566515018,-0.399851593,16
21738,-2.287349213,-0.058559301,-0.162504595,70
21739,-1.846827849,0.269653129,0.222056921,180
21740,-2.678119344,-0.077466199,0.393884952,70
21742,-2.752229261,-0.124367094,0.51341016,16
21744,-1.222317572,-0.756329361,-0.381177593,191
21745,-1.800914567,0.25033178,-0.295461657,114
21747,-2.097119375,0.033008697,-0.008460953,70
21748,-1.078407667,0.69977278,0.099869907,367
21750,-2.034873052,-0.066080442,-0.072789907,70
21751,-2.058740807,0.569009554,0.055550759,180
21752,-2.343631448,-0.052595676,-0.195267035,59
21754,-2.678064574,0.151965091,0.092557642,59
21756,-2.546579212,-0.472211889,0.369399511,16
21758,-2.54801343,-0.429032528,0.347627664,26
21762,-1.93225511,-0.315947904,0.004854703,136
21765,-2.225095753,-0.306462444,-0.30588585,37
21766,-1.823234238,0.834646349,0.339937963,279
21767,-1.905448219,-0.436388403,-0.37255694,70
21768,-1.959934737,-0.007181905,-0.31686901,81
21769,-1.902466609,-1.071122314,-0.340738191,477
21771,-2.386144109,-0.184977509,-0.168001651,16
21772,-2.579791365,0.004487997,0.009752074,37
21773,-2.482041442,-0.435034838,0.287041645,26
21775,-2.106044845,-0.651547128,-0.242222076,48
21776,-2.566726907,-0.042476725,0.017641575,37
21778,-2.368047563,0.456956207,0.366518263,125
21779,-1.962151625,-0.72292084,-0.475852203,37
21781,-2.686728181,0.059004229,0.209873389,37
21784,-2.156982055,0.530117012,0.056360122,136
21785,-1.818264001,-0.538211277,-0.19115372,16
21786,-2.044925022,-0.602954972,-0.435027687,16
21792,-2.397925696,-1.365173814,-0.655073143,411
21793,-1.729402065,0.870667798,0.501648742,213
21795,-2.118306109,0.540220506,0.409139355,191
21797,-1.43383634,-0.588682859,-0.421215243,103
21799,-1.616082923,-0.552694273,-0.186170213,488
21805,-2.114787335,-0.743138906,-0.299307844,16
21807,-1.776665866,0.818050974,0.067860996,213
21810,-2.234694221,0.56397237,0.599475509,81
21811,-2.099964892,-0.229298128,0.229457941,92
21814,-1.517330953,-0.281384364,-0.463294271,81
21816,-2.623721771,-0.013714161,0.156907221,16
21817,-2.046839755,-0.509324241,-0.451983314,16
21818,-2.371374078,-0.224461164,0.325812697,16
21820,-2.27681195,-0.275483868,0.31170931,37
21822,-0.156809601,-0.001479485,-0.003407081,1567
21825,-2.318348794,0.491489325,0.401990584,103
21826,-1.453676276,0.687072723,0.237920232,345
21829,-2.27092011,0.455908666,0.582009181,70
21830,-1.484179442,0.706660122,0.209851405,345
21832,-1.778774038,0.815651049,0.157155736,202
21833,-2.060306602,0.820031332,0.391612857,147
21835,-1.532524645,-0.751472163,-0.420386019,59
21837,-2.111615616,0.893559499,0.102009735,125
21839,-2.320439666,0.513146932,-0.005038666,70
21841,-1.969346969,0.01394963,-0.16420245,26
21843,-1.402179733,0.655097814,0.151285366,334
21845,-2.214205107,0.067171076,0.385753553,92
21850,-1.174925471,0.935476393,0.001678811,268
21852,-1.511790522,-0.308587326,-0.262497855,213
21853,-1.883545003,-0.216833896,-0.357442339,26
21856,-1.544494323,-0.050788539,-0.142148185,433
21859,-1.579224675,0.807241575,0.198473644,345
21860,-1.821330637,-0.668037907,-0.423403807,16
21866,-2.051037704,0.692362208,0.464064493,158
21867,-2.090420942,0.435383228,0.48656492,136
21868,-2.303039919,-0.065396424,0.369906915,59
21869,-2.2563257,-0.298235503,0.291110281,37
21870,-1.242658997,0.448610869,0.133165602,411
21872,-2.29760441,0.294446504,0.527616754,81
21874,-1.790992275,-0.48177381,-0.338458665,16
21880,-1.97664953,0.745731402,0.363688967,125
21881,-1.653336149,-0.064885563,-0.269853632,48
21882,-2.004982699,0.701441333,0.48033918,147
21885,-2.16532112,-0.00946354,0.365716763,48
21886,-1.740716232,0.723936639,0.272957052,268
21887,-2.236586301,-1.504527113,-0.704292556,389
21888,-2.200604175,0.450149209,0.437594278,114
21889,-2.164344095,0.629483686,0.155671573,92
21891,-1.693993804,-0.641298369,-0.412034664,26
21892,-1.430176715,0.713320746,0.184972867,323
21894,-1.244398998,1.001794935,-0.012929206,224
21895,-2.239456618,-0.484524826,0.06391277,16
21898,-1.933357732,0.854292844,0.163599081,114
21899,-2.173059166,0.349222757,0.538376749,92
21902,-2.273523116,-0.24231767,0.28735383,37
21903,-1.600312467,0.002366271,-0.421043314,37
21904,-1.685666998,0.123546164,-0.284301986,37
21905,-2.165675154,0.588155318,0.524007073,103
21909,-2.095126965,0.686140458,0.524718489,114
21911,-1.853891273,-0.222634577,0.122404498,37
21912,-1.834878618,0.778548281,0.154812312,169
21915,-2.151341138,-0.191257351,0.304288894,16
21916,-1.57953742,-0.164130644,-0.47733585,37
21919,-2.248906781,0.493013316,0.472151686,81
21921,-2.119261155,-0.273524092,0.242370427,16
21922,-1.3991458,0.869361734,0.112484731,235
21923,-1.593220383,-1.186992757,-0.472494031,411
21924,-2.187528048,0.383051456,0.533739329,81
21925,-2.053502614,0.348498442,0.490169514,114
21927,-1.633154096,-0.2268222,-0.227622913,26
21932,-1.091077921,1.762051287,-0.402595482,114
21933,-1.614107197,0.018044597,0.102483024,103
21934,-1.068957459,-1.195104635,-0.723011585,411
21935,0.46729212,-0.439850649,-0.634994523,411
21938,-1.635329127,0.604562659,0.220049052,246
21941,-2.2121797,0.402543419,0.529481166,70
21944,-2.083147965,0.156779453,0.491642446,70
21947,-2.209646098,0.139066721,0.398810551,26
21948,-1.711412118,0.862369996,0.283745736,191
21950,-1.729641723,0.277960555,0.228906197,136
21953,-1.63683147,0.711181338,-0.071412107,169
21957,-1.446573456,-0.073597054,-0.132833311,103
21962,-2.345983665,0.213667842,0.353100362,16
21964,-1.683341529,0.729792068,0.279954357,235
21968,-2.41165668,0.087309272,0.549628244,16
21971,-2.142321306,0.601428224,0.480236971,70
21972,-2.378844215,0.475164465,0.492338314,37
21974,-1.486223555,0.878310094,0.211382616,191
21975,-1.67051498,0.438178019,0.235360963,136
21977,-1.385186945,-0.051033646,-0.279420969,48
21979,-2.595621385,-2.140760394,-1.381884108,356
21981,-1.634215903,0.496751318,0.177663453,114
21985,-2.129986164,0.595489905,0.427401494,92
21988,-1.768713844,1.043819483,0.556207011,59
21989,-1.952049161,0.907678514,0.611255451,37
21990,-2.009903986,0.780763699,0.584908242,37
21994,-1.303720826,-0.462512565,-0.414353653,26
21996,-1.93392636,0.931808328,0.547483246,37
21997,-1.288032992,-0.228207155,-0.564487525,26
21998,-1.620392936,-0.61353113,-0.353666599,158
22002,-1.182293899,-0.426345359,-0.713048014,70
22006,-1.448344006,-0.371528811,-0.206775615,16
22007,-1.925491059,0.64388673,0.059627029,70
22008,-1.332269851,0.73602448,-0.001684084,213
22011,-2.177661049,0.557253766,0.542086014,16
22013,-0.953646897,0.430173581,-0.653937959,290
22014,-2.030846037,0.625389079,0.278813843,70
22018,-2.108221875,0.678060202,0.552682931,48
22024,-1.67416376,0.004917581,0.070976614,180
22025,-1.3509752,1.112078189,0.007575961,114
22026,-2.156776093,-0.867046818,-0.266504793,290
22033,-2.101248793,0.46519627,0.281406985,26
22038,-2.189689029,0.742678996,0.297674126,16
22041,-1.099515856,-0.614851923,-0.964131426,16
22045,-1.505287908,0.724469928,0.155882292,147
22048,-2.469635505,-1.363392729,-1.233738615,310
22052,-2.03226142,0.620603902,0.109006508,26
22053,-1.578212194,0.828385997,0.255445093,158
22055,-1.608909235,0.686360347,0.266115335,136
22056,-1.371666737,0.468585748,-0.431194347,202
22061,-2.156932488,0.535577106,0.490553406,26
22062,-1.9171138,0.887168776,0.376661228,48
22064,-1.965742573,0.915191563,0.270287257,26
22071,-0.250683727,-1.782722542,-1.359384908,503
22073,-1.53860765,0.292675804,0.057177148,70
22079,-1.966607249,0.453149257,0.44782795,70
22083,-1.713254955,-0.932085819,-0.94695616,277
22089,-2.337067412,-1.070780931,-0.419422125,246
22090,-1.404461825,-0.254398065,-0.206189445,26
22091,-1.470630071,-0.937242316,-1.019621626,92
22093,-1.557482979,-0.268504614,-0.866683317,246
22094,-1.28778656,-0.149872535,-0.519646353,48
22098,-1.734091602,0.372984665,0.205075553,16
22100,-1.37401915,-0.01792721,-0.26294899,37
22101,-1.259354425,-0.331501444,-0.563603035,235
22106,-1.834354416,0.920700052,0.222904767,48
22110,-1.331267806,-0.18598056,-0.332091134,16
22111,-2.145836116,-1.204545691,-0.481402517,169
22116,-1.2855126,-0.677047553,-0.408198485,16
22122,-1.352032527,-0.112428109,-0.833097085,235
22124,-0.725576401,-0.139465139,-0.566729749,246
22125,-1.574654888,1.080623222,-0.033288905,59
22127,-2.075866968,0.721459291,0.4460617,16
22131,-2.526769705,-1.375510807,-0.55391367,202
22134,-1.387710224,0.33049147,0.068307392,125
22135,-1.364683592,0.447248049,-0.194551111,257
22138,-0.45553009,-1.3810482,-1.336183789,290
22141,-1.068523291,-0.720085515,-0.568585514,246
22144,-0.561043249,-0.213012249,0.326447069,507
22145,-1.633699898,0.918415509,0.305887562,70
22148,-0.615903619,0.075357083,-0.893724181,257
22155,-1.17282669,1.184086556,0.045255701,48
22157,-1.482857916,1.0969226,0.252407178,26
22163,-1.840452439,0.877989927,0.371491049,26
22164,-1.645596062,1.068856497,0.160216635,16
22170,-1.96377839,0.688908325,0.463431688,26
22171,-1.614146201,0.230344881,0.144646647,70
22178,-1.199600329,-0.781506225,-0.966170267,16
22181,-1.639313147,0.150425044,0.130036006,92
22183,-1.586868656,-1.669440593,-1.241197379,48
22185,-1.684587121,0.449677897,-0.243225094,48
22186,-1.709500939,0.563053642,0.246664531,26
22188,-0.847117695,-0.062419364,0.269639639,372
22189,-1.411982181,1.267617641,-0.174963271,16
22190,-1.590173069,1.12185777,-0.195361616,16
22194,-1.514718465,1.19243992,-0.184896302,16
22196,-2.023807486,0.545547848,0.444251597,26
22198,-1.41747085,-0.202652574,-0.271442572,16
22199,-1.99471902,0.578030967,0.446892583,26
22200,-2.337079659,-1.179735401,-1.465423444,235
22201,-1.55906826,-1.208193363,-1.219770206,48
22207,-0.430875152,0.172234605,-0.785296603,235
22214,-1.546108974,-0.136846324,-0.104239531,48
22217,-2.421580647,-1.116359843,-0.892082215,202
22219,-1.764282062,0.701281866,0.252002048,125
22221,-1.733411793,0.703688923,0.269230792,125
22225,-1.429140587,-0.210400141,-0.302939257,70
22227,-1.988960723,0.758598461,0.413229054,16
22232,-1.487823682,-1.164489264,-0.605320337,16
22234,-1.59822598,-0.385597168,-0.133384268,26
22241,-1.775778204,0.645966883,-0.066011388,16
22242,-1.959165665,0.766120535,0.43277555,16
22246,-1.560088235,0.631915065,0.073411665,224
22247,-1.368443794,1.122558696,0.176194873,16
22248,-1.574639004,0.662133221,0.202251868,169
22250,-1.817704265,0.144945698,0.518901167,16
22252,-1.935048557,0.542107414,0.306768299,48
22253,-2.233166168,-1.384558258,-0.724843028,191
22254,-1.810513372,-0.842649727,-0.478850134,103
22261,-1.601168405,-0.384248653,0.580420085,16
22263,-0.946641607,-0.327946201,-0.619449978,191
22267,-1.413713928,-0.551024283,-0.825103408,191
22269,-1.047410709,0.321927794,-0.668418687,180
22271,-2.00341706,-1.239138281,-0.727306871,191
22272,-2.291050019,-1.065931226,-1.051675074,191
22273,-1.978413925,-1.765534138,-1.335111725,59
22274,-1.662046462,0.788472441,0.257071499,103
22280,-0.414950211,-0.01766883,0.043632788,1005
22283,-1.650254252,0.809268218,0.234264434,70
22288,-1.945094276,0.624176324,0.360012366,48
22291,-1.847770946,-0.367909242,-0.074481819,114
22295,-1.695251741,-0.126068272,-0.00156757,114
22297,-0.727051922,0.170736034,-0.226963749,136
22298,-1.363833963,0.357694783,0.048573247,59
22301,-1.527939041,0.62584594,0.253131311,125
22302,-1.966155735,0.435883221,0.278726167,26
22306,-1.174689994,1.0352828,-0.165114757,26
22307,-1.53497589,0.690326379,0.248226869,125
22313,-1.433848385,0.673438701,0.265708499,125
22314,-1.861258071,-1.678661302,-1.107916095,202
22315,-1.439784153,0.269573514,-0.003951648,16
22316,-1.510696816,0.735034441,0.345787075,81
22317,-1.63553842,-0.601174611,-0.41991018,70
22319,-0.946139677,-0.683008691,-0.26645289,235
22321,-1.180085557,1.00490841,-0.359137772,37
22323,-0.641086929,1.060729205,-0.65866625,59
22324,-1.903338336,0.57878658,0.427820316,26
22325,-1.862130653,0.582804854,0.426912294,26
22330,0.15888035,-0.756778983,-0.841378471,224
22332,-0.477687405,0.247744929,-0.125984627,158
22333,-1.894204933,-1.00350854,-0.391061402,48
22334,-1.21656161,-0.139237584,-0.827186589,169
22335,-1.454706593,0.127725254,-0.053540169,16
22337,-0.618690893,-0.261544124,-0.456967157,180
22339,-1.907883605,0.612605681,0.404873448,26
22340,-1.679276431,0.674904697,0.260593242,103
22341,-1.440304088,0.42830529,0.120727924,114
22344,-1.772554349,0.642808152,0.22268424,81
22346,-1.972918603,0.536677329,0.309598329,16
22348,-1.374080763,0.444314838,0.125234121,70
22351,-1.655600223,-0.317916434,-0.089074004,16
22352,-0.492750052,-0.161277756,0.081698889,939
22354,-0.985729317,0.129495495,-0.631820308,180
22355,-0.640530258,0.47429649,-0.61307316,180
22358,-0.788958391,0.321055923,-0.309226794,125
22359,-1.563475405,0.821720726,0.174417317,48
22360,-1.736334762,0.659391632,-0.019544825,16
22363,-1.840378135,0.290556695,0.439467892,26
22365,-1.525137971,-0.325383196,-0.269162052,16
22366,-1.952194019,0.39462322,0.248631917,16
22368,-1.232364937,0.956299172,-0.025252497,26
22370,-1.747749913,-0.478596394,-0.315965829,224
22371,-1.90451742,-1.439619372,-1.104189518,26
22374,-1.521686994,0.791356291,0.238562678,70
22377,-0.872455343,-0.148096623,0.270730852,335
22378,-1.760646999,0.701664146,0.284777218,70
22379,-1.631495888,-1.054846838,-1.011344514,16
22380,-1.503957664,0.533628299,0.198056336,16
22381,-1.95810002,0.524014593,0.322831662,16
22383,-1.533164622,0.689255343,0.22893641,103
22384,-1.17510487,-0.359014848,-0.823944088,147
22385,-1.417502378,0.731431445,-0.236562615,26
22387,-0.909909833,-0.024831283,0.235982605,324
22388,-1.72126081,0.641208013,0.219194903,81
22389,-0.760221112,-1.159735576,-0.839995421,191
22392,-0.948659727,-0.139788882,0.239304693,310
22394,-1.77802632,0.658897084,0.280950838,59
22396,-0.481598312,0.369215311,-0.521443076,103
22397,-1.362280394,0.835552644,-0.036050432,37
22398,-1.816883623,0.155122843,0.444330497,26
22402,-1.84875365,0.470445301,0.323430637,26
22404,-1.695776569,-0.566747174,-0.303873193,16
22406,-0.949347384,0.017821571,0.270299618,299
22409,-1.748355733,0.62527122,0.187761435,70
22414,-1.039622167,-0.308602182,-0.794528258,136
22415,-0.742317208,0.355171165,-0.679591811,136
22418,-1.012556725,-0.077824219,0.258633945,273
22420,-1.299268528,0.767598428,0.062240342,59
22422,-1.051059028,-0.067034206,0.307766409,259
22426,-1.66858514,0.558300229,0.234224504,81
22427,-0.714923941,-0.155439098,0.324094577,386
22428,-1.896466677,-0.560396975,-1.10527542,114
22430,-0.881289491,-0.200889099,0.223553999,302
22431,-2.591496122,-1.412158036,-0.682431505,103
22433,-1.472743829,0.243011813,0.082935927,26
22434,-1.842895828,0.401293933,0.296562872,26
22435,-0.544918948,0.495153734,-0.083122431,70
22436,-1.618455459,0.679873536,0.169189238,92
22437,-1.010065341,0.013436675,0.249456603,273
22444,-0.08748873,-0.719726574,-0.658202863,158
22445,-2.488017213,-1.276601579,-1.332873275,37
22447,-1.545976999,0.158104789,0.076786685,26
22449,-1.623786745,0.633424818,0.271784012,48
22451,-1.075501504,-0.048823917,0.267252772,248
22452,-1.748691708,-0.426494764,-1.084644875,103
22453,-2.420534078,-0.904867137,-1.073066245,92
22455,-2.253851995,-1.325475769,-1.24730773,125
22456,-0.273362469,-0.169905807,-0.793217212,125
22457,-1.799247064,0.088756465,0.390500274,26
22458,-1.472996717,0.822335043,0.148194856,26
22460,-1.441558453,0.800515521,0.234672675,16
22461,-1.102169616,0.113760331,0.303240541,233
22462,-1.704028608,0.571616602,0.280609309,37
22463,-2.279815853,-1.721586258,-0.812786749,136
22465,-1.256000331,0.262952316,0.01564308,26
22467,-1.763649849,0.403074835,0.332836375,26
22473,0.492516282,-0.641104817,-1.10836029,213
22474,-1.01404881,-0.033207495,-0.579264189,114
22475,-1.587645325,0.61699,0.27463136,37
22476,-1.54723216,0.811410346,0.083113265,16
22477,-1.110455066,-0.50822471,-0.772353375,103
22479,-0.934255338,-0.083981372,0.293066083,255
22481,-1.801182481,-0.60590627,-0.270415308,37
22483,-1.831176823,0.084191944,0.352551647,26
22484,-1.068527772,0.033272221,0.248583785,226
22487,-1.128157719,0.065891156,0.292340082,213
22488,-1.810727762,-0.637077783,-1.014275144,81
22491,-2.299525972,-0.663091644,-1.187471656,81
22492,-1.18932598,0.062199846,0.318240723,191
22493,-1.110702129,0.139131625,0.275900695,202
22494,-1.059777667,-0.024275674,0.287634342,215
22495,-1.920515481,-0.259254184,0.390131303,16
22499,-1.219379961,-0.128666605,-0.051719719,81
22502,-1.850767959,0.334199196,0.131492085,16
22506,-0.611178544,0.540707503,-0.434879487,70
22507,-1.672612425,0.615304756,0.167301991,16
22510,-1.466762389,-0.052210829,0.19557799,147
22511,-0.717038651,-0.182663645,0.359100991,331
22512,-1.172715427,0.278974112,-0.697069255,37
22521,-2.141188406,-1.621300593,-0.871638187,81
22522,-1.54882509,-0.207188365,-0.967571222,48
22523,-1.455457877,-0.26648496,-0.973371124,59
22524,-1.222702832,-0.043959365,-0.88903686,59
22528,-1.329194253,0.094423436,0.281494951,147
22530,-0.517558269,-0.966661658,-0.763140424,125
22531,-2.675239916,-1.166923806,-1.187903174,16
22534,-1.40819733,-0.204526708,-0.292089992,114
22535,-2.465630606,-0.583099909,-1.021804054,37
22536,-1.322259286,0.106084838,0.306156059,147
22539,-1.558851851,0.081958128,0.10734196,114
22541,-0.930094012,-0.629379887,-0.528357623,59
22544,-1.611784326,0.241056998,0.182767013,81
22550,-1.578387996,0.541081564,0.118847859,48
22553,-0.893517429,-0.142883042,0.255147046,225
22556,-0.884934797,-0.006324924,0.288077447,225
22557,-1.415624801,-1.067104184,-0.513857061,81
22560,-0.827768606,0.622841338,-0.375173188,37
22562,-2.104647747,-0.847174646,-0.211852202,70
22563,-2.078660734,-0.625705763,-1.154025024,37
22564,-1.693747958,-0.758655299,-1.084684646,48
22565,-1.828119445,0.023457627,0.272777379,37
22568,-1.76699253,0.187142504,0.076031883,48
22569,-0.894296475,0.255959689,0.275129103,103
22574,-1.071524041,0.075490455,0.038685593,70
22577,-1.758112937,-0.633698547,-0.244490919,16
22578,-0.154444877,-0.009476518,0.04153798,1204
22579,-1.26056817,0.081493842,0.280629914,136
22580,-1.334020094,0.673971779,0.114957537,37
22582,-2.371388679,-1.480729055,-0.600013661,48
22584,0.524114226,-0.705079586,-1.031381166,92
22586,-1.555481713,-0.604019416,-0.990211597,37
22587,-0.621029744,-0.047925255,-0.884013019,48
22588,-0.386549965,-0.534225318,-0.345601995,92
22590,-1.641817893,-0.96625489,-1.090212798,48
22593,-1.446400742,0.52637418,0.155916169,37
22594,-1.614059788,0.507083673,0.11565565,26
22596,-0.937114323,0.275893153,0.237791156,92
22599,-0.798879669,0.046896027,0.32614749,147
22600,0.816483089,-0.51187324,-0.991695782,70
22601,-0.449415011,0.433786929,-0.470027198,26
22602,-1.398040192,-0.986345071,-0.649045684,26
22603,-1.394449385,0.128985409,0.232862686,103
22605,-1.291127629,-0.660437703,-0.600209952,16
22606,-0.819127222,-0.272570962,-0.59442995,16
22607,-1.379863277,-0.953480092,-0.345881087,81
22608,0.285708519,-0.303991613,-1.022133358,59
22609,-0.928678724,-0.026306322,-0.853161923,26
22610,-1.588685239,-0.929787959,-0.663630871,16
22611,-1.137321463,-0.082725952,-0.785668637,16
22613,-0.681913327,-0.158540807,0.358999824,276
22615,-0.735737507,-0.169382657,0.306294739,276
22616,-1.718845221,-1.208094617,-0.618275035,26
22617,-1.760929523,0.181282648,0.121032893,26
22620,-0.50874226,0.127967837,-0.845681914,26
22621,0.987704215,-0.383494541,-0.832866235,59
22624,-0.268748386,-1.03803556,-0.95215522,48
22625,-1.019289454,-1.210791818,-0.865311279,37
22627,-0.774952916,-1.118696894,-0.82570694,70
22633,1.474809404,-0.344416083,-1.61865914,167
22634,-1.375756579,-1.648446793,-1.223732977,37
22639,0.664559494,-0.225737855,-0.506167137,59
22641,-1.109435041,0.015069414,0.32901719,114
22643,-1.528114542,0.320215893,0.214183134,26
22644,-0.423422172,-0.707066179,-0.479816157,48
22645,-0.986073501,-0.034640755,0.308660202,141
22647,-1.23599043,0.059307172,0.33532256,92
22648,-0.518494786,-1.214018907,-1.062256442,48
22652,-0.543602604,-0.503236834,-0.947685781,16
22654,-0.277256651,-0.416984744,-0.913304447,16
22657,-2.012352613,-1.172522917,-0.412733378,16
22658,-1.791853045,-0.640787294,-0.521784415,37
22659,-0.788863808,0.124661087,0.021963464,26
22662,-1.056001287,0.448069203,0.121138089,26
22663,0.237835548,-0.034515902,-0.930528065,26
22665,0.152095352,-1.008434468,-1.167293694,37
22667,-1.500887976,0.010529316,0.030981786,59
22668,-0.040087115,-0.905060425,-0.51796329,217
22670,0.494366005,-0.132965341,-0.891321925,26
22672,-1.538085494,0.363148512,0.214840396,16
22678,-0.964453887,-0.078861159,0.32470864,130
22680,-0.936379747,-1.03846039,-0.582292086,37
22681,-0.03330816,-1.111279845,-1.290972421,26
22682,-1.092196179,-0.027449529,0.337942141,103
22684,-1.123955412,-0.462129353,-0.1272435,26
22685,-1.941397307,-1.944892649,-1.431157741,16
22686,-0.618886553,-1.143153778,-1.042730476,92
22687,-1.678202724,-1.594634705,-0.993065211,16
22691,-1.149657234,-1.235027246,-0.71214768,26
22694,-0.901673787,-1.329964803,-1.140199199,16
22696,-1.221515699,0.357917741,0.210403398,16
22700,-1.351284347,-0.962933368,-0.560745723,101
22708,-0.105294644,-1.044030929,-1.096863765,26
22709,0.164347386,-0.612229023,-0.666863852,26
22710,0.558331785,-0.735980989,-1.121862792,16
22711,-1.467297038,-1.638325399,-1.083253176,16
22714,-1.876416401,-0.509941437,-0.436554675,16
22716,0.315766272,-0.900732495,-1.174994735,16
22717,-1.387063257,-1.126281693,-0.51385381,16
22720,-1.02418939,-1.262316708,-0.842489996,16
22722,-1.866735624,-1.681487608,-0.847623353,26
22727,-1.238552836,-0.754426511,-0.248759316,26
22734,0.338825535,-0.855587251,-1.115763261,105
22737,-0.861428438,-0.145513017,0.249268627,148
22740,-0.995696814,0.097812687,0.28682864,81
22742,-0.703577486,-0.175203771,0.379621865,221
22743,-0.963533347,-0.007259787,0.234117144,123
22748,-0.700183113,-0.907075384,-0.598154594,26
22750,1.097220712,-0.480521256,-1.177246285,26
22751,-0.244480286,-0.816937729,-0.703806478,16
22752,-0.406282552,-0.986176561,-0.929912679,70
22754,0.091792401,-0.964264977,-1.10974655,81
22756,-0.947967116,-0.509988514,-0.29403364,26
22759,-1.030925567,-0.065379615,0.209692898,108
22761,0.40869861,-0.549419268,-0.898452869,37
22767,-1.059250542,-0.192416113,-0.028377508,26
22768,0.255572522,-0.374156801,-0.476028803,26
22770,-0.829317336,-0.023745891,0.343742737,70
22771,-0.454379774,-0.233234315,0.364941548,467
22773,-0.085714512,-0.057654027,-0.049932614,949
22774,-1.230379093,0.146035586,0.333355329,48
22775,-1.141973976,0.030481785,0.233382568,70
22777,-0.42143629,-0.137493245,0.071829695,660
22781,-1.124085536,0.082573219,0.258039641,70
22787,-1.210736021,-0.309828896,-0.232938607,37
22789,-0.221718634,-0.051934895,0.001469459,1116
22797,-0.184926505,0.029641739,-0.333973072,26
22800,-0.076712828,-1.209349479,-1.148843017,97
22801,0.406317678,-0.819828782,-1.239581477,16
22803,-1.334241531,0.073919524,0.330970961,26
22806,-0.444808466,-0.257329895,0.048324486,637
22836,-0.547962502,-1.630824681,-1.159058191,101
22839,-1.236260627,-1.424180399,-0.931706675,48
22851,-0.089636644,-0.008793573,-0.058920048,895
22853,-0.909062894,-0.187721489,0.168209852,104
22854,-0.479492827,-1.289468438,-0.526432327,326
22855,-0.457389079,-0.381667473,0.082884928,590
22856,-0.428068341,-0.20854849,0.034581658,638
22858,-1.119106522,0.334551446,0.176441682,16
22861,-1.074989661,0.252800491,0.295825707,48
22866,-0.979311511,-1.711258768,-1.189489917,61
22872,-0.771393869,-0.047816999,0.323264313,118
22875,-0.981728989,0.10641126,0.298585732,75
22876,0.509403104,-0.172560721,-0.465561402,16
22893,-0.738634788,-1.472724339,-1.057214728,61
22898,0.139325508,-0.613193477,-0.634316986,256
22902,0.920249602,-0.501190547,-1.390535293,134
22903,-1.569671235,-1.370053199,-0.760104857,26
22904,-1.334406455,-1.275761581,-0.558049603,37
22907,0.119372117,-1.209749764,-1.182231965,104
22910,0.305651517,-0.47178784,-0.732464092,219
22914,-1.148627361,0.090693743,0.185015767,16
22915,-1.095497784,0.116081969,0.186452692,16
22917,-0.968788189,-0.14385023,0.174333482,79
22918,-0.497306983,-0.299212878,0.298837867,402
22919,-0.716765586,-0.588271712,-0.117464455,79
22920,-1.099817567,0.029918654,0.343339373,37
22921,-0.702672525,0.082411068,0.362839825,37
22923,-0.465632883,-0.066807822,0.379223803,192
22925,-0.79178971,-1.109851006,-0.923030294,16
22934,0.431360769,-0.977035458,-1.275576955,140
22939,-1.115202548,-1.446046111,-1.040859258,26
22942,-0.100794515,-0.907325528,-1.156299971,16
22943,0.785909597,-0.517864829,-1.157484957,16
22944,-0.306681795,-0.940503299,-0.988888774,16
22947,-0.940783118,-1.166504423,-0.885368825,16
22960,-1.097884692,-1.564017961,-1.070269298,37
22965,-1.314446209,-1.75859412,-1.032336084,50
22969,-1.527986133,-1.433231724,-0.664237559,26
22970,0.862893938,-0.702129649,-1.397998277,79
22975,-0.915484341,-0.032405357,0.320646729,68
22977,-0.998370935,-0.162342804,0.149104892,68
22978,0.354850028,-0.406494302,-0.213853383,749
22982,-0.324904947,-0.171188991,0.053119525,592
22984,1.44549115,-0.379390638,-1.547779478,26
22987,0.216164343,-1.096822651,-1.161282471,145
22993,-1.032962008,-1.774470602,-0.99917635,82
22995,-0.497538629,-1.446341539,-1.253382504,39
22999,0.706319548,-0.087159251,-0.854254452,197
23000,-0.220769541,-1.102084628,-1.039703119,26
23001,0.099646415,-0.826646774,-1.135941527,16
23007,-0.160487393,-1.304632615,-1.088129771,183
23009,0.985445473,-0.238087671,-1.240951961,147
23010,-0.865688445,-2.059154967,-1.3761513,82
23012,0.577076163,-0.38306563,-0.940711113,183
23013,0.99227763,-0.626506574,-1.496155686,39
23014,-0.27704461,-1.409121691,-1.160843467,80
23017,-0.107547222,0.002912257,-0.054880129,719
23018,-0.688391063,-0.005870352,0.196599021,85
23019,-0.430639815,-1.073804175,-0.604945356,221
23022,-0.990669208,0.089752162,0.332332855,16
23025,0.589840013,-0.775393545,-1.290575277,101
23027,1.949893045,-0.088831916,-1.807082683,57
23032,-0.113861677,0.020180676,-0.019402517,629
23033,1.273048256,-0.496558296,-1.576441104,28
23034,0.601899601,-0.788379059,-1.332645231,28
23035,-0.598766064,-0.721472291,-0.216125134,42
23037,-0.358257024,-1.261941734,-1.082827997,28
23038,0.401931961,-0.828015565,-1.26715116,16
23040,0.022335744,-0.772428474,-0.700152122,186
23042,0.345974396,-1.010992904,-1.215590968,71
23046,-0.156476541,0.046582995,0.045137102,653
23048,-0.911352327,-0.329991039,0.083008879,60
23049,-0.433543136,-0.441356737,0.125784699,518
23050,-0.827053148,-0.331580187,0.042852685,74
23055,0.379568312,-0.664674669,-1.051434678,159
23056,-0.682451932,-0.066575221,0.150086056,74
23060,0.687638826,-0.598589792,-1.228266462,123
23061,-0.075555239,-1.503137615,-1.328877683,90
23063,-0.021940979,0.046900941,-0.004500794,883
23064,0.08737,-1.108210968,-1.159905711,31
23069,-1.120835992,-0.133363817,0.141595065,18
23070,-0.407442858,-0.172540288,0.039467934,594
23072,0.617431496,-0.821377752,-1.287757065,46
23073,-1.280099411,-1.381908468,-0.481877775,18
23075,0.23386827,-1.021833896,-1.152571855,31
23079,-0.065077224,-0.066882206,0.444817498,48
23082,0.078506076,-1.243899691,-1.174846341,130
23084,-0.931551274,-0.125672797,0.146699924,48
23085,-1.006364865,-1.99679287,-1.347693004,46
23086,1.23673583,0.034215767,-1.342845323,111
23088,-1.180863947,-1.88931083,-1.149491744,34
23091,-1.271456653,-1.855655863,-1.04414138,20
23094,-0.434073939,-1.874055371,-1.335768989,62
23095,-0.738461379,-2.059287096,-1.344593271,78
23098,-0.587883379,-0.319812748,0.274976199,303
23102,-0.541936063,-0.225661269,0.39134855,119
23103,-0.791189527,-0.298288426,0.051552674,49
23104,-0.418249188,-0.330000015,0.014691829,545
23107,-0.534318104,-0.115916617,0.386316897,119
23109,-0.516124952,-0.043151498,0.344092735,35
23113,0.231657795,-0.805119213,-0.983407441,136
23114,-0.773271403,-0.036602782,0.335347838,35
23115,-0.684158946,-0.180105134,0.398866348,119
23117,-0.206687909,-1.210374147,-0.927458175,22
23122,1.36468098,-0.197860877,-1.482320747,49
23123,0.237239714,-1.165598619,-1.212496596,49
23126,0.367374547,-0.354293951,-0.675083299,166
23127,0.52413315,-0.960645955,-1.360548374,22
23128,0.329494469,-0.566751881,-0.574639413,233
23129,-0.554672777,-0.093560561,0.353944479,119
23132,-0.854718109,-1.912087141,-0.965402975,49
23134,0.651068331,-0.247413634,-0.85759698,136
23138,-0.360406254,-0.64231479,-0.198971921,35
23150,1.063969073,-0.317682117,-1.388664713,51
23151,0.026074811,-1.348701905,-1.312358559,22
23152,-0.559717574,-2.028119008,-1.291478297,68
23154,0.482814814,-0.909364555,-1.212967281,22
23156,0.841360776,-0.395183683,-1.224524078,84
23157,-0.398088,-1.828609563,-1.230465031,68
23160,-0.932304235,-1.838937521,-0.864068773,22
23163,0.517145674,-0.244116059,-0.68898592,173
23164,1.011660306,0.082201745,-1.075482764,122
23165,0.806802621,-0.634964191,-1.300892128,35
23167,-0.283305658,-1.770815688,-1.359235193,35
23170,-0.69397171,-0.120147538,0.324555362,91
23175,1.252763423,0.287551622,-1.329832565,106
23180,0.220288776,-0.559386467,-0.708480281,122
23183,1.714391515,0.309659241,-1.551828378,37
23185,0.078651448,-1.245793696,-1.162732011,37
23186,0.059141706,-0.971521897,-0.926542668,108
23189,0.00876921,-0.502373736,-0.195509052,108
23195,-0.199600085,-1.584752007,-1.20336651,91
23198,1.569485047,-0.023739155,-1.559153538,22
23200,-0.835868061,-2.062905923,-1.2962506,22
23201,-0.362489122,-1.588178157,-1.18139251,106
23207,-0.203351861,0.087426252,0.320299669,108
23210,-0.145542027,0.018386995,-0.000488509,515
23215,-0.367915271,-0.157641912,0.039697638,515
23217,0.032915969,-0.695032609,-0.592719167,145
23226,0.962112623,-0.075237047,-1.255471139,92
23230,0.409039534,-0.82556481,-1.100394311,58
23232,0.361364828,-0.469884913,-0.654778144,169
23235,-0.01642243,-1.419348579,-1.218999238,40
23238,-0.274263644,-0.011388194,0.032032898,630
23239,-0.741134797,-1.88489569,-0.933823516,24
23240,-0.27930468,0.044202072,0.323751822,108
23242,-0.08037815,-1.116228186,-0.894759705,94
23243,-0.181119925,-0.007419049,-0.024453988,604
23249,-0.512836009,-0.617663988,-0.042441971,43
23255,-0.525651193,-0.726351232,0.194030965,259
23256,-0.327053494,-1.061078038,-0.491443558,176
23257,0.516450385,-0.729874583,-1.108761952,26
23264,-0.48883546,-0.257913755,0.42137503,62
23265,0.522447762,-0.49656639,-1.032963934,79
23270,-0.76937169,-0.331438513,0.264690988,62
23271,1.298385858,0.467300576,-1.150476608,77
23274,-0.488096524,-1.266470075,-0.525265387,26
23278,-0.538461727,-0.079463346,0.362103054,62
23279,0.17099191,-0.656161331,-0.780834124,93
23280,0.698365083,0.024768824,-0.518790235,41
23284,0.15248091,-0.902915371,-1.000904417,79
23285,-0.173776092,-0.024056292,0.080148838,645
23287,-0.210937865,-0.028063311,0.000193374,968
23289,-0.167276995,-0.017843361,0.011838536,968
23292,-0.304071674,-0.072351651,0.092161872,472
23293,-0.233059655,-0.226721596,0.044293365,434
23294,-0.282357196,-0.234678411,0.052870197,434
23295,-0.465118969,-0.662847776,0.053580061,331
23298,0.201929798,-0.974701122,-0.308051096,555
23307,-0.679851231,-0.431846475,0.037602435,46
23315,0.941276472,0.189476453,-0.966435054,77
23316,-0.306406462,-0.968505348,-0.667638503,93
23317,-0.515714109,-1.800322499,-1.251469025,61
23319,0.532912008,-0.398100852,-0.65118335,160
23320,-0.611947209,-0.195533583,0.403392338,26
23321,0.683147026,-0.143959183,-0.858503941,112
23323,0.232683246,-0.526823433,-0.643706523,114
23324,-0.771655157,-0.261235454,0.312180689,46
23325,-0.754020667,-0.221013714,0.298293863,46
23326,-0.335492638,-0.013915282,0.379012666,77
23327,-0.244767672,-1.307987842,-0.885235131,63
23330,-0.245442996,0.128242589,0.084997904,42
23331,-0.451093375,-0.069323655,0.402244428,26
23332,-0.278817512,-0.324170599,0.051042688,401
23333,-0.75710736,-0.598558779,-0.117955681,27
23334,-0.389628217,0.055142214,0.174038071,42
23335,-0.336161469,0.002350601,0.420943857,26
23336,-0.729433838,-0.462637919,0.439677713,27
23338,-0.616270928,-0.297831318,0.410047912,27
23341,1.075335384,0.307601963,-0.87840995,42
23343,-0.874181972,-0.97289487,-0.268304565,26
23351,1.514847156,0.457104847,-1.40001302,26
23352,-0.259003131,0.158582949,0.126443601,42
23355,-0.312907926,-0.251810513,0.071114656,417
23356,0.761693466,-0.274300112,-1.154820512,42
23357,-0.400175714,-0.056629709,0.411608184,26
23358,-0.352575515,0.005962861,0.381651904,26
23360,-0.116949292,0.006686177,0.023475587,933
23361,-0.418933571,-0.031368584,0.359513563,42
23362,-0.317188598,0.018436359,0.329021573,58
23365,-0.156965346,-0.007888877,0.019850647,434
23367,-0.200008012,-0.197208319,0.135775656,370
23368,-0.498641871,-1.172583074,-0.567136945,76
23370,-0.623458085,-0.729141768,-0.083007916,122
23371,-0.077561639,-0.905450992,-0.750886187,39
23377,0.473671041,-0.277610998,-0.805591454,55
23381,-0.122606993,-1.037505703,-0.656490189,24
23383,0.404815943,-0.480431647,-0.474945256,148
23385,-0.041839333,-0.774911867,-0.576861015,76
23386,-0.484118284,-1.339291792,-0.845973456,39
23387,0.551558413,-0.077183338,-0.486269761,24
23389,-0.103621359,0.010537424,-0.014331521,914
23393,-0.605252178,-0.228168165,0.348279462,146
23395,-0.374628148,-0.213045768,0.015857631,446
23405,-0.15659572,-0.042753122,0.061070557,392
23408,-0.386125346,-0.315498487,-0.005486617,416
23412,-0.201994882,-0.072725348,0.103867045,378
23413,-0.138292394,-0.853577552,-0.592458482,58
23414,-0.290256605,-0.905596249,-0.471046162,80
23415,-0.207905769,-0.249560742,0.084936733,350
23422,-0.667006346,-0.356711038,0.322236422,104
23424,-0.695353123,-0.353048868,0.239143713,104
23426,-0.338281621,-0.372523653,-0.045046154,404
23429,-0.237267341,-0.287493548,0.073521412,352
23433,-0.740992522,-0.552099169,-0.071757819,24
23434,-0.393942071,-0.502782551,0.06337508,338
23435,-0.242023325,-0.302984714,0.261863376,414
23436,-0.31817716,-0.321021476,0.006679774,364
23438,-0.696561981,-0.503600345,0.078878867,90
23441,-0.361154878,-0.146234349,0.088268032,529
23444,-0.715829245,-0.520179698,0.038414434,24
23447,-0.394235789,-0.109939017,0.086040162,529
23454,0.135162864,-0.749465092,-0.595347641,90
23456,0.803649689,0.070173718,-0.905352638,24
23457,-0.553123259,-0.261402726,0.401373815,147
23460,-0.419387704,-0.13991139,0.054522289,529
23462,-0.466846265,-0.259611923,0.39776917,201
23464,-0.382135961,-0.193911267,0.018691067,715
23469,-0.440927649,-0.567505551,0.014112991,334
23470,0.082212468,0.110530191,-0.078571669,378
23471,0.066420533,0.151244952,-0.107139795,414
23472,0.082870533,0.080689719,-0.105802535,366
23474,-0.162099813,-0.161957699,0.130910289,336
23475,-0.018660946,0.001554055,-0.04456124,366
23476,-0.113639689,-0.045606781,0.030467982,366
23477,-0.183057713,-0.062352549,0.167613546,474
23478,-0.116978901,-0.115299481,0.350130167,364
23479,-0.093692118,0.054158491,-0.032334468,414
23480,-0.216675356,-0.158744705,0.338947778,366
23481,-0.043620881,-0.028340547,-0.034269969,378
23483,0.077466786,-0.6852604,-0.731402394,24
23485,-0.234545763,-0.372236946,-0.017949246,334
23490,0.02527813,-0.005883085,-0.100773118,402
23492,-0.187806529,-0.961409067,-0.714590219,24
23495,0.194516514,-0.592186415,-0.545262307,68
23496,-0.219357891,-0.07225011,0.130341024,529
23497,1.454315924,-1.00311773,-0.652195511,544
23499,-0.438710615,-0.066735105,0.051821509,518
23500,-0.383294135,-0.210688988,0.224186844,387
23501,-0.782208099,-0.44771163,0.089322545,29
23503,-0.332497335,-0.702876817,-0.064693799,214
23506,-0.3371422,-0.443682363,0.494382993,188
23507,-0.578458547,-0.347464305,0.448928974,99
23508,-0.266500608,-0.410506126,-0.02290416,323
23509,-0.581508837,-0.316210201,0.416686528,101
23510,-0.497383444,-0.13580309,0.428018184,158
23517,-0.406232827,-0.083591461,0.113574265,514
23519,0.392995766,-0.849645436,-0.773914309,158
23520,-0.200293407,-0.291917354,0.462752531,273
23522,-0.557949538,-0.405934339,0.493844318,101
23523,0.609174558,-0.266679664,-0.662144677,75
23524,-0.211065367,-0.142067252,0.209309651,411
23525,-0.177039214,-0.0330406,0.035275898,867
23526,-0.648998128,-0.262981845,0.396381428,75
23527,-0.419107091,-1.147255278,-0.554013526,75
23530,0.040261907,-0.030330192,-0.094455905,79
23531,-0.404651235,-0.211489672,0.243531118,367
23532,-0.662174422,-0.440545282,0.547324107,33
23533,-0.577917546,-0.264849371,0.529761037,32
23534,0.109063881,-0.137376484,0.500397082,253
23535,0.089076151,0.096769565,0.175322707,343
23538,-0.551056012,-0.022659001,0.445241783,112
23541,-0.001869523,-0.028629374,0.317691472,343
23544,-0.173755448,-0.103024609,0.203310052,391
23546,0.018128436,0.050376658,0.143482141,355
23547,-0.027985989,-0.185903608,0.477506676,251
23548,-0.199278892,-0.052482499,0.109588219,494
23549,-0.200504203,0.07970335,3.4276e-05,415
23550,-0.072652952,-0.056034583,0.247821401,355
23551,-0.120471111,-0.202231372,0.461334305,253
23552,-0.196175274,-0.043832909,0.023413341,847
23553,-0.118634923,-0.082345865,0.267565596,355
23554,-0.244085154,-0.181242898,0.120826322,494
23555,-0.041710489,-0.137944058,0.471713602,251
23556,-0.548352895,-0.10126227,0.4494256,112
23559,-0.126345765,-0.149587178,0.080629027,277
23563,-0.487144398,-0.476534258,0.144758643,59
23564,-0.289985225,-0.588105493,-0.169869851,57
23567,-0.186825447,-0.018071779,0.136886791,307
23568,-0.183067246,-0.129500957,0.205158887,369
23569,-0.080552018,-0.863728694,0.594181551,229
23570,-0.081584075,0.026059687,0.024501526,825
23571,-0.132973233,-0.117200828,0.140225599,281
23574,-0.414169235,-0.346981255,0.235612667,281
23575,-0.032106865,-0.089870523,-0.012073424,293
23582,-0.301195072,-0.510688612,-0.086962351,261
23585,0.531886913,-0.565339235,-0.764230075,38
23589,-0.397724467,-0.30748651,0.514338668,70
23590,0.009418955,-0.180161197,0.478448091,152
23591,-0.089089006,-0.029994003,0.211569178,313
23598,-0.101444747,-0.261390982,0.075549427,186
23599,-0.116068877,-0.15426659,0.213320167,209
23600,-0.018878947,-0.049507218,-0.021109865,273
23603,-0.298735446,-0.373740478,0.485246852,184
23605,-0.085975102,-0.130257077,0.065890351,236
23606,0.507963631,-0.713119528,-0.735821725,71
23609,-0.022481579,0.022432022,0.141107317,288
23610,-0.069828824,-0.008584639,0.182162441,288
23620,-0.100136652,0.051710086,-0.019789194,587
23622,-0.154226692,-0.205676791,0.45498337,160
23623,0.137478957,-0.069556711,-0.084760952,156
23624,-0.118192542,-0.063636923,0.220182052,262
23625,-0.098128918,-0.412076767,-0.071251114,135
23626,-0.140822331,-0.288425676,0.177377746,181
23627,0.144463688,-0.035117082,-0.10780708,75
23631,-0.210107829,-0.508016745,-0.124561026,156
23632,-0.49018769,-0.78909974,-0.105834914,75
23637,0.04804842,-0.117500788,-0.084966666,75
23638,-0.272755934,-0.209534656,0.050367425,431
23639,-0.168205751,-0.367745273,0.019370752,160
23640,-0.000332323,0.07841595,0.11129499,262
23641,-0.041731173,-0.02867344,0.2816352,250
23642,-0.016358078,0.065558328,-0.030680261,587
23643,-0.14081915,-0.2232451,0.111317674,157
23647,-0.344482012,-0.359603031,-0.019864853,210
23648,-0.335175354,-0.499039864,0.037408692,182
23649,-0.297401229,-0.552543743,-0.10637624,75
23650,-0.006408263,-0.054558122,0.119751689,49
23654,-0.245474885,-0.34904041,0.0219395,49
23674,-0.237350083,-0.323330867,0.190610613,72
23682,0.449394406,-0.85785009,-0.676853318,91
23688,-0.241882767,-0.374515778,0.504441436,45
23690,-0.326474713,-0.389488311,0.292210757,153
23694,-0.479783354,-0.540904737,-0.012572347,129
23697,-0.04796072,-0.179539576,0.011722441,58
23698,0.091317248,-0.015294208,0.04854671,62
23701,-0.216191431,-0.268145193,0.167411615,280
23702,-0.235009012,0.080824713,0.049614184,201
23703,-0.14245083,-0.127334641,0.011999981,153
23704,-0.122664022,0.053825034,-0.037834341,310
23705,-0.356071361,-0.579955509,-0.140472505,117
23707,0.133722124,0.018241254,-0.115355462,79
23711,0.024982945,-0.162170344,-0.079131536,58
23712,0.563476804,-0.617929827,-0.745879405,36
23713,-0.173140666,-0.094972453,0.247592139,87
23715,-0.20385137,-0.068847441,0.027624031,633
23716,-0.261849341,-0.555439096,-0.166059013,60
23719,0.374642362,-0.936847885,-0.72395528,52
23720,-0.403433622,-0.274572807,0.030734055,283
23722,0.111289351,-0.090613972,-0.177309332,52
23677,-0.373067263,-0.415815976,0.436145097,74
23727,-0.395668544,-1.838302465,-0.662303462,114
23731,0.112189504,-0.033519253,-0.177218534,33
23742,0.73856898,-1.200965299,-0.373325844,581
23743,0.615644705,-1.280856366,-0.350999854,581
23744,0.3899165,-1.259270416,-0.694562131,89
23746,0.558161494,-1.508378022,-0.395299057,581
23747,0.252991614,-1.242059955,-0.975505558,28
23748,0.682442047,-0.775965446,-0.568682824,89
23755,0.692131887,-0.767687559,-0.858353254,33
23756,0.348141233,-1.443698074,-0.758322628,69
23767,-0.460450316,-0.246439704,0.191086374,31
23768,0.563863828,-0.986072333,-0.952424935,33
23769,0.270453222,-1.645645439,-0.841984018,69
23773,1.114716918,-1.143094849,-0.512825072,317
23774,0.80755431,-1.027897005,-0.941782031,57
23776,0.142287651,-1.875536969,-0.941428929,69
23780,0.924298475,-1.258545195,-0.63222005,195
23784,-0.07692029,-1.969054551,-1.282797683,20
23792,0.662812201,-1.38708406,-0.705483065,173
23794,0.511050817,-0.754866197,-0.397173573,57
23795,0.657374177,-1.381433449,-0.827472548,81
23802,0.922218592,-0.747234652,-1.302850085,21
23806,0.95514286,-1.089947797,-1.235388591,45
23809,0.514047555,-2.302671028,-0.655981684,537
23810,0.808566344,-0.728056029,-0.625525189,57
23812,0.111193392,-2.676665564,-0.854880626,195
23814,-0.290985366,-0.359266051,0.371969357,20
23815,1.266220776,-1.141586125,-0.824116253,195
23820,0.911255693,-1.348855128,-1.257288298,53
23822,0.727155449,-2.219015148,-0.746993288,521
23823,0.283349909,-2.581637942,-0.664448142,521
23824,1.794519156,-0.053081447,-1.410132297,29
23825,1.525966007,-0.602801716,-0.770382959,198
23828,0.521946524,-1.852378894,-1.26539828,53
23829,0.121663903,-1.943105532,-0.813963461,113
23835,-0.300909078,-3.906393273,-0.924962519,354
23837,-0.500052705,-1.538142952,-0.429634926,112
23841,1.074396923,-1.068777963,-0.976828386,90
23843,0.733841399,-1.791536391,-1.191079052,65
23844,0.438204679,-2.084111038,-1.673845807,29
23845,1.362001529,-0.872852657,-1.554268736,29
23846,1.109161003,-2.106295875,-0.89090695,342
23847,2.574056022,-0.266239383,-1.057187783,509
23848,0.479398078,-1.026067082,-0.527775718,18
23854,1.511625082,-0.900268383,-0.900348526,186
23855,1.650567376,-2.144091716,-1.186597056,277
23856,-0.194294584,-0.022369702,0.064792087,18
23857,1.85101422,-1.387395259,-1.075583839,509
23859,-0.045471671,-4.094699406,-1.185581912,342
23860,0.827597503,-1.757185869,-1.650886547,41
23862,2.082173163,-0.336179935,-1.449789724,65
23863,0.901232087,-2.381704929,-1.13521899,186
23866,-0.348908957,-2.812043635,-1.050785325,134
23868,0.091239502,-2.569645711,-1.860822808,18
23869,-0.061217907,-2.367280225,-1.093640647,41
23870,0.860620176,-2.042997177,-1.788354021,41
23872,1.050285135,-1.064079271,-0.887439049,122
23880,0.26167447,-3.229787985,-1.56540485,144
23881,2.050687836,-0.54501462,-1.612279695,53
23884,0.997988459,-3.14928292,-1.435311884,318
23885,1.483423644,-2.472950652,-1.40706261,485
23886,0.537194956,-2.472418125,-1.586307584,110
23887,1.376753087,-1.456506793,-1.626824877,41
23888,1.930965577,-1.929538635,-1.428151589,485
23889,-0.396210221,-5.058080261,-1.521297334,219
23890,-0.489760315,-0.269664917,0.053699455,29
23894,0.783758214,-3.431380587,-1.447873102,485
23896,3.522608492,-0.323738943,-1.760931273,286
23897,1.962984413,-1.580666481,-1.547290716,162
23898,1.518548178,-1.895184018,-1.596208097,143
23900,2.416469584,-0.33496713,-2.122805167,29
23902,3.044808269,-0.790066232,-1.656151997,485
23906,2.679128272,-1.576556448,-1.902613425,473
23907,-0.214483771,-4.849303977,-2.007188208,150
23908,0.77529442,-0.997457067,-0.698887625,41
23909,1.062664778,-1.797136658,-1.825644033,87
23910,-0.451806675,-0.849333259,-0.156553514,29
23913,-0.017683306,0.121655365,0.068870728,43
23914,0.387865522,-4.358279149,-1.799299638,473
23915,-0.281484346,-4.030380884,-2.248470561,109
23916,1.387967808,-3.01295905,-1.710270791,473
23919,0.640801504,-2.678821167,-2.355353761,18
23920,1.150304358,-0.615197602,-0.668002944,29
23922,-0.509525376,-2.952766887,-1.245150157,87
23923,2.129816062,-0.448738114,-0.880423632,274
23925,-0.401638246,-3.302003259,-1.491701243,98
23927,-0.048760482,-3.787212812,-2.493830026,29
23929,0.41290971,-1.020148613,-0.371744662,18
23931,-0.344879436,-2.057299426,-0.571112338,109
23933,-0.412104822,-0.196761261,0.155945102,29
23934,-0.009432815,-0.384821926,-0.086742703,64
23937,2.509403027,-2.367831569,-2.394870097,461
23938,0.847163022,-4.039617261,-2.015951227,229
23939,-0.291993536,-0.786766804,0.292670137,29
23940,1.598308215,-3.350314463,-2.261384843,262
23941,3.602396082,-1.254777837,-2.677884409,461
23942,0.237378043,-1.619458349,-0.370447356,138
23946,1.48936114,-1.991033708,-2.654285868,18
23948,1.361216726,-0.56579843,-0.745712353,97
23949,0.266822727,-1.736814654,-0.68265487,18
23950,4.288028267,-0.377599682,-2.652283556,461
23951,1.038236436,-2.529930898,-2.662708267,18
23952,1.922274862,-3.007471439,-2.30004913,461
23953,0.033143239,-5.493025768,-2.391333867,461
23954,4.219225445,0.129670933,-2.125764456,229
23956,2.17411197,-2.630386015,-2.240918862,461
23957,1.294450987,-4.293911099,-2.844703798,449
23960,-0.377848109,-3.927447272,-2.924145464,63
23961,3.159954542,-1.867309605,-2.709886865,282
23965,2.502538239,-2.986242742,-3.052824349,378
23966,-0.196699912,-4.806672815,-3.160822483,96
23967,-0.198818683,-4.180193396,-2.693013435,85
23968,0.479613574,-1.708145095,-0.935836452,18
23969,4.913308874,-0.403142417,-3.608782467,282
23970,0.720884634,-4.848888652,-2.689264014,449
23974,0.662334852,-2.81617641,-2.720093944,63
23977,0.531972109,-2.974908288,-3.002142133,37
23979,2.002622449,-4.068158146,-3.677459002,434
23980,0.87528545,-5.345794624,-3.54239686,328
23981,-0.362649494,-0.138381411,0.009715874,81
23983,1.441152324,-1.403356071,-1.271785933,81
23986,-0.481304637,-0.099716433,0.054759162,59
23987,3.080537606,-0.269113363,-3.495555027,37
23989,2.432158055,-0.855664311,-3.190685449,37
23992,-0.432553883,-0.291642286,-0.013303027,59
23993,-0.541802578,-1.604390197,-1.19504192,70
23994,2.81462298,-1.106680704,-1.693119399,434
23995,2.001373409,-1.213915932,-2.595928303,16
23998,1.648815968,-1.733064161,-3.29131422,16
24001,-0.428019327,-0.202377263,-0.003598774,37
24002,1.05496978,-2.519890327,-3.372403058,16
24003,1.652127638,-4.24386981,-3.265502047,423
24004,0.770400035,-2.840310498,-3.384516134,16
24006,0.569414515,-2.58219766,-1.172218834,81
24008,2.075373385,-1.169955217,-1.56680282,81
24009,0.954379145,-3.905018596,-2.576889488,100
24010,-0.214809187,-3.975242316,-3.668539755,16
24011,2.078582687,-1.283316764,-3.367773445,16
24015,-0.710204615,-3.704662541,-2.892859886,26
24022,3.806338563,-0.821664285,-2.488509341,423
24023,-0.522349575,-3.670259068,-2.469630259,26
24024,1.107730289,-2.379045545,-1.315399164,100
24027,5.199936039,0.160178354,-3.332436632,191
24028,3.752945646,-1.678671239,-3.392138203,423
24029,0.073916248,0.178470999,-0.161975841,26
24035,0.861951338,-1.545807756,-0.727099223,70
24036,-0.351371374,-0.177133894,0.133920526,59
24037,4.493116216,0.996737806,-4.359615544,16
24040,2.201488631,-0.962532353,-1.313129253,78
24041,0.770377052,-2.346711338,-2.13795784,16
24042,2.811426961,0.508974446,-1.882892737,16
24044,4.943523089,0.586525294,-2.697707039,135
24045,4.293870762,-0.985290848,-3.345464976,169
24046,2.212776297,-0.65458759,-1.330880615,59
24047,1.146151848,-1.730295854,-0.76129695,202
24051,-0.129297196,-0.027283582,0.074110824,390
24053,-0.410077367,-0.149887121,0.174160426,16
24054,2.133106994,-3.357539915,-2.97278496,158
24055,0.487718183,-1.479041785,-0.637520191,26
24057,-0.361401301,-7.157293086,-4.026995584,390
24060,0.479650412,-2.002885436,-1.063813689,16
24061,0.387926049,-6.274463596,-3.972014049,390
24063,3.047783146,-2.461721573,-3.288646977,379
24065,1.903569191,-1.855470187,-2.03612535,37
24069,-0.132980023,0.077268785,-0.009104522,16
24071,0.43344995,-0.765215499,-0.241310281,16
24073,-0.057496828,-4.522569363,-3.889705009,16
24074,1.378886995,-1.88644674,-2.010875646,16
24077,0.100740359,0.156675607,-0.005736684,201
24078,5.145613421,1.400616685,-3.677990764,16
24079,2.438619052,-3.518996798,-3.67554767,368
24080,4.186323774,0.502100893,-2.160726546,45
24081,3.329650343,-0.058051004,-1.420783219,136
24083,4.409315165,0.941297006,-2.580710602,26
24084,2.410479921,-0.436664749,-1.395033712,26
24085,1.167766708,-3.573754737,-1.955964383,102
24086,0.295617598,-5.391497644,-2.696498819,327
24087,1.297053254,-5.073125511,-3.901035126,368
24089,4.970817982,0.961989498,-3.481659019,26
24093,4.326459696,-1.3087375,-3.834777468,91
24096,3.615182537,-2.130508682,-3.74860403,357
24097,2.891303666,-2.925625827,-3.622614222,357
24099,2.762659873,-2.099821904,-2.439269227,190
24100,5.972922104,0.888973052,-3.879269037,91
24104,1.862972374,-2.548886491,-1.835402726,158
24105,1.129455179,-1.287708114,-0.803707174,16
24106,2.719448838,-1.282141239,-2.151198597,34
24107,3.426820946,-2.58716269,-4.126006992,346
24108,2.932167798,-3.383957795,-4.388228534,147
24109,4.541935539,-0.661866429,-4.312789712,24
24110,5.805621994,0.016742271,-4.556484847,147
24111,2.38486612,-4.084393295,-4.479810187,346
24112,4.159377339,-1.792456545,-4.243933399,114
24113,1.788058159,-4.794773259,-4.444462521,346
24115,6.112374153,0.534631655,-4.401714915,80
24116,0.798787663,-1.944101168,-0.762646016,24
24117,0.974140892,-5.899463606,-4.564964051,346
24118,1.305498899,-5.765042971,-5.103519919,346
24119,0.414150888,-3.451196813,-1.165429556,80
24120,2.98143871,-0.987730604,-2.172647944,24
24121,1.827939679,-3.640067329,-2.889805758,114
24124,0.355966563,-7.011153615,-5.208843491,277
24127,3.606654993,-2.927587035,-5.048249452,99
24129,2.757948028,-4.043837458,-5.269629157,331
24130,2.160285333,-4.724439287,-5.158060601,331
24131,5.23317449,-0.932196143,-4.979592149,331
24132,3.945355436,-2.40279741,-4.796124577,164
24133,-0.355132203,-0.097687805,0.031186754,66
24134,0.568605251,-7.132435058,-6.113446508,331
24135,4.778605662,-1.429160667,-4.921880639,331
24138,1.935057631,-1.771551321,-1.166185915,66
24139,1.614833432,-5.61911015,-5.608530155,331
24145,-0.196597746,-7.639256412,-5.223602943,331
24146,1.634879758,-6.795188039,-6.407961984,295
24147,3.770878128,-3.680221825,-5.190358146,295
24148,2.992690801,-4.894504408,-5.775892949,295
24149,1.629878888,-3.861975222,-2.29300122,96
24150,1.619803782,-1.691874249,-0.838591498,64
24151,-0.090642499,-8.866577898,-6.545767977,295
24154,2.013186356,-2.23627186,-1.387515541,64
24156,0.982095976,-7.81581184,-6.945076931,295
24157,2.595231742,-5.637156321,-6.210421041,295
24158,0.366850664,-8.962514536,-7.580190749,295
24160,1.180928715,-1.444991313,-0.573409983,295
24163,7.545311669,0.842083793,-5.489894466,64
24165,4.211234554,-3.368976113,-5.66721426,295
24166,0.224182161,-3.727949693,-1.004383028,189
24167,6.39080801,-2.234515054,-6.330606037,260
24168,-0.862880292,-10.864062747,-7.56980786,260
24170,7.075431573,-1.667596927,-6.737001962,260
24171,2.693569384,-6.616150925,-6.548174211,260
24172,-0.724543517,-10.084571547,-6.093673744,260
24173,4.104643592,-5.417487844,-7.172873512,93
24174,4.63289482,-4.060660518,-6.213370889,260
24176,1.005443395,-9.256927555,-8.375498509,260
24177,1.963296838,-7.848175664,-7.67627974,260
24178,-1.679078379,-8.859468956,-6.613604329,62
24179,-0.531678665,-11.155407161,-8.765762472,260
24180,2.902475573,-1.877071088,-1.559862678,93
24181,1.453408357,-4.814124583,-2.365992111,260
24183,8.313042193,-0.117230653,-6.380010239,93
24184,-0.927880894,-9.580095533,-4.826676676,260
24185,-0.714555114,-8.239677074,-3.372689294,93
24186,-0.944386589,-4.8821839,-2.887027883,260
24188,4.296588102,-4.630527356,-6.594895921,260
24191,-0.210193462,-6.412351216,-2.176213172,260
24192,1.304262289,-2.858869765,-1.059340309,260
24200,5.057525557,-2.997100287,-4.020044557,60
24201,3.943369393,-6.916766712,-8.216572361,226
24203,1.385142087,-3.533112598,-3.949488369,226
24205,7.024347114,-2.842553359,-7.830945543,226
24206,0.825297093,-3.975151744,-1.157316854,60
24207,10.257779508,-0.261922709,-8.629133756,60
24208,-0.27246114,-5.531167422,-1.328004686,60
24210,6.01865775,-3.980043303,-7.523373589,120
24212,2.026607432,-6.871369514,-5.142361029,226
24213,2.412472457,-4.765588907,-3.030610923,87
24216,6.987490055,-0.139582221,-2.981488128,193
24222,2.181972189,-2.02414193,-0.918571498,193
24226,5.920256485,-4.873410008,-7.437564955,193
24227,9.999686849,-1.010560089,-8.481150992,193
24229,7.376906571,-1.17986716,-4.386708555,193
24230,7.369220522,-3.351831446,-7.569081701,193
24232,2.902025759,-1.229783924,-0.914429633,120
24235,1.997846196,-2.188862078,-0.880962766,193
24237,2.587561334,-3.628430664,-1.688250257,56
24239,5.086269591,-3.840299614,-3.181295436,161
24243,10.248278852,-2.358248189,-7.674527582,161
24244,7.586471039,-6.876584876,-10.210081792,161
24246,3.724501195,-4.084318719,-2.311378488,161
24249,7.489479797,-0.877396519,-3.014078632,161
24251,0.418895333,-1.463422064,-0.180740639,56
24252,-0.203436557,-0.109011103,0.023905639,56
24257,9.127441355,-3.696274493,-10.010080281,130
24258,3.46808816,-8.436002184,-7.600738796,130
24259,1.340339604,-3.382318026,-0.948174056,130
24261,3.58202477,-7.04538427,-5.595002487,130
24262,4.214519545,-6.242871831,-5.359463148,130
24263,5.407482783,-2.990882036,-3.39467239,130
24264,3.694853349,-1.922634683,-1.456087026,130
24265,10.363603498,-3.03128715,-11.067804773,130
24266,1.063228284,-10.438526337,-6.504577087,130
24267,7.359580521,-2.760564777,-5.31935693,130
24268,2.847875691,-9.927269159,-9.114864991,130
24269,11.362454938,-0.119339521,-7.431604473,130
24270,1.040338449,-4.219116185,-1.110841426,130
24272,1.698478819,-2.574659005,-0.717171207,59
24273,6.780397806,-4.845612813,-7.410249342,130
24274,0.007250301,0.022378001,-0.048005341,130
24281,10.137672491,-2.523361933,-9.566549883,130
24282,8.015618074,-4.28826947,-8.764981942,130
24283,2.132937926,-1.547412104,-0.639684586,57
24284,2.052040586,-3.832578745,-1.489605351,107
24287,12.479085238,-1.027442274,-11.985027014,130
24289,5.167448462,-7.824568679,-9.896105401,130
24290,10.12820663,-0.147371531,-5.607169746,130
24293,-0.314542533,-10.757253349,-4.89666367,130
24304,3.070282048,-9.49831938,-9.191970263,88
24305,8.612292112,0.40918321,-3.275380713,88
24306,0.047378815,-12.81166443,-9.964906092,88
